epoch,train_loss,validation_loss,lr,gpu_utillization,per_epoch_time
0,7.308142e+02,,5.000000e-07,100.00,101.608
1,6.743225e+02,,3.380000e-05,100.00,15.381
2,4.688129e+02,,6.710000e-05,100.00,14.147
3,2.901259e+02,,1.004000e-04,100.00,13.893
4,4.178430e+02,,1.337000e-04,100.00,13.888
5,4.120294e+02,,1.670000e-04,100.00,13.887
6,2.763608e+02,,2.003000e-04,100.00,13.873
7,2.667972e+02,,2.336000e-04,100.00,13.872
8,2.633365e+02,,2.669000e-04,100.00,13.872
9,1.400300e+02,,3.002000e-04,100.00,13.885
10,1.670609e+02,,3.335000e-04,100.00,13.885
11,1.515268e+02,,3.668000e-04,100.00,13.886
12,1.193957e+02,,4.001000e-04,100.00,13.885
13,1.023689e+02,,4.334000e-04,100.00,13.877
14,9.058761e+01,,4.667000e-04,100.00,13.877
15,8.579664e+01,,5.000000e-04,100.00,13.882
16,7.587729e+01,,4.998766e-04,100.00,13.882
17,5.657316e+01,,4.995067e-04,100.00,13.880
18,6.199344e+01,,4.988905e-04,100.00,13.879
19,4.685333e+01,,4.980287e-04,100.00,13.882
20,4.101858e+01,,4.969221e-04,100.00,13.879
21,4.324762e+01,,4.955718e-04,100.00,13.885
22,3.486483e+01,,4.939792e-04,100.00,13.801
23,3.181553e+01,,4.921458e-04,100.00,13.763
24,3.035368e+01,,4.900734e-04,100.00,13.764
25,2.690146e+01,,4.877641e-04,100.00,13.444
26,2.687320e+01,,4.852202e-04,100.00,13.409
27,2.428269e+01,,4.824441e-04,100.00,13.408
28,2.291229e+01,,4.794387e-04,100.00,13.411
29,2.084293e+01,,4.762068e-04,100.00,13.416
30,1.976615e+01,,4.727516e-04,100.00,13.576
31,1.883169e+01,,4.690767e-04,100.00,13.561
32,1.793174e+01,,4.651855e-04,100.00,13.554
33,1.709921e+01,,4.610820e-04,100.00,13.650
34,1.611972e+01,,4.567701e-04,100.00,13.567
35,1.521662e+01,,4.522542e-04,100.00,13.561
36,1.500810e+01,,4.475388e-04,100.00,13.586
37,1.468781e+01,,4.426283e-04,100.00,13.582
38,1.403776e+01,,4.375278e-04,100.00,13.456
39,1.373380e+01,,4.322422e-04,100.00,13.414
40,1.280490e+01,,4.267767e-04,100.00,13.740
41,1.271881e+01,,4.211368e-04,100.00,13.875
42,1.227254e+01,,4.153280e-04,100.00,13.811
43,1.151130e+01,,4.093560e-04,100.00,13.776
44,1.211030e+01,,4.032268e-04,100.00,13.777
45,1.110169e+01,,3.969463e-04,100.00,13.781
46,1.047030e+01,,3.905208e-04,100.00,13.776
47,1.023625e+01,,3.839567e-04,100.00,13.781
48,1.028839e+01,,3.772604e-04,100.00,13.771
49,1.118284e+01,1.158889e+01,3.704384e-04,4.00,31.268
50,1.080571e+01,,3.634976e-04,100.00,13.953
51,9.848030e+00,,3.564448e-04,100.00,13.802
52,9.874055e+00,,3.492870e-04,100.00,13.863
53,1.030599e+01,,3.420311e-04,100.00,13.799
54,9.424724e+00,,3.346845e-04,100.00,13.764
55,9.673482e+00,,3.272542e-04,100.00,13.768
56,9.343975e+00,,3.197478e-04,100.00,13.760
57,9.378023e+00,,3.121725e-04,100.00,13.762
58,9.245173e+00,,3.045358e-04,100.00,13.759
59,9.093243e+00,,2.968453e-04,100.00,13.793
60,8.637020e+00,,2.891086e-04,100.00,13.897
61,8.773040e+00,,2.813333e-04,100.00,13.757
62,8.722165e+00,,2.735271e-04,100.00,13.757
63,8.453588e+00,,2.656976e-04,100.00,13.759
64,8.337159e+00,,2.578527e-04,100.00,13.774
65,7.670644e+00,,2.500000e-04,100.00,13.823
66,7.761241e+00,,2.421473e-04,100.00,13.762
67,8.494041e+00,,2.343024e-04,100.00,13.746
68,7.556124e+00,,2.264729e-04,100.00,13.736
69,8.266585e+00,,2.186667e-04,100.00,13.725
70,7.581784e+00,,2.108914e-04,100.00,13.731
71,7.781034e+00,,2.031547e-04,100.00,13.726
72,7.296225e+00,,1.954642e-04,100.00,13.728
73,7.329938e+00,,1.878275e-04,100.00,13.732
74,7.536465e+00,,1.802522e-04,100.00,13.739
75,6.962095e+00,,1.727458e-04,100.00,13.735
76,7.232892e+00,,1.653155e-04,100.00,13.731
77,7.170870e+00,,1.579689e-04,100.00,13.729
78,6.969645e+00,,1.507130e-04,100.00,13.628
79,6.974094e+00,,1.435552e-04,100.00,13.561
80,6.915548e+00,,1.365024e-04,100.00,13.559
81,6.859690e+00,,1.295616e-04,100.00,13.729
82,6.664821e+00,,1.227396e-04,100.00,13.740
83,6.747459e+00,,1.160433e-04,100.00,13.741
84,6.674695e+00,,1.094792e-04,100.00,13.757
85,6.528585e+00,,1.030537e-04,100.00,13.945
86,6.402826e+00,,9.677324e-05,100.00,14.016
87,6.516469e+00,,9.064400e-05,100.00,13.843
88,6.285430e+00,,8.467203e-05,100.00,13.847
89,6.348278e+00,,7.886322e-05,100.00,13.840
90,6.424161e+00,,7.322330e-05,100.00,13.600
91,6.352016e+00,,6.775784e-05,100.00,13.562
92,6.248564e+00,,6.247223e-05,100.00,13.562
93,6.294993e+00,,5.737169e-05,100.00,13.559
94,6.276803e+00,,5.246125e-05,100.00,13.559
95,6.321949e+00,,4.774575e-05,100.00,13.561
96,6.272811e+00,,4.322986e-05,100.00,13.562
97,6.331455e+00,,3.891802e-05,100.00,13.560
98,6.248220e+00,,3.481449e-05,100.00,13.557
99,6.107772e+00,6.098198e+00,3.092333e-05,65.00,16.297
100,6.215951e+00,,2.724837e-05,100.00,13.790
101,6.221420e+00,,2.379324e-05,100.00,13.805
102,6.158494e+00,,2.056134e-05,100.00,13.854
103,6.261881e+00,,1.755588e-05,100.00,13.853
104,6.111000e+00,,1.477981e-05,100.00,13.856
105,6.146151e+00,,1.223587e-05,100.00,13.853
106,6.198327e+00,,9.926579e-06,100.00,13.677
107,6.203073e+00,,7.854210e-06,100.00,13.797
108,6.228607e+00,,6.020810e-06,100.00,13.744
109,6.056741e+00,,4.428187e-06,100.00,13.749
110,6.127422e+00,,3.077915e-06,100.00,13.742
111,6.123349e+00,,1.971325e-06,100.00,13.750
112,6.101358e+00,,1.109509e-06,100.00,13.753
113,6.185794e+00,,4.933179e-07,100.00,13.753
114,6.185733e+00,,1.233599e-07,100.00,13.758
115,6.120601e+00,,5.000000e-04,100.00,13.756
116,1.946748e+01,,4.999692e-04,100.00,13.754
117,3.152356e+01,,4.998766e-04,100.00,13.754
118,4.238425e+01,,4.997225e-04,100.00,13.754
119,6.702215e+01,,4.995067e-04,100.00,13.753
120,3.731060e+01,,4.992293e-04,100.00,13.753
121,2.966935e+01,,4.988905e-04,100.00,13.760
122,3.407422e+01,,4.984902e-04,100.00,13.760
123,1.358338e+01,,4.980287e-04,100.00,13.761
124,2.446334e+01,,4.975059e-04,100.00,13.758
125,2.459415e+01,,4.969221e-04,100.00,13.755
126,1.661637e+01,,4.962773e-04,100.00,13.858
127,1.833681e+01,,4.955718e-04,100.00,13.858
128,2.819162e+01,,4.948057e-04,100.00,13.748
129,1.189523e+01,,4.939792e-04,100.00,13.751
130,1.481347e+01,,4.930925e-04,100.00,13.759
131,1.652125e+01,,4.921458e-04,100.00,13.765
132,2.397539e+01,,4.911394e-04,100.00,13.758
133,1.329279e+01,,4.900734e-04,100.00,13.756
134,1.755090e+01,,4.889483e-04,100.00,13.757
135,1.540576e+01,,4.877641e-04,100.00,13.760
136,1.647613e+01,,4.865213e-04,100.00,13.767
137,1.321680e+01,,4.852202e-04,100.00,13.763
138,1.299925e+01,,4.838610e-04,100.00,13.761
139,1.167488e+01,,4.824441e-04,100.00,13.756
140,1.399569e+01,,4.809699e-04,100.00,13.923
141,1.309442e+01,,4.794387e-04,100.00,13.753
142,1.082414e+01,,4.778508e-04,100.00,13.754
143,1.120021e+01,,4.762068e-04,100.00,13.810
144,1.278591e+01,,4.745069e-04,100.00,13.838
145,1.149714e+01,,4.727516e-04,100.00,13.849
146,1.112832e+01,,4.709414e-04,100.00,13.851
147,1.132172e+01,,4.690767e-04,100.00,13.847
148,1.126020e+01,,4.671579e-04,100.00,13.850
149,1.050544e+01,8.636521e+00,4.651855e-04,13.00,16.224
150,1.027077e+01,,4.631600e-04,100.00,13.855
151,1.109928e+01,,4.610820e-04,100.00,13.863
152,9.967137e+00,,4.589518e-04,100.00,13.862
153,9.807927e+00,,4.567701e-04,100.00,13.858
154,1.069585e+01,,4.545374e-04,100.00,13.848
155,1.025832e+01,,4.522542e-04,100.00,13.854
156,8.572304e+00,,4.499212e-04,100.00,13.852
157,9.181000e+00,,4.475388e-04,100.00,13.794
158,1.049490e+01,,4.451076e-04,100.00,13.747
159,9.695941e+00,,4.426283e-04,100.00,13.744
160,8.349651e+00,,4.401015e-04,100.00,13.741
161,9.375060e+00,,4.375278e-04,100.00,13.741
162,9.089529e+00,,4.349078e-04,100.00,13.747
163,7.623309e+00,,4.322422e-04,100.00,13.744
164,7.969695e+00,,4.295316e-04,100.00,13.744
165,9.173506e+00,,4.267767e-04,100.00,13.744
166,8.083493e+00,,4.239782e-04,100.00,13.745
167,7.965379e+00,,4.211368e-04,100.00,13.821
168,8.323741e+00,,4.182531e-04,100.00,13.821
169,8.022664e+00,,4.153280e-04,100.00,13.754
170,8.116047e+00,,4.123620e-04,100.00,13.744
171,8.204561e+00,,4.093560e-04,100.00,13.748
172,7.729771e+00,,4.063107e-04,100.00,13.746
173,7.975631e+00,,4.032268e-04,100.00,13.751
174,7.734326e+00,,4.001051e-04,100.00,13.748
175,7.351999e+00,,3.969463e-04,100.00,13.752
176,7.936588e+00,,3.937513e-04,100.00,13.749
177,8.085718e+00,,3.905208e-04,100.00,13.752
178,7.537303e+00,,3.872557e-04,100.00,13.747
179,7.375272e+00,,3.839567e-04,100.00,13.746
180,7.344628e+00,,3.806246e-04,100.00,13.741
181,6.859493e+00,,3.772604e-04,100.00,13.745
182,6.772228e+00,,3.738647e-04,100.00,13.751
183,7.081722e+00,,3.704384e-04,100.00,13.746
184,6.829236e+00,,3.669825e-04,100.00,13.744
185,6.359951e+00,,3.634976e-04,100.00,13.745
186,6.890799e+00,,3.599848e-04,100.00,13.746
187,6.687842e+00,,3.564448e-04,100.00,13.745
188,6.577327e+00,,3.528786e-04,100.00,13.748
189,6.687457e+00,,3.492870e-04,100.00,13.747
190,6.408473e+00,,3.456709e-04,100.00,13.745
191,6.436634e+00,,3.420311e-04,100.00,13.745
192,6.942369e+00,,3.383687e-04,100.00,13.749
193,6.552540e+00,,3.346845e-04,100.00,13.746
194,6.023947e+00,,3.309794e-04,100.00,13.746
195,6.701130e+00,,3.272542e-04,100.00,13.749
196,6.089353e+00,,3.235101e-04,100.00,13.746
197,6.024168e+00,,3.197478e-04,100.00,13.747
198,5.973591e+00,,3.159683e-04,100.00,13.745
199,5.785056e+00,5.237745e+00,3.121725e-04,65.00,16.185
200,5.583573e+00,,3.083613e-04,100.00,13.742
201,5.969843e+00,,3.045358e-04,100.00,13.744
202,5.593528e+00,,3.006968e-04,100.00,13.755
203,5.569147e+00,,2.968453e-04,100.00,13.757
204,5.518422e+00,,2.929823e-04,100.00,13.755
205,5.826834e+00,,2.891086e-04,100.00,13.753
206,5.483257e+00,,2.852253e-04,100.00,13.747
207,5.423936e+00,,2.813333e-04,100.00,13.750
208,5.309850e+00,,2.774336e-04,100.00,13.746
209,5.069373e+00,,2.735271e-04,100.00,13.748
210,5.087010e+00,,2.696148e-04,100.00,13.749
211,5.019462e+00,,2.656976e-04,100.00,13.748
212,4.615101e+00,,2.617766e-04,100.00,13.745
213,4.618974e+00,,2.578527e-04,100.00,13.749
214,4.902226e+00,,2.539268e-04,100.00,13.749
215,4.775893e+00,,2.500000e-04,100.00,13.749
216,4.489574e+00,,2.460732e-04,100.00,13.746
217,4.441277e+00,,2.421473e-04,100.00,13.745
218,4.639783e+00,,2.382234e-04,100.00,13.752
219,4.382854e+00,,2.343024e-04,100.00,13.748
220,4.231867e+00,,2.303852e-04,100.00,13.748
221,4.358286e+00,,2.264729e-04,100.00,13.750
222,4.361785e+00,,2.225664e-04,100.00,13.746
223,4.147367e+00,,2.186667e-04,100.00,13.750
224,3.995735e+00,,2.147747e-04,100.00,13.749
225,4.086655e+00,,2.108914e-04,100.00,13.748
226,4.095906e+00,,2.070177e-04,100.00,13.746
227,4.087862e+00,,2.031547e-04,100.00,13.749
228,3.935302e+00,,1.993032e-04,100.00,13.746
229,3.763206e+00,,1.954642e-04,100.00,13.746
230,3.845297e+00,,1.916387e-04,100.00,13.746
231,3.861620e+00,,1.878275e-04,100.00,13.750
232,3.762998e+00,,1.840317e-04,100.00,13.752
233,3.730142e+00,,1.802522e-04,100.00,13.750
234,3.627049e+00,,1.764899e-04,100.00,13.747
235,3.641536e+00,,1.727458e-04,100.00,13.743
236,3.711822e+00,,1.690206e-04,100.00,13.742
237,3.618540e+00,,1.653155e-04,100.00,13.738
238,3.218351e+00,,1.616313e-04,100.00,13.739
239,3.224263e+00,,1.579689e-04,100.00,13.740
240,3.201125e+00,,1.543291e-04,100.00,13.741
241,3.371660e+00,,1.507130e-04,100.00,13.739
242,3.475165e+00,,1.471214e-04,100.00,13.739
243,3.349470e+00,,1.435552e-04,100.00,13.741
244,3.215992e+00,,1.400152e-04,100.00,13.740
245,3.016196e+00,,1.365024e-04,100.00,13.739
246,2.936972e+00,,1.330175e-04,100.00,13.742
247,2.878779e+00,,1.295616e-04,100.00,13.737
248,2.855375e+00,,1.261353e-04,100.00,13.740
249,2.844956e+00,2.769661e+00,1.227396e-04,17.00,16.267
250,2.836077e+00,,1.193754e-04,100.00,13.807
251,2.856913e+00,,1.160433e-04,100.00,13.772
252,2.825534e+00,,1.127443e-04,100.00,13.784
253,2.871872e+00,,1.094792e-04,100.00,13.902
254,2.876194e+00,,1.062487e-04,100.00,13.841
255,2.778720e+00,,1.030537e-04,100.00,13.861
256,2.745897e+00,,9.989494e-05,100.00,13.866
257,2.696272e+00,,9.677324e-05,100.00,13.865
258,2.673570e+00,,9.368934e-05,100.00,13.863
259,2.614435e+00,,9.064400e-05,100.00,13.860
260,2.641063e+00,,8.763799e-05,100.00,13.854
261,2.532510e+00,,8.467203e-05,100.00,13.856
262,2.584928e+00,,8.174687e-05,100.00,13.855
263,2.534006e+00,,7.886322e-05,100.00,13.857
264,2.504007e+00,,7.602180e-05,100.00,13.857
265,2.521210e+00,,7.322330e-05,100.00,13.856
266,2.497999e+00,,7.046843e-05,100.00,13.866
267,2.506659e+00,,6.775784e-05,100.00,13.864
268,2.541578e+00,,6.509223e-05,100.00,13.862
269,2.479873e+00,,6.247223e-05,100.00,13.862
270,2.547085e+00,,5.989851e-05,100.00,13.862
271,2.518878e+00,,5.737169e-05,100.00,13.861
272,2.538170e+00,,5.489240e-05,100.00,13.862
273,2.513886e+00,,5.246125e-05,100.00,13.863
274,2.492731e+00,,5.007884e-05,100.00,13.861
275,2.513976e+00,,4.774575e-05,100.00,13.861
276,2.494825e+00,,4.546257e-05,100.00,13.863
277,2.444185e+00,,4.322986e-05,100.00,13.859
278,2.518120e+00,,4.104816e-05,100.00,13.861
279,2.467930e+00,,3.891802e-05,100.00,13.863
280,2.452597e+00,,3.683996e-05,100.00,13.863
281,2.466349e+00,,3.481449e-05,100.00,13.858
282,2.438663e+00,,3.284212e-05,100.00,13.862
283,2.529089e+00,,3.092333e-05,100.00,13.862
284,2.428949e+00,,2.905859e-05,100.00,13.862
285,2.490345e+00,,2.724837e-05,100.00,13.861
286,2.483824e+00,,2.549311e-05,100.00,13.862
287,2.494618e+00,,2.379324e-05,100.00,13.863
288,2.431834e+00,,2.214918e-05,100.00,13.860
289,2.451525e+00,,2.056134e-05,100.00,13.857
290,2.439693e+00,,1.903012e-05,100.00,13.823
291,2.456736e+00,,1.755588e-05,100.00,13.785
292,2.440374e+00,,1.613899e-05,100.00,13.792
293,2.436788e+00,,1.477981e-05,100.00,13.786
294,2.483198e+00,,1.347866e-05,100.00,13.781
295,2.467622e+00,,1.223587e-05,100.00,13.782
296,2.500084e+00,,1.105175e-05,100.00,13.787
297,2.481241e+00,,9.926579e-06,100.00,13.788
298,2.421314e+00,,8.860645e-06,100.00,13.787
299,2.504021e+00,2.442441e+00,7.854210e-06,24.00,16.230
300,2.485835e+00,,6.907520e-06,100.00,13.790
301,2.435470e+00,,6.020810e-06,100.00,13.786
302,2.430923e+00,,5.194297e-06,100.00,13.787
303,2.429946e+00,,4.428187e-06,100.00,13.786
304,2.404335e+00,,3.722668e-06,100.00,13.815
305,2.485266e+00,,3.077915e-06,100.00,13.869
306,2.490338e+00,,2.494086e-06,100.00,13.867
307,2.428502e+00,,1.971325e-06,100.00,13.868
308,2.480350e+00,,1.509761e-06,100.00,13.868
309,2.481567e+00,,1.109509e-06,100.00,13.868
310,2.432247e+00,,7.706666e-07,100.00,13.867
311,2.438004e+00,,4.933179e-07,100.00,13.866
312,2.462014e+00,,2.775313e-07,100.00,13.868
313,2.433174e+00,,1.233599e-07,100.00,13.779
314,2.442415e+00,,3.084188e-08,100.00,13.772
315,2.573559e+00,,5.000000e-04,100.00,13.777
316,5.696682e+00,,4.999923e-04,100.00,13.768
317,5.849412e+00,,4.999692e-04,100.00,13.766
318,5.646706e+00,,4.999306e-04,100.00,13.768
319,4.830663e+00,,4.998766e-04,100.00,13.767
320,5.701289e+00,,4.998073e-04,100.00,13.764
321,5.150767e+00,,4.997225e-04,100.00,13.764
322,5.722420e+00,,4.996223e-04,100.00,13.762
323,4.667106e+00,,4.995067e-04,100.00,13.758
324,7.220510e+00,,4.993757e-04,100.00,13.753
325,6.965668e+00,,4.992293e-04,100.00,13.751
326,6.856941e+00,,4.990676e-04,100.00,13.755
327,5.588270e+00,,4.988905e-04,100.00,13.752
328,6.522493e+00,,4.986980e-04,100.00,13.754
329,8.842588e+00,,4.984902e-04,100.00,13.753
330,9.064809e+00,,4.982671e-04,100.00,13.749
331,1.440881e+01,,4.980287e-04,100.00,13.753
332,1.042872e+01,,4.977749e-04,100.00,13.754
333,1.175175e+01,,4.975059e-04,100.00,13.751
334,8.995435e+00,,4.972216e-04,100.00,13.751
335,1.767880e+01,,4.969221e-04,100.00,13.754
336,1.303978e+01,,4.966073e-04,100.00,13.752
337,1.845978e+01,,4.962773e-04,100.00,13.754
338,1.549268e+01,,4.959322e-04,100.00,13.752
339,1.168448e+01,,4.955718e-04,100.00,13.752
340,1.225762e+01,,4.951963e-04,100.00,13.753
341,1.978513e+01,,4.948057e-04,100.00,13.754
342,1.171329e+01,,4.944000e-04,100.00,13.753
343,9.804081e+00,,4.939792e-04,100.00,13.751
344,1.780038e+01,,4.935433e-04,100.00,13.754
345,1.177198e+01,,4.930925e-04,100.00,13.756
346,1.261060e+01,,4.926266e-04,100.00,13.753
347,1.367330e+01,,4.921458e-04,100.00,13.755
348,1.052566e+01,,4.916500e-04,100.00,13.753
349,1.220011e+01,1.369896e+01,4.911394e-04,15.00,16.064
350,1.548924e+01,,4.906138e-04,100.00,13.756
351,1.024123e+01,,4.900734e-04,100.00,13.753
352,1.073941e+01,,4.895182e-04,100.00,13.755
353,1.329011e+01,,4.889483e-04,100.00,13.754
354,9.920341e+00,,4.883635e-04,100.00,13.752
355,1.210351e+01,,4.877641e-04,100.00,13.756
356,1.391216e+01,,4.871500e-04,100.00,13.756
357,1.172728e+01,,4.865213e-04,100.00,13.755
358,1.025733e+01,,4.858780e-04,100.00,13.755
359,1.274504e+01,,4.852202e-04,100.00,13.754
360,1.081586e+01,,4.845478e-04,100.00,13.752
361,1.037425e+01,,4.838610e-04,100.00,13.755
362,8.412562e+00,,4.831598e-04,100.00,13.752
363,6.900965e+00,,4.824441e-04,100.00,13.754
364,7.437028e+00,,4.817141e-04,100.00,13.750
365,6.266509e+00,,4.809699e-04,100.00,13.754
366,6.353026e+00,,4.802114e-04,100.00,13.754
367,8.007225e+00,,4.794387e-04,100.00,13.755
368,5.887113e+00,,4.786518e-04,100.00,13.753
369,4.936494e+00,,4.778508e-04,100.00,13.754
370,5.540412e+00,,4.770358e-04,100.00,13.757
371,6.590468e+00,,4.762068e-04,100.00,13.755
372,7.717040e+00,,4.753638e-04,100.00,13.755
373,7.023274e+00,,4.745069e-04,100.00,13.753
374,7.286096e+00,,4.736362e-04,100.00,13.754
375,6.295434e+00,,4.727516e-04,100.00,13.755
376,6.795010e+00,,4.718534e-04,100.00,13.751
377,7.038483e+00,,4.709414e-04,100.00,13.757
378,6.586964e+00,,4.700158e-04,100.00,13.752
379,7.945187e+00,,4.690767e-04,100.00,13.434
380,5.782846e+00,,4.681240e-04,100.00,13.407
381,6.293070e+00,,4.671579e-04,100.00,13.409
382,6.348996e+00,,4.661784e-04,100.00,13.408
383,5.904899e+00,,4.651855e-04,100.00,13.410
384,6.623663e+00,,4.641794e-04,100.00,13.409
385,6.741122e+00,,4.631600e-04,100.00,13.407
386,5.519082e+00,,4.621276e-04,100.00,13.408
387,6.060687e+00,,4.610820e-04,100.00,13.408
388,5.737502e+00,,4.600234e-04,100.00,13.412
389,5.796775e+00,,4.589518e-04,100.00,13.409
390,6.891583e+00,,4.578674e-04,100.00,13.409
391,7.433559e+00,,4.567701e-04,100.00,13.408
392,4.540859e+00,,4.556601e-04,100.00,13.410
393,6.217294e+00,,4.545374e-04,100.00,13.410
394,5.450321e+00,,4.534021e-04,100.00,13.407
395,4.782298e+00,,4.522542e-04,100.00,13.408
396,6.083503e+00,,4.510939e-04,100.00,13.408
397,6.856703e+00,,4.499212e-04,100.00,13.411
398,5.466624e+00,,4.487361e-04,100.00,13.411
399,4.880279e+00,5.818693e+00,4.475388e-04,15.00,15.656
400,5.660538e+00,,4.463292e-04,100.00,13.618
401,5.467680e+00,,4.451076e-04,100.00,13.857
402,6.497404e+00,,4.438739e-04,100.00,13.855
403,5.430049e+00,,4.426283e-04,100.00,13.866
404,5.605663e+00,,4.413708e-04,100.00,13.531
405,5.248243e+00,,4.401015e-04,100.00,13.408
406,4.350975e+00,,4.388205e-04,100.00,13.405
407,6.259344e+00,,4.375278e-04,100.00,13.405
408,5.394961e+00,,4.362235e-04,100.00,13.402
409,5.304245e+00,,4.349078e-04,100.00,13.429
410,6.573184e+00,,4.335806e-04,100.00,13.867
411,3.602036e+00,,4.322422e-04,100.00,13.868
412,3.725311e+00,,4.308924e-04,100.00,13.865
413,5.943279e+00,,4.295316e-04,100.00,13.866
414,5.791124e+00,,4.281596e-04,100.00,13.868
415,3.973666e+00,,4.267767e-04,100.00,13.865
416,5.718847e+00,,4.253829e-04,100.00,13.865
417,5.203722e+00,,4.239782e-04,100.00,13.865
418,4.091335e+00,,4.225628e-04,100.00,13.867
419,5.791139e+00,,4.211368e-04,100.00,13.865
420,4.778962e+00,,4.197002e-04,100.00,13.866
421,4.524901e+00,,4.182531e-04,100.00,13.867
422,6.075879e+00,,4.167957e-04,100.00,13.864
423,3.469335e+00,,4.153280e-04,100.00,13.868
424,3.997842e+00,,4.138500e-04,100.00,13.870
425,6.060350e+00,,4.123620e-04,100.00,13.866
426,4.106161e+00,,4.108640e-04,100.00,13.865
427,4.176428e+00,,4.093560e-04,100.00,13.869
428,5.659604e+00,,4.078382e-04,100.00,13.870
429,4.323071e+00,,4.063107e-04,100.00,13.865
430,2.775825e+00,,4.047735e-04,100.00,13.868
431,4.364763e+00,,4.032268e-04,100.00,13.867
432,6.100360e+00,,4.016706e-04,100.00,13.867
433,3.023940e+00,,4.001051e-04,100.00,13.867
434,2.931797e+00,,3.985303e-04,100.00,13.865
435,4.427612e+00,,3.969463e-04,100.00,13.867
436,4.817866e+00,,3.953533e-04,100.00,13.870
437,3.486630e+00,,3.937513e-04,100.00,13.864
438,3.544756e+00,,3.921405e-04,100.00,13.866
439,4.455617e+00,,3.905208e-04,100.00,13.866
440,4.602966e+00,,3.888926e-04,100.00,13.871
441,3.773007e+00,,3.872557e-04,100.00,13.548
442,4.059466e+00,,3.856104e-04,100.00,13.400
443,4.276408e+00,,3.839567e-04,100.00,13.398
444,4.085720e+00,,3.822948e-04,100.00,13.402
445,3.838856e+00,,3.806246e-04,100.00,13.399
446,4.090629e+00,,3.789465e-04,100.00,13.400
447,4.247425e+00,,3.772604e-04,100.00,13.857
448,3.535276e+00,,3.755664e-04,100.00,13.861
449,3.635627e+00,4.946219e+00,3.738647e-04,12.00,16.190
450,4.525715e+00,,3.721553e-04,100.00,13.652
451,3.366433e+00,,3.704384e-04,100.00,13.437
452,3.839590e+00,,3.687141e-04,100.00,13.854
453,3.666396e+00,,3.669825e-04,100.00,13.864
454,4.123693e+00,,3.652436e-04,100.00,13.862
455,3.418311e+00,,3.634976e-04,100.00,13.866
456,3.779824e+00,,3.617447e-04,100.00,13.865
457,3.565706e+00,,3.599848e-04,100.00,13.867
458,3.556114e+00,,3.582181e-04,100.00,13.863
459,3.733214e+00,,3.564448e-04,100.00,13.865
460,3.435675e+00,,3.546649e-04,100.00,13.866
461,4.198876e+00,,3.528786e-04,100.00,13.868
462,2.816916e+00,,3.510859e-04,100.00,13.868
463,3.539497e+00,,3.492870e-04,100.00,13.866
464,4.183376e+00,,3.474819e-04,100.00,13.867
465,2.883644e+00,,3.456709e-04,100.00,13.865
466,3.363469e+00,,3.438539e-04,100.00,13.867
467,4.057039e+00,,3.420311e-04,100.00,13.865
468,3.061222e+00,,3.402027e-04,100.00,13.868
469,3.883199e+00,,3.383687e-04,100.00,13.865
470,3.224514e+00,,3.365293e-04,100.00,13.866
471,3.263370e+00,,3.346845e-04,100.00,13.865
472,4.036841e+00,,3.328345e-04,100.00,13.870
473,2.673976e+00,,3.309794e-04,100.00,13.865
474,3.493662e+00,,3.291192e-04,100.00,13.863
475,3.645799e+00,,3.272542e-04,100.00,13.868
476,2.477747e+00,,3.253845e-04,100.00,13.867
477,3.370064e+00,,3.235101e-04,100.00,13.865
478,4.199667e+00,,3.216311e-04,100.00,13.867
479,2.309509e+00,,3.197478e-04,100.00,13.868
480,2.503174e+00,,3.178601e-04,100.00,13.864
481,3.742040e+00,,3.159683e-04,100.00,13.862
482,3.438897e+00,,3.140723e-04,100.00,13.868
483,2.844208e+00,,3.121725e-04,100.00,13.866
484,2.946937e+00,,3.102688e-04,100.00,13.865
485,3.511191e+00,,3.083613e-04,100.00,13.862
486,2.882980e+00,,3.064503e-04,100.00,13.864
487,2.863553e+00,,3.045358e-04,100.00,13.863
488,3.532786e+00,,3.026179e-04,100.00,13.866
489,2.938633e+00,,3.006968e-04,100.00,13.864
490,3.104948e+00,,2.987726e-04,100.00,13.863
491,3.527139e+00,,2.968453e-04,100.00,13.861
492,2.524520e+00,,2.949152e-04,100.00,13.867
493,2.646930e+00,,2.929823e-04,100.00,13.864
494,3.376809e+00,,2.910467e-04,100.00,13.864
495,3.096175e+00,,2.891086e-04,100.00,13.864
496,2.698161e+00,,2.871681e-04,100.00,13.867
497,2.655790e+00,,2.852253e-04,100.00,13.863
498,3.282265e+00,,2.832803e-04,100.00,13.863
499,2.728765e+00,3.144900e+00,2.813333e-04,13.00,16.041
500,2.799696e+00,,2.793843e-04,100.00,13.401
501,3.181115e+00,,2.774336e-04,100.00,13.393
502,2.222835e+00,,2.754811e-04,100.00,13.394
503,2.815359e+00,,2.735271e-04,100.00,13.390
504,3.372651e+00,,2.715716e-04,100.00,13.392
505,2.239880e+00,,2.696148e-04,100.00,13.392
506,2.561681e+00,,2.676567e-04,100.00,13.395
507,3.233807e+00,,2.656976e-04,100.00,13.390
508,2.577322e+00,,2.637375e-04,100.00,13.610
509,2.366913e+00,,2.617766e-04,100.00,13.859
510,2.911708e+00,,2.598150e-04,100.00,13.853
511,2.831358e+00,,2.578527e-04,100.00,13.855
512,2.479212e+00,,2.558899e-04,100.00,13.851
513,2.643190e+00,,2.539268e-04,100.00,13.851
514,2.742771e+00,,2.519635e-04,100.00,13.853
515,2.453633e+00,,2.500000e-04,100.00,13.852
516,2.295867e+00,,2.480365e-04,100.00,13.849
517,2.690520e+00,,2.460732e-04,100.00,13.851
518,2.564074e+00,,2.441101e-04,100.00,13.851
519,2.513739e+00,,2.421473e-04,100.00,13.851
520,2.321584e+00,,2.401850e-04,100.00,13.853
521,2.273118e+00,,2.382234e-04,100.00,13.850
522,2.702082e+00,,2.362625e-04,100.00,13.851
523,2.319979e+00,,2.343024e-04,100.00,13.851
524,2.179413e+00,,2.323433e-04,100.00,13.851
525,2.537961e+00,,2.303852e-04,100.00,13.852
526,2.338661e+00,,2.284284e-04,100.00,13.850
527,2.358550e+00,,2.264729e-04,100.00,13.852
528,2.248256e+00,,2.245189e-04,100.00,13.852
529,2.706611e+00,,2.225664e-04,100.00,13.850
530,2.354792e+00,,2.206157e-04,100.00,13.739
531,2.172860e+00,,2.186667e-04,100.00,13.377
532,2.364965e+00,,2.167197e-04,100.00,13.383
533,2.282388e+00,,2.147747e-04,100.00,13.406
534,2.130250e+00,,2.128319e-04,100.00,13.418
535,2.323797e+00,,2.108914e-04,100.00,13.410
536,2.233352e+00,,2.089533e-04,100.00,13.660
537,2.017648e+00,,2.070177e-04,100.00,13.862
538,2.355973e+00,,2.050848e-04,100.00,13.862
539,2.222720e+00,,2.031547e-04,100.00,13.861
540,2.270969e+00,,2.012274e-04,100.00,13.864
541,2.114748e+00,,1.993032e-04,100.00,13.859
542,2.172071e+00,,1.973821e-04,100.00,13.860
543,2.038974e+00,,1.954642e-04,100.00,13.542
544,2.173624e+00,,1.935497e-04,100.00,13.418
545,2.114541e+00,,1.916387e-04,100.00,13.414
546,2.021578e+00,,1.897312e-04,100.00,13.408
547,2.043546e+00,,1.878275e-04,100.00,13.405
548,2.249493e+00,,1.859277e-04,100.00,13.424
549,2.098793e+00,1.969679e+00,1.840317e-04,15.00,16.325
550,1.867117e+00,,1.821399e-04,100.00,13.868
551,1.968573e+00,,1.802522e-04,100.00,13.865
552,2.198463e+00,,1.783689e-04,100.00,13.869
553,2.067721e+00,,1.764899e-04,100.00,13.873
554,1.808187e+00,,1.746155e-04,100.00,13.868
555,2.023074e+00,,1.727458e-04,100.00,13.682
556,1.998072e+00,,1.708808e-04,100.00,13.414
557,1.726170e+00,,1.690206e-04,100.00,13.419
558,1.925613e+00,,1.671655e-04,100.00,13.413
559,2.217126e+00,,1.653155e-04,100.00,13.414
560,1.765701e+00,,1.634707e-04,100.00,13.414
561,1.674587e+00,,1.616313e-04,100.00,13.412
562,1.779263e+00,,1.597973e-04,100.00,13.415
563,2.060403e+00,,1.579689e-04,100.00,13.414
564,1.961689e+00,,1.561461e-04,100.00,13.414
565,1.683124e+00,,1.543291e-04,100.00,13.411
566,1.659015e+00,,1.525181e-04,100.00,13.414
567,1.830234e+00,,1.507130e-04,100.00,13.406
568,2.173295e+00,,1.489141e-04,100.00,13.404
569,1.682415e+00,,1.471214e-04,100.00,13.398
570,1.664335e+00,,1.453351e-04,100.00,13.400
571,1.681655e+00,,1.435552e-04,100.00,13.401
572,1.867666e+00,,1.417819e-04,100.00,13.405
573,1.713178e+00,,1.400152e-04,100.00,13.421
574,1.762310e+00,,1.382553e-04,100.00,13.875
575,1.644716e+00,,1.365024e-04,100.00,13.876
576,1.668045e+00,,1.347564e-04,100.00,13.873
577,1.840589e+00,,1.330175e-04,100.00,13.873
578,1.711413e+00,,1.312859e-04,100.00,13.875
579,1.538735e+00,,1.295616e-04,100.00,13.877
580,1.509239e+00,,1.278447e-04,100.00,13.751
581,1.586163e+00,,1.261353e-04,100.00,13.427
582,1.698028e+00,,1.244336e-04,100.00,13.425
583,1.767300e+00,,1.227396e-04,100.00,13.426
584,1.657564e+00,,1.210535e-04,100.00,13.425
585,1.533203e+00,,1.193754e-04,100.00,13.426
586,1.474492e+00,,1.177052e-04,100.00,13.425
587,1.472801e+00,,1.160433e-04,100.00,13.425
588,1.489200e+00,,1.143896e-04,100.00,13.433
589,1.555437e+00,,1.127443e-04,100.00,13.430
590,1.657948e+00,,1.111074e-04,100.00,13.431
591,1.629707e+00,,1.094792e-04,100.00,13.428
592,1.474825e+00,,1.078595e-04,100.00,13.530
593,1.414146e+00,,1.062487e-04,100.00,13.742
594,1.404568e+00,,1.046467e-04,100.00,13.403
595,1.387420e+00,,1.030537e-04,100.00,13.412
596,1.408765e+00,,1.014697e-04,100.00,13.404
597,1.394380e+00,,9.989494e-05,100.00,13.408
598,1.382968e+00,,9.832941e-05,100.00,13.828
599,1.373016e+00,1.421492e+00,9.677324e-05,38.00,16.330
600,1.353152e+00,,9.522651e-05,100.00,13.858
601,1.362437e+00,,9.368934e-05,100.00,13.858
602,1.328851e+00,,9.216180e-05,100.00,13.862
603,1.347242e+00,,9.064400e-05,100.00,13.866
604,1.347221e+00,,8.913603e-05,100.00,13.859
605,1.339568e+00,,8.763799e-05,100.00,13.866
606,1.324850e+00,,8.614996e-05,100.00,13.868
607,1.327606e+00,,8.467203e-05,100.00,13.867
608,1.313484e+00,,8.320431e-05,100.00,13.864
609,1.320558e+00,,8.174687e-05,100.00,13.862
610,1.320309e+00,,8.029981e-05,100.00,13.861
611,1.315755e+00,,7.886322e-05,100.00,13.856
612,1.324712e+00,,7.743719e-05,100.00,13.858
613,1.300700e+00,,7.602180e-05,100.00,13.858
614,1.314172e+00,,7.461714e-05,100.00,13.863
615,1.308654e+00,,7.322330e-05,100.00,13.863
616,1.329407e+00,,7.184037e-05,100.00,13.862
617,1.311174e+00,,7.046843e-05,100.00,13.861
618,1.294449e+00,,6.910756e-05,100.00,13.861
619,1.285178e+00,,6.775784e-05,100.00,13.861
620,1.307350e+00,,6.641937e-05,100.00,13.859
621,1.292359e+00,,6.509223e-05,100.00,13.864
622,1.311514e+00,,6.377649e-05,100.00,13.864
623,1.303230e+00,,6.247223e-05,100.00,13.865
624,1.292722e+00,,6.117955e-05,100.00,13.860
625,1.301599e+00,,5.989851e-05,100.00,13.863
626,1.302409e+00,,5.862920e-05,100.00,13.858
627,1.284702e+00,,5.737169e-05,100.00,13.488
628,1.295870e+00,,5.612606e-05,100.00,13.400
629,1.290243e+00,,5.489240e-05,100.00,13.397
630,1.275651e+00,,5.367077e-05,100.00,13.398
631,1.284958e+00,,5.246125e-05,100.00,13.398
632,1.297620e+00,,5.126391e-05,100.00,13.433
633,1.277347e+00,,5.007884e-05,100.00,13.850
634,1.288871e+00,,4.890609e-05,100.00,13.857
635,1.293628e+00,,4.774575e-05,100.00,13.859
636,1.314838e+00,,4.659789e-05,100.00,13.867
637,1.270320e+00,,4.546257e-05,100.00,13.863
638,1.285153e+00,,4.433987e-05,100.00,13.864
639,1.285405e+00,,4.322986e-05,100.00,13.726
640,1.271988e+00,,4.213260e-05,100.00,13.406
641,1.282328e+00,,4.104816e-05,100.00,13.409
642,1.286346e+00,,3.997661e-05,100.00,13.406
643,1.282679e+00,,3.891802e-05,100.00,13.408
644,1.278039e+00,,3.787245e-05,100.00,13.406
645,1.307901e+00,,3.683996e-05,100.00,13.412
646,1.294175e+00,,3.582062e-05,100.00,13.407
647,1.290171e+00,,3.481449e-05,100.00,13.409
648,1.276019e+00,,3.382164e-05,100.00,13.409
649,1.275476e+00,1.275079e+00,3.284212e-05,78.00,15.784
650,1.276287e+00,,3.187600e-05,100.00,13.428
651,1.273633e+00,,3.092333e-05,100.00,13.433
652,1.288527e+00,,2.998418e-05,100.00,13.432
653,1.284081e+00,,2.905859e-05,100.00,13.431
654,1.289170e+00,,2.814664e-05,100.00,13.430
655,1.289550e+00,,2.724837e-05,100.00,13.426
656,1.299766e+00,,2.636384e-05,100.00,13.426
657,1.267689e+00,,2.549311e-05,100.00,13.463
658,1.284583e+00,,2.463622e-05,100.00,13.857
659,1.272090e+00,,2.379324e-05,100.00,13.854
660,1.285093e+00,,2.296421e-05,100.00,13.854
661,1.268223e+00,,2.214918e-05,100.00,13.854
662,1.255186e+00,,2.134821e-05,100.00,13.854
663,1.286305e+00,,2.056134e-05,100.00,13.854
664,1.260095e+00,,1.978863e-05,100.00,13.854
665,1.279572e+00,,1.903012e-05,100.00,13.855
666,1.281105e+00,,1.828585e-05,100.00,13.856
667,1.275626e+00,,1.755588e-05,100.00,13.858
668,1.279893e+00,,1.684024e-05,100.00,13.493
669,1.245335e+00,,1.613899e-05,100.00,13.386
670,1.272045e+00,,1.545217e-05,100.00,13.382
671,1.255290e+00,,1.477981e-05,100.00,13.394
672,1.270880e+00,,1.412196e-05,100.00,13.390
673,1.262792e+00,,1.347866e-05,100.00,13.388
674,1.282406e+00,,1.284995e-05,100.00,13.388
675,1.262669e+00,,1.223587e-05,100.00,13.388
676,1.252455e+00,,1.163646e-05,100.00,13.549
677,1.273303e+00,,1.105175e-05,100.00,13.859
678,1.278679e+00,,1.048178e-05,100.00,13.857
679,1.268720e+00,,9.926579e-06,100.00,13.858
680,1.277108e+00,,9.386191e-06,100.00,13.859
681,1.279533e+00,,8.860645e-06,100.00,13.795
682,1.280191e+00,,8.349974e-06,100.00,13.760
683,1.290701e+00,,7.854210e-06,100.00,13.582
684,1.276734e+00,,7.373382e-06,100.00,13.403
685,1.260780e+00,,6.907520e-06,100.00,13.412
686,1.275074e+00,,6.456653e-06,100.00,13.403
687,1.279899e+00,,6.020810e-06,100.00,13.404
688,1.245551e+00,,5.600016e-06,100.00,13.405
689,1.279503e+00,,5.194297e-06,100.00,13.771
690,1.266973e+00,,4.803680e-06,100.00,13.865
691,1.264036e+00,,4.428187e-06,100.00,13.864
692,1.271080e+00,,4.067843e-06,100.00,13.865
693,1.244059e+00,,3.722668e-06,100.00,13.868
694,1.274847e+00,,3.392686e-06,100.00,13.870
695,1.268730e+00,,3.077915e-06,100.00,13.869
696,1.275881e+00,,2.778375e-06,100.00,13.868
697,1.279477e+00,,2.494086e-06,100.00,13.870
698,1.301703e+00,,2.225063e-06,100.00,13.872
699,1.275827e+00,1.274383e+00,1.971325e-06,14.00,16.328
700,1.271840e+00,,1.732886e-06,100.00,13.820
701,1.277198e+00,,1.509761e-06,100.00,13.752
702,1.274104e+00,,1.301965e-06,100.00,13.764
703,1.265967e+00,,1.109509e-06,100.00,13.760
704,1.266938e+00,,9.324059e-07,100.00,13.758
705,1.261896e+00,,7.706666e-07,100.00,13.759
706,1.269095e+00,,6.243009e-07,100.00,13.763
707,1.274904e+00,,4.933179e-07,100.00,13.812
708,1.265165e+00,,3.777256e-07,100.00,13.873
709,1.287036e+00,,2.775313e-07,100.00,13.860
710,1.263222e+00,,1.927409e-07,100.00,13.801
711,1.263812e+00,,1.233599e-07,100.00,13.789
712,1.283779e+00,,6.939245e-08,100.00,13.782
713,1.283448e+00,,3.084188e-08,100.00,13.784
714,1.251987e+00,,7.710589e-09,100.00,13.787
715,1.388047e+00,,5.000000e-04,100.00,13.793
716,2.664040e+00,,4.999981e-04,100.00,13.790
717,3.390154e+00,,4.999923e-04,100.00,13.550
718,4.237574e+00,,4.999827e-04,100.00,13.392
719,3.421659e+00,,4.999692e-04,100.00,13.397
720,3.194236e+00,,4.999518e-04,100.00,13.397
721,3.012831e+00,,4.999306e-04,100.00,13.395
722,3.551072e+00,,4.999056e-04,100.00,13.395
723,2.781288e+00,,4.998766e-04,100.00,13.748
724,3.540119e+00,,4.998439e-04,100.00,13.798
725,3.150642e+00,,4.998073e-04,100.00,13.797
726,3.374387e+00,,4.997668e-04,100.00,13.791
727,3.192534e+00,,4.997225e-04,100.00,13.786
728,3.172348e+00,,4.996743e-04,100.00,13.792
729,3.725719e+00,,4.996223e-04,100.00,13.775
730,2.832037e+00,,4.995664e-04,100.00,13.391
731,3.224771e+00,,4.995067e-04,100.00,13.391
732,3.500506e+00,,4.994431e-04,100.00,13.628
733,3.158772e+00,,4.993757e-04,100.00,13.860
734,3.699027e+00,,4.993044e-04,100.00,13.866
735,3.452698e+00,,4.992293e-04,100.00,13.868
736,2.849867e+00,,4.991504e-04,100.00,13.868
737,3.588883e+00,,4.990676e-04,100.00,13.868
738,3.513647e+00,,4.989810e-04,100.00,13.867
739,3.577390e+00,,4.988905e-04,100.00,13.868
740,3.246303e+00,,4.987962e-04,100.00,13.868
741,3.309730e+00,,4.986980e-04,100.00,13.865
742,3.627051e+00,,4.985961e-04,100.00,13.590
743,3.377063e+00,,4.984902e-04,100.00,13.421
744,3.026763e+00,,4.983806e-04,100.00,13.419
745,3.492323e+00,,4.982671e-04,100.00,13.418
746,3.438606e+00,,4.981498e-04,100.00,13.421
747,3.006415e+00,,4.980287e-04,100.00,13.420
748,3.267477e+00,,4.979037e-04,100.00,13.421
749,3.500380e+00,3.743435e+00,4.977749e-04,15.00,15.668
750,3.421172e+00,,4.976423e-04,100.00,13.428
751,2.922214e+00,,4.975059e-04,100.00,13.877
752,3.443437e+00,,4.973657e-04,100.00,13.870
753,2.940072e+00,,4.972216e-04,100.00,13.875
754,3.945453e+00,,4.970738e-04,100.00,13.877
755,4.547266e+00,,4.969221e-04,100.00,13.878
756,4.724129e+00,,4.967666e-04,100.00,13.877
757,5.667020e+00,,4.966073e-04,100.00,13.875
758,5.603725e+00,,4.964442e-04,100.00,13.877
759,5.203517e+00,,4.962773e-04,100.00,13.876
760,4.366747e+00,,4.961066e-04,100.00,13.880
761,4.744945e+00,,4.959322e-04,100.00,13.798
762,5.557122e+00,,4.957539e-04,100.00,13.779
763,5.009551e+00,,4.955718e-04,100.00,13.759
764,4.983668e+00,,4.953860e-04,100.00,13.400
765,5.252203e+00,,4.951963e-04,100.00,13.403
766,5.048671e+00,,4.950029e-04,100.00,13.400
767,4.735942e+00,,4.948057e-04,100.00,13.400
768,5.198447e+00,,4.946047e-04,100.00,13.400
769,4.514898e+00,,4.944000e-04,100.00,13.399
770,4.386108e+00,,4.941915e-04,100.00,13.402
771,5.430941e+00,,4.939792e-04,100.00,13.397
772,4.700677e+00,,4.937631e-04,100.00,13.406
773,4.520910e+00,,4.935433e-04,100.00,13.405
774,5.284585e+00,,4.933198e-04,100.00,13.403
775,4.604223e+00,,4.930925e-04,100.00,13.400
776,4.361627e+00,,4.928614e-04,100.00,13.401
777,5.372738e+00,,4.926266e-04,100.00,13.399
778,4.425575e+00,,4.923881e-04,100.00,13.401
779,4.300330e+00,,4.921458e-04,100.00,13.398
780,4.986026e+00,,4.918998e-04,100.00,13.401
781,4.542605e+00,,4.916500e-04,100.00,13.403
782,4.546861e+00,,4.913966e-04,100.00,13.399
783,4.915498e+00,,4.911394e-04,100.00,13.401
784,4.542882e+00,,4.908784e-04,100.00,13.401
785,4.176196e+00,,4.906138e-04,100.00,13.405
786,4.532970e+00,,4.903455e-04,100.00,13.402
787,4.626694e+00,,4.900734e-04,100.00,13.402
788,4.242155e+00,,4.897977e-04,100.00,13.400
789,4.243280e+00,,4.895182e-04,100.00,13.399
790,4.364478e+00,,4.892351e-04,100.00,13.406
791,4.594796e+00,,4.889483e-04,100.00,13.403
792,4.213466e+00,,4.886577e-04,100.00,13.407
793,4.383630e+00,,4.883635e-04,100.00,13.404
794,4.402722e+00,,4.880657e-04,100.00,13.407
795,4.348914e+00,,4.877641e-04,100.00,13.403
796,4.113926e+00,,4.874589e-04,100.00,13.406
797,4.370625e+00,,4.871500e-04,100.00,13.405
798,4.312126e+00,,4.868375e-04,100.00,13.403
799,3.919319e+00,3.845872e+00,4.865213e-04,17.00,15.655
800,4.609149e+00,,4.862015e-04,100.00,13.410
801,4.188958e+00,,4.858780e-04,100.00,13.406
802,3.755498e+00,,4.855509e-04,100.00,13.406
803,4.381199e+00,,4.852202e-04,100.00,13.410
804,4.363720e+00,,4.848858e-04,100.00,13.405
805,3.690434e+00,,4.845478e-04,100.00,13.407
806,3.740005e+00,,4.842062e-04,100.00,13.405
807,3.329902e+00,,4.838610e-04,100.00,13.408
808,3.551498e+00,,4.835122e-04,100.00,13.459
809,3.461605e+00,,4.831598e-04,100.00,13.855
810,3.138405e+00,,4.828037e-04,100.00,13.850
811,3.094606e+00,,4.824441e-04,100.00,13.852
812,3.367274e+00,,4.820809e-04,100.00,13.853
813,3.047507e+00,,4.817141e-04,100.00,13.852
814,2.412251e+00,,4.813438e-04,100.00,13.852
815,3.393664e+00,,4.809699e-04,100.00,13.545
816,3.157697e+00,,4.805924e-04,100.00,13.398
817,2.602456e+00,,4.802114e-04,100.00,13.404
818,2.386689e+00,,4.798268e-04,100.00,13.400
819,2.886070e+00,,4.794387e-04,100.00,13.398
820,2.795225e+00,,4.790470e-04,100.00,13.403
821,2.310911e+00,,4.786518e-04,100.00,13.403
822,2.564171e+00,,4.782531e-04,100.00,13.400
823,2.735923e+00,,4.778508e-04,100.00,13.400
824,2.280979e+00,,4.774451e-04,100.00,13.400
825,2.683314e+00,,4.770358e-04,100.00,13.401
826,2.091196e+00,,4.766230e-04,100.00,13.613
827,2.679930e+00,,4.762068e-04,100.00,13.853
828,2.707209e+00,,4.757870e-04,100.00,13.852
829,2.569461e+00,,4.753638e-04,100.00,13.852
830,2.919013e+00,,4.749371e-04,100.00,13.854
831,2.911145e+00,,4.745069e-04,100.00,13.836
832,3.304053e+00,,4.740733e-04,100.00,13.786
833,3.113687e+00,,4.736362e-04,100.00,13.787
834,3.141375e+00,,4.731956e-04,100.00,13.794
835,4.076384e+00,,4.727516e-04,100.00,13.794
836,4.039769e+00,,4.723042e-04,100.00,13.792
837,4.910117e+00,,4.718534e-04,100.00,13.795
838,3.415312e+00,,4.713991e-04,100.00,13.800
839,3.280614e+00,,4.709414e-04,100.00,13.794
840,4.401109e+00,,4.704803e-04,100.00,13.798
841,3.912422e+00,,4.700158e-04,100.00,13.795
842,3.274722e+00,,4.695479e-04,100.00,13.797
843,4.352089e+00,,4.690767e-04,100.00,13.797
844,2.893189e+00,,4.686020e-04,100.00,13.798
845,4.415425e+00,,4.681240e-04,100.00,13.826
846,4.148307e+00,,4.676426e-04,100.00,13.864
847,2.620273e+00,,4.671579e-04,100.00,13.868
848,4.946131e+00,,4.666698e-04,100.00,13.870
849,2.859395e+00,4.790482e+00,4.661784e-04,17.00,16.202
850,3.986213e+00,,4.656836e-04,100.00,13.875
851,4.829975e+00,,4.651855e-04,100.00,13.874
852,2.791679e+00,,4.646841e-04,100.00,13.868
853,4.448400e+00,,4.641794e-04,100.00,13.865
854,3.597407e+00,,4.636714e-04,100.00,13.866
855,3.315392e+00,,4.631600e-04,100.00,13.867
856,4.593836e+00,,4.626454e-04,100.00,13.866
857,3.443319e+00,,4.621276e-04,100.00,13.865
858,3.579581e+00,,4.616064e-04,100.00,13.864
859,4.629108e+00,,4.610820e-04,100.00,13.856
860,2.777550e+00,,4.605543e-04,100.00,13.858
861,5.069232e+00,,4.600234e-04,100.00,13.857
862,2.597583e+00,,4.594892e-04,100.00,13.848
863,3.567141e+00,,4.589518e-04,100.00,13.853
864,4.788857e+00,,4.584112e-04,100.00,13.854
865,2.325959e+00,,4.578674e-04,100.00,13.852
866,4.227900e+00,,4.573204e-04,100.00,13.851
867,3.865632e+00,,4.567701e-04,100.00,13.807
868,2.608261e+00,,4.562167e-04,100.00,13.765
869,4.681686e+00,,4.556601e-04,100.00,13.777
870,1.967934e+00,,4.551004e-04,100.00,13.494
871,3.837941e+00,,4.545374e-04,100.00,13.400
872,4.471796e+00,,4.539713e-04,100.00,13.394
873,2.057700e+00,,4.534021e-04,100.00,13.395
874,3.876726e+00,,4.528297e-04,100.00,13.393
875,4.602183e+00,,4.522542e-04,100.00,13.431
876,1.997258e+00,,4.516756e-04,100.00,13.880
877,1.902263e+00,,4.510939e-04,100.00,13.873
878,2.796774e+00,,4.505091e-04,100.00,13.866
879,3.681741e+00,,4.499212e-04,100.00,13.867
880,2.958314e+00,,4.493302e-04,100.00,13.872
881,2.818271e+00,,4.487361e-04,100.00,13.877
882,2.684073e+00,,4.481389e-04,100.00,13.859
883,2.782432e+00,,4.475388e-04,100.00,13.869
884,3.369300e+00,,4.469355e-04,100.00,13.868
885,3.599564e+00,,4.463292e-04,100.00,13.871
886,3.275433e+00,,4.457199e-04,100.00,13.870
887,3.555394e+00,,4.451076e-04,100.00,13.873
888,3.677685e+00,,4.444923e-04,100.00,13.871
889,3.242013e+00,,4.438739e-04,100.00,13.872
890,3.486657e+00,,4.432526e-04,100.00,13.876
891,3.533999e+00,,4.426283e-04,100.00,13.870
892,3.320880e+00,,4.420010e-04,100.00,13.874
893,3.219926e+00,,4.413708e-04,100.00,13.868
894,3.431034e+00,,4.407376e-04,100.00,13.869
895,3.264228e+00,,4.401015e-04,100.00,13.873
896,3.441286e+00,,4.394624e-04,100.00,13.874
897,3.293922e+00,,4.388205e-04,100.00,13.871
898,3.288389e+00,,4.381756e-04,100.00,13.869
899,3.410693e+00,3.584553e+00,4.375278e-04,15.00,16.200
900,3.072009e+00,,4.368771e-04,100.00,13.869
901,3.126942e+00,,4.362235e-04,100.00,13.870
902,3.170924e+00,,4.355671e-04,100.00,13.872
903,3.170309e+00,,4.349078e-04,100.00,13.875
904,3.290383e+00,,4.342456e-04,100.00,13.872
905,2.964149e+00,,4.335806e-04,100.00,13.873
906,3.020610e+00,,4.329128e-04,100.00,13.871
907,3.291881e+00,,4.322422e-04,100.00,13.873
908,3.087022e+00,,4.315687e-04,100.00,13.870
909,2.929407e+00,,4.308924e-04,100.00,13.872
910,3.178093e+00,,4.302134e-04,100.00,13.872
911,2.917773e+00,,4.295316e-04,100.00,13.866
912,2.621027e+00,,4.288470e-04,100.00,13.873
913,5.261899e+00,,4.281596e-04,100.00,13.874
914,3.923083e+00,,4.274695e-04,100.00,13.870
915,5.110880e+00,,4.267767e-04,100.00,13.872
916,5.405084e+00,,4.260811e-04,100.00,13.872
917,4.082073e+00,,4.253829e-04,100.00,13.869
918,3.985181e+00,,4.246819e-04,100.00,13.870
919,4.745491e+00,,4.239782e-04,100.00,13.871
920,3.517698e+00,,4.232718e-04,100.00,13.874
921,3.757601e+00,,4.225628e-04,100.00,13.871
922,3.189339e+00,,4.218511e-04,100.00,13.874
923,2.696494e+00,,4.211368e-04,100.00,13.872
924,2.420764e+00,,4.204198e-04,100.00,13.871
925,2.542603e+00,,4.197002e-04,100.00,13.872
926,2.982237e+00,,4.189780e-04,100.00,13.678
927,2.870253e+00,,4.182531e-04,100.00,13.412
928,2.897871e+00,,4.175257e-04,100.00,13.407
929,2.832520e+00,,4.167957e-04,100.00,13.405
930,2.730610e+00,,4.160631e-04,100.00,13.404
931,2.567370e+00,,4.153280e-04,100.00,13.400
932,3.174332e+00,,4.145903e-04,100.00,13.401
933,3.486530e+00,,4.138500e-04,100.00,13.403
934,3.023313e+00,,4.131073e-04,100.00,13.403
935,3.250079e+00,,4.123620e-04,100.00,13.399
936,3.002172e+00,,4.116142e-04,100.00,13.401
937,2.666475e+00,,4.108640e-04,100.00,13.401
938,3.100923e+00,,4.101112e-04,100.00,13.402
939,2.912562e+00,,4.093560e-04,100.00,13.402
940,3.033082e+00,,4.085983e-04,100.00,13.503
941,3.165725e+00,,4.078382e-04,100.00,13.874
942,2.871624e+00,,4.070756e-04,100.00,13.878
943,2.921985e+00,,4.063107e-04,100.00,13.883
944,2.931724e+00,,4.055433e-04,100.00,13.880
945,2.868699e+00,,4.047735e-04,100.00,13.881
946,2.954021e+00,,4.040013e-04,100.00,13.878
947,3.007115e+00,,4.032268e-04,100.00,13.878
948,2.826588e+00,,4.024499e-04,100.00,13.880
949,2.879106e+00,3.339231e+00,4.016706e-04,50.00,16.209
950,2.971203e+00,,4.008890e-04,100.00,13.648
951,2.579369e+00,,4.001051e-04,100.00,13.421
952,3.002644e+00,,3.993188e-04,100.00,13.420
953,2.963954e+00,,3.985303e-04,100.00,13.422
954,2.510324e+00,,3.977394e-04,100.00,13.420
955,2.901259e+00,,3.969463e-04,100.00,13.421
956,2.566392e+00,,3.961509e-04,100.00,13.831
957,2.395067e+00,,3.953533e-04,100.00,13.888
958,2.973188e+00,,3.945534e-04,100.00,13.892
959,2.873038e+00,,3.937513e-04,100.00,13.883
960,2.359416e+00,,3.929470e-04,100.00,13.882
961,2.242283e+00,,3.921405e-04,100.00,13.884
962,2.131572e+00,,3.913317e-04,100.00,13.846
963,1.963467e+00,,3.905208e-04,100.00,13.401
964,1.739543e+00,,3.897078e-04,100.00,13.401
965,2.593226e+00,,3.888926e-04,100.00,13.399
966,2.594237e+00,,3.880752e-04,100.00,13.402
967,3.440710e+00,,3.872557e-04,100.00,13.404
968,2.061058e+00,,3.864341e-04,100.00,13.576
969,2.467731e+00,,3.856104e-04,100.00,13.869
970,3.402475e+00,,3.847846e-04,100.00,13.870
971,2.381106e+00,,3.839567e-04,100.00,13.869
972,2.133357e+00,,3.831268e-04,100.00,13.869
973,3.302072e+00,,3.822948e-04,100.00,13.872
974,2.152018e+00,,3.814607e-04,100.00,13.874
975,2.935900e+00,,3.806246e-04,100.00,13.651
976,2.019882e+00,,3.797866e-04,100.00,13.404
977,3.185409e+00,,3.789465e-04,100.00,13.404
978,2.158360e+00,,3.781044e-04,100.00,13.404
979,2.730184e+00,,3.772604e-04,100.00,13.403
980,2.764510e+00,,3.764143e-04,100.00,13.403
981,2.427532e+00,,3.755664e-04,100.00,13.403
982,2.559966e+00,,3.747165e-04,100.00,13.403
983,2.411670e+00,,3.738647e-04,100.00,13.404
984,2.314302e+00,,3.730109e-04,100.00,13.405
985,3.027330e+00,,3.721553e-04,100.00,13.404
986,2.076826e+00,,3.712978e-04,100.00,13.404
987,2.497013e+00,,3.704384e-04,100.00,13.404
988,2.786298e+00,,3.695772e-04,100.00,13.405
989,2.365697e+00,,3.687141e-04,100.00,13.404
990,2.505183e+00,,3.678492e-04,100.00,13.401
991,2.549373e+00,,3.669825e-04,100.00,13.407
992,2.425658e+00,,3.661139e-04,100.00,13.404
993,2.675762e+00,,3.652436e-04,100.00,13.476
994,2.140761e+00,,3.643715e-04,100.00,13.851
995,2.820409e+00,,3.634976e-04,100.00,13.859
996,1.871080e+00,,3.626220e-04,100.00,13.859
997,2.805918e+00,,3.617447e-04,100.00,13.861
998,2.276597e+00,,3.608656e-04,100.00,13.862
999,2.400574e+00,2.785832e+00,3.599848e-04,10.00,16.184
1000,2.474574e+00,,3.591023e-04,100.00,13.618
1001,2.053968e+00,,3.582181e-04,100.00,13.410
1002,2.546080e+00,,3.573323e-04,100.00,13.402
1003,2.012521e+00,,3.564448e-04,100.00,13.390
1004,2.597710e+00,,3.555557e-04,100.00,13.514
1005,2.067400e+00,,3.546649e-04,100.00,13.393
1006,2.323587e+00,,3.537726e-04,100.00,13.396
1007,2.608199e+00,,3.528786e-04,100.00,13.393
1008,1.806451e+00,,3.519830e-04,100.00,13.390
1009,2.417250e+00,,3.510859e-04,100.00,13.387
1010,2.724064e+00,,3.501872e-04,100.00,13.388
1011,1.632203e+00,,3.492870e-04,100.00,13.389
1012,2.685254e+00,,3.483852e-04,100.00,13.611
1013,2.033993e+00,,3.474819e-04,100.00,13.874
1014,2.259345e+00,,3.465771e-04,100.00,13.870
1015,2.679311e+00,,3.456709e-04,100.00,13.865
1016,1.790538e+00,,3.447631e-04,100.00,13.867
1017,2.851078e+00,,3.438539e-04,100.00,13.871
1018,1.588655e+00,,3.429432e-04,100.00,13.866
1019,2.556144e+00,,3.420311e-04,100.00,13.796
1020,2.508179e+00,,3.411176e-04,100.00,13.760
1021,1.429389e+00,,3.402027e-04,100.00,13.764
1022,2.530924e+00,,3.392864e-04,100.00,13.760
1023,2.417212e+00,,3.383687e-04,100.00,13.756
1024,1.627791e+00,,3.374497e-04,100.00,13.758
1025,2.667580e+00,,3.365293e-04,100.00,13.756
1026,1.927149e+00,,3.356075e-04,100.00,13.762
1027,2.214581e+00,,3.346845e-04,100.00,13.759
1028,2.167882e+00,,3.337601e-04,100.00,13.757
1029,2.288256e+00,,3.328345e-04,100.00,13.756
1030,1.891613e+00,,3.319075e-04,100.00,13.758
1031,2.392585e+00,,3.309794e-04,100.00,13.661
1032,2.008460e+00,,3.300499e-04,100.00,13.401
1033,2.211933e+00,,3.291192e-04,100.00,13.399
1034,2.211697e+00,,3.281873e-04,100.00,13.397
1035,2.139104e+00,,3.272542e-04,100.00,13.401
1036,2.327967e+00,,3.263200e-04,100.00,13.393
1037,1.550214e+00,,3.253845e-04,100.00,13.394
1038,2.643066e+00,,3.244479e-04,100.00,13.392
1039,1.776539e+00,,3.235101e-04,100.00,13.397
1040,2.065744e+00,,3.225712e-04,100.00,13.396
1041,2.447975e+00,,3.216311e-04,100.00,13.393
1042,1.630037e+00,,3.206900e-04,100.00,13.391
1043,2.394263e+00,,3.197478e-04,100.00,13.396
1044,2.105681e+00,,3.188045e-04,100.00,13.395
1045,1.764003e+00,,3.178601e-04,100.00,13.484
1046,2.291524e+00,,3.169147e-04,100.00,13.849
1047,1.968199e+00,,3.159683e-04,100.00,13.844
1048,2.144791e+00,,3.150208e-04,100.00,13.853
1049,1.908063e+00,2.436305e+00,3.140723e-04,15.00,16.169
1050,2.302203e+00,,3.131229e-04,100.00,13.864
1051,1.602049e+00,,3.121725e-04,100.00,13.856
1052,2.403518e+00,,3.112211e-04,100.00,13.861
1053,2.186493e+00,,3.102688e-04,100.00,13.820
1054,1.671354e+00,,3.093155e-04,100.00,13.375
1055,2.205793e+00,,3.083613e-04,100.00,13.380
1056,2.038591e+00,,3.074063e-04,100.00,13.378
1057,1.765504e+00,,3.064503e-04,100.00,13.383
1058,2.255139e+00,,3.054935e-04,100.00,13.383
1059,1.885152e+00,,3.045358e-04,100.00,13.386
1060,1.773167e+00,,3.035773e-04,100.00,13.383
1061,2.557285e+00,,3.026179e-04,100.00,13.386
1062,1.465647e+00,,3.016578e-04,100.00,13.625
1063,1.895162e+00,,3.006968e-04,100.00,13.842
1064,2.633985e+00,,2.997351e-04,100.00,13.746
1065,1.210896e+00,,2.987726e-04,100.00,13.755
1066,1.786258e+00,,2.978093e-04,100.00,13.750
1067,2.969108e+00,,2.968453e-04,100.00,13.752
1068,2.100261e+00,,2.958806e-04,100.00,13.752
1069,2.068367e+00,,2.949152e-04,100.00,13.786
1070,2.081289e+00,,2.939491e-04,100.00,13.844
1071,2.092980e+00,,2.929823e-04,100.00,13.849
1072,2.083456e+00,,2.920148e-04,100.00,13.855
1073,2.163546e+00,,2.910467e-04,100.00,13.859
1074,1.711170e+00,,2.900780e-04,100.00,13.863
1075,2.012874e+00,,2.891086e-04,100.00,13.862
1076,1.960163e+00,,2.881387e-04,100.00,13.867
1077,2.158738e+00,,2.871681e-04,100.00,13.865
1078,1.867276e+00,,2.861970e-04,100.00,13.863
1079,2.041577e+00,,2.852253e-04,100.00,13.865
1080,1.860372e+00,,2.842531e-04,100.00,13.864
1081,1.989920e+00,,2.832803e-04,100.00,13.863
1082,2.023064e+00,,2.823071e-04,100.00,13.862
1083,2.093409e+00,,2.813333e-04,100.00,13.864
1084,1.963396e+00,,2.803591e-04,100.00,13.863
1085,2.141299e+00,,2.793843e-04,100.00,13.864
1086,1.842245e+00,,2.784092e-04,100.00,13.864
1087,1.872694e+00,,2.774336e-04,100.00,13.866
1088,2.217402e+00,,2.764575e-04,100.00,13.863
1089,1.535247e+00,,2.754811e-04,100.00,13.866
1090,1.819500e+00,,2.745043e-04,100.00,13.803
1091,2.287768e+00,,2.735271e-04,100.00,13.402
1092,1.813819e+00,,2.725495e-04,100.00,13.406
1093,1.860035e+00,,2.715716e-04,100.00,13.403
1094,1.848300e+00,,2.705933e-04,100.00,13.405
1095,1.976476e+00,,2.696148e-04,100.00,13.405
1096,1.796720e+00,,2.686359e-04,100.00,13.615
1097,1.745408e+00,,2.676567e-04,100.00,13.845
1098,2.174153e+00,,2.666773e-04,100.00,13.847
1099,1.502125e+00,2.276681e+00,2.656976e-04,15.00,16.178
1100,2.049234e+00,,2.647177e-04,100.00,13.777
1101,2.279139e+00,,2.637375e-04,100.00,13.757
1102,1.227575e+00,,2.627572e-04,100.00,13.768
1103,1.662218e+00,,2.617766e-04,100.00,13.457
1104,2.386731e+00,,2.607959e-04,100.00,13.408
1105,1.476643e+00,,2.598150e-04,100.00,13.572
1106,1.478466e+00,,2.588339e-04,100.00,13.875
1107,2.226091e+00,,2.578527e-04,100.00,13.874
1108,1.311267e+00,,2.568714e-04,100.00,13.923
1109,1.826076e+00,,2.558899e-04,100.00,13.991
1110,2.237791e+00,,2.549084e-04,100.00,13.876
1111,1.246731e+00,,2.539268e-04,100.00,13.878
1112,1.503248e+00,,2.529452e-04,100.00,13.876
1113,2.291102e+00,,2.519635e-04,100.00,13.878
1114,1.359060e+00,,2.509817e-04,100.00,13.873
1115,1.487288e+00,,2.500000e-04,100.00,13.777
1116,2.224360e+00,,2.490183e-04,100.00,13.747
1117,1.428205e+00,,2.480365e-04,100.00,13.749
1118,1.469468e+00,,2.470548e-04,100.00,13.753
1119,2.123027e+00,,2.460732e-04,100.00,13.754
1120,1.607492e+00,,2.450916e-04,100.00,13.754
1121,1.500178e+00,,2.441101e-04,100.00,13.749
1122,1.970953e+00,,2.431286e-04,100.00,13.753
1123,1.570796e+00,,2.421473e-04,100.00,13.751
1124,1.579511e+00,,2.411661e-04,100.00,13.703
1125,1.713122e+00,,2.401850e-04,100.00,13.393
1126,1.911745e+00,,2.392041e-04,100.00,13.396
1127,1.487042e+00,,2.382234e-04,100.00,13.685
1128,1.582803e+00,,2.372428e-04,100.00,13.862
1129,1.662861e+00,,2.362625e-04,100.00,13.867
1130,1.775003e+00,,2.352823e-04,100.00,13.871
1131,1.455503e+00,,2.343024e-04,100.00,13.870
1132,1.761483e+00,,2.333227e-04,100.00,13.871
1133,1.523135e+00,,2.323433e-04,100.00,13.872
1134,1.493332e+00,,2.313641e-04,100.00,13.876
1135,2.009311e+00,,2.303852e-04,100.00,13.873
1136,1.390708e+00,,2.294067e-04,100.00,13.867
1137,1.531370e+00,,2.284284e-04,100.00,13.869
1138,1.942851e+00,,2.274505e-04,100.00,13.864
1139,1.521716e+00,,2.264729e-04,100.00,13.861
1140,1.479863e+00,,2.254957e-04,100.00,13.528
1141,1.821150e+00,,2.245189e-04,100.00,13.380
1142,1.748966e+00,,2.235425e-04,100.00,13.391
1143,1.539189e+00,,2.225664e-04,100.00,13.386
1144,1.573323e+00,,2.215908e-04,100.00,13.387
1145,1.535716e+00,,2.206157e-04,100.00,13.385
1146,1.750202e+00,,2.196409e-04,100.00,13.851
1147,1.529293e+00,,2.186667e-04,100.00,13.860
1148,1.395730e+00,,2.176929e-04,100.00,13.861
1149,1.756775e+00,1.702572e+00,2.167197e-04,11.00,15.971
1150,1.581548e+00,,2.157469e-04,100.00,13.402
1151,1.469824e+00,,2.147747e-04,100.00,13.398
1152,1.854615e+00,,2.138030e-04,100.00,13.400
1153,1.323062e+00,,2.128319e-04,100.00,13.400
1154,1.650501e+00,,2.118613e-04,100.00,13.401
1155,1.588932e+00,,2.108914e-04,100.00,13.732
1156,1.420995e+00,,2.099220e-04,100.00,13.862
1157,1.608319e+00,,2.089533e-04,100.00,13.860
1158,1.557869e+00,,2.079852e-04,100.00,13.809
1159,1.450165e+00,,2.070177e-04,100.00,13.749
1160,1.595968e+00,,2.060509e-04,100.00,13.748
1161,1.445932e+00,,2.050848e-04,100.00,13.749
1162,1.483210e+00,,2.041194e-04,100.00,13.746
1163,1.514521e+00,,2.031547e-04,100.00,13.746
1164,1.577021e+00,,2.021907e-04,100.00,13.745
1165,1.377468e+00,,2.012274e-04,100.00,13.748
1166,1.388981e+00,,2.002649e-04,100.00,13.748
1167,1.685075e+00,,1.993032e-04,100.00,13.747
1168,1.532506e+00,,1.983422e-04,100.00,13.846
1169,1.220129e+00,,1.973821e-04,100.00,13.855
1170,1.498604e+00,,1.964227e-04,100.00,13.856
1171,1.722149e+00,,1.954642e-04,100.00,13.857
1172,1.221216e+00,,1.945065e-04,100.00,13.856
1173,1.337109e+00,,1.935497e-04,100.00,13.857
1174,1.861450e+00,,1.925937e-04,100.00,13.864
1175,1.116817e+00,,1.916387e-04,100.00,13.869
1176,1.203979e+00,,1.906845e-04,100.00,13.870
1177,1.693081e+00,,1.897312e-04,100.00,13.870
1178,1.471288e+00,,1.887789e-04,100.00,13.867
1179,1.169037e+00,,1.878275e-04,100.00,13.790
1180,1.355476e+00,,1.868771e-04,100.00,13.757
1181,1.653564e+00,,1.859277e-04,100.00,13.747
1182,1.238294e+00,,1.849792e-04,100.00,13.758
1183,1.195661e+00,,1.840317e-04,100.00,13.860
1184,1.635501e+00,,1.830853e-04,100.00,13.852
1185,1.351343e+00,,1.821399e-04,100.00,13.846
1186,1.355361e+00,,1.811955e-04,100.00,13.741
1187,1.404145e+00,,1.802522e-04,100.00,13.395
1188,1.449413e+00,,1.793100e-04,100.00,13.470
1189,1.260514e+00,,1.783689e-04,100.00,13.744
1190,1.320625e+00,,1.774288e-04,100.00,13.747
1191,1.596677e+00,,1.764899e-04,100.00,13.746
1192,1.180666e+00,,1.755521e-04,100.00,13.746
1193,1.181632e+00,,1.746155e-04,100.00,13.743
1194,1.569858e+00,,1.736800e-04,100.00,13.741
1195,1.248456e+00,,1.727458e-04,100.00,13.742
1196,1.264982e+00,,1.718127e-04,100.00,13.745
1197,1.404339e+00,,1.708808e-04,100.00,13.743
1198,1.317235e+00,,1.699501e-04,100.00,13.742
1199,1.301657e+00,1.347503e+00,1.690206e-04,14.00,16.045
1200,1.244044e+00,,1.680925e-04,100.00,13.742
1201,1.384670e+00,,1.671655e-04,100.00,13.742
1202,1.229297e+00,,1.662399e-04,100.00,13.741
1203,1.158388e+00,,1.653155e-04,100.00,13.745
1204,1.436047e+00,,1.643925e-04,100.00,13.495
1205,1.266559e+00,,1.634707e-04,100.00,13.388
1206,1.197203e+00,,1.625503e-04,100.00,13.384
1207,1.288629e+00,,1.616313e-04,100.00,13.475
1208,1.281355e+00,,1.607136e-04,100.00,13.855
1209,1.296247e+00,,1.597973e-04,100.00,13.858
1210,1.347520e+00,,1.588824e-04,100.00,13.806
1211,1.166098e+00,,1.579689e-04,100.00,13.740
1212,1.277828e+00,,1.570568e-04,100.00,13.755
1213,1.264480e+00,,1.561461e-04,100.00,13.753
1214,1.313652e+00,,1.552369e-04,100.00,13.761
1215,1.265975e+00,,1.543291e-04,100.00,13.756
1216,1.195914e+00,,1.534229e-04,100.00,13.756
1217,1.248034e+00,,1.525181e-04,100.00,13.666
1218,1.220240e+00,,1.516148e-04,100.00,13.405
1219,1.248494e+00,,1.507130e-04,100.00,13.853
1220,1.241348e+00,,1.498128e-04,100.00,13.853
1221,1.114628e+00,,1.489141e-04,100.00,13.856
1222,1.215719e+00,,1.480170e-04,100.00,13.858
1223,1.278307e+00,,1.471214e-04,100.00,13.858
1224,1.164716e+00,,1.462274e-04,100.00,13.852
1225,1.284845e+00,,1.453351e-04,100.00,13.851
1226,1.133790e+00,,1.444443e-04,100.00,13.854
1227,1.131586e+00,,1.435552e-04,100.00,13.849
1228,1.265064e+00,,1.426677e-04,100.00,13.849
1229,1.219542e+00,,1.417819e-04,100.00,13.848
1230,1.233496e+00,,1.408977e-04,100.00,13.848
1231,1.059871e+00,,1.400152e-04,100.00,13.848
1232,1.238965e+00,,1.391344e-04,100.00,13.852
1233,1.213223e+00,,1.382553e-04,100.00,13.461
1234,1.101239e+00,,1.373780e-04,100.00,13.406
1235,1.241121e+00,,1.365024e-04,100.00,13.406
1236,1.270786e+00,,1.356285e-04,100.00,13.409
1237,1.033560e+00,,1.347564e-04,100.00,13.409
1238,1.072151e+00,,1.338861e-04,100.00,13.553
1239,1.224148e+00,,1.330175e-04,100.00,13.869
1240,1.318455e+00,,1.321508e-04,100.00,13.871
1241,1.016489e+00,,1.312859e-04,100.00,13.866
1242,9.867792e-01,,1.304228e-04,100.00,13.671
1243,1.068789e+00,,1.295616e-04,100.00,13.402
1244,1.316649e+00,,1.287022e-04,100.00,13.403
1245,1.144231e+00,,1.278447e-04,100.00,13.403
1246,9.922734e-01,,1.269891e-04,100.00,13.404
1247,1.108009e+00,,1.261353e-04,100.00,13.403
1248,1.181721e+00,,1.252835e-04,100.00,13.403
1249,1.032721e+00,1.125624e+00,1.244336e-04,31.00,15.793
1250,1.027087e+00,,1.235857e-04,100.00,13.791
1251,1.220235e+00,,1.227396e-04,100.00,13.855
1252,1.145801e+00,,1.218956e-04,100.00,13.857
1253,9.782041e-01,,1.210535e-04,100.00,13.849
1254,1.053817e+00,,1.202134e-04,100.00,13.855
1255,1.149496e+00,,1.193754e-04,100.00,13.854
1256,1.155467e+00,,1.185393e-04,100.00,13.852
1257,1.022455e+00,,1.177052e-04,100.00,13.855
1258,1.045014e+00,,1.168732e-04,100.00,13.853
1259,1.103269e+00,,1.160433e-04,100.00,13.856
1260,1.110659e+00,,1.152154e-04,100.00,13.854
1261,1.003327e+00,,1.143896e-04,100.00,13.853
1262,1.103059e+00,,1.135659e-04,100.00,13.853
1263,1.124693e+00,,1.127443e-04,100.00,13.852
1264,1.103276e+00,,1.119248e-04,100.00,13.854
1265,1.029749e+00,,1.111074e-04,100.00,13.856
1266,1.061770e+00,,1.102922e-04,100.00,13.857
1267,1.084197e+00,,1.094792e-04,100.00,13.851
1268,1.054603e+00,,1.086683e-04,100.00,13.854
1269,9.910539e-01,,1.078595e-04,100.00,13.852
1270,1.052844e+00,,1.070530e-04,100.00,13.852
1271,1.110895e+00,,1.062487e-04,100.00,13.855
1272,1.016447e+00,,1.054466e-04,100.00,13.853
1273,1.010098e+00,,1.046467e-04,100.00,13.853
1274,1.094188e+00,,1.038491e-04,100.00,13.744
1275,1.053136e+00,,1.030537e-04,100.00,13.395
1276,9.952056e-01,,1.022606e-04,100.00,13.396
1277,9.888221e-01,,1.014697e-04,100.00,13.398
1278,1.044752e+00,,1.006812e-04,100.00,13.831
1279,1.061555e+00,,9.989494e-05,100.00,13.855
1280,9.612568e-01,,9.911101e-05,100.00,13.862
1281,9.456836e-01,,9.832941e-05,100.00,13.863
1282,9.840316e-01,,9.755015e-05,100.00,13.865
1283,1.036465e+00,,9.677324e-05,100.00,13.866
1284,1.056725e+00,,9.599869e-05,100.00,13.863
1285,1.046850e+00,,9.522651e-05,100.00,13.866
1286,9.461706e-01,,9.445672e-05,100.00,13.863
1287,9.314800e-01,,9.368934e-05,100.00,13.865
1288,9.614929e-01,,9.292436e-05,100.00,13.840
1289,1.004977e+00,,9.216180e-05,100.00,13.406
1290,9.970696e-01,,9.140168e-05,100.00,13.407
1291,9.671943e-01,,9.064400e-05,100.00,13.406
1292,9.771658e-01,,8.988878e-05,100.00,13.408
1293,9.903888e-01,,8.913603e-05,100.00,13.406
1294,1.009783e+00,,8.838576e-05,100.00,13.567
1295,9.303789e-01,,8.763799e-05,100.00,13.865
1296,8.903556e-01,,8.689271e-05,100.00,13.860
1297,8.818006e-01,,8.614996e-05,100.00,13.857
1298,8.871223e-01,,8.540973e-05,100.00,13.862
1299,9.109426e-01,9.957523e-01,8.467203e-05,25.00,16.322
1300,9.290926e-01,,8.393689e-05,100.00,13.864
1301,9.828284e-01,,8.320431e-05,100.00,13.868
1302,9.968455e-01,,8.247430e-05,100.00,13.870
1303,9.470883e-01,,8.174687e-05,100.00,13.866
1304,9.141423e-01,,8.102204e-05,100.00,13.869
1305,8.898073e-01,,8.029981e-05,100.00,13.870
1306,8.946560e-01,,7.958020e-05,100.00,13.868
1307,8.984179e-01,,7.886322e-05,100.00,13.868
1308,9.085949e-01,,7.814888e-05,100.00,13.870
1309,9.172000e-01,,7.743719e-05,100.00,13.870
1310,9.368609e-01,,7.672816e-05,100.00,13.868
1311,9.240513e-01,,7.602180e-05,100.00,13.869
1312,9.041500e-01,,7.531813e-05,100.00,13.869
1313,9.031147e-01,,7.461714e-05,100.00,13.868
1314,8.780545e-01,,7.391887e-05,100.00,13.866
1315,8.795428e-01,,7.322330e-05,100.00,13.826
1316,9.044437e-01,,7.253047e-05,100.00,13.391
1317,9.100678e-01,,7.184037e-05,100.00,13.383
1318,8.873806e-01,,7.115302e-05,100.00,13.636
1319,8.868158e-01,,7.046843e-05,100.00,13.868
1320,8.910558e-01,,6.978660e-05,100.00,13.865
1321,8.986718e-01,,6.910756e-05,100.00,13.866
1322,9.072022e-01,,6.843130e-05,100.00,13.753
1323,8.848013e-01,,6.775784e-05,100.00,13.389
1324,8.769038e-01,,6.708720e-05,100.00,13.385
1325,8.750644e-01,,6.641937e-05,100.00,13.388
1326,8.644976e-01,,6.575438e-05,100.00,13.385
1327,8.504669e-01,,6.509223e-05,100.00,13.391
1328,8.643809e-01,,6.443293e-05,100.00,13.388
1329,8.748192e-01,,6.377649e-05,100.00,13.386
1330,8.739750e-01,,6.312292e-05,100.00,13.387
1331,8.540443e-01,,6.247223e-05,100.00,13.386
1332,8.512529e-01,,6.182444e-05,100.00,13.388
1333,8.502359e-01,,6.117955e-05,100.00,13.388
1334,8.570959e-01,,6.053757e-05,100.00,13.386
1335,8.505903e-01,,5.989851e-05,100.00,13.389
1336,8.388774e-01,,5.926238e-05,100.00,13.386
1337,8.377929e-01,,5.862920e-05,100.00,13.385
1338,8.560409e-01,,5.799896e-05,100.00,13.809
1339,8.357496e-01,,5.737169e-05,100.00,13.867
1340,8.290655e-01,,5.674739e-05,100.00,13.876
1341,8.395281e-01,,5.612606e-05,100.00,13.793
1342,8.361231e-01,,5.550773e-05,100.00,13.745
1343,8.332755e-01,,5.489240e-05,100.00,13.748
1344,8.434301e-01,,5.428007e-05,100.00,13.747
1345,8.427606e-01,,5.367077e-05,100.00,13.750
1346,8.394504e-01,,5.306449e-05,100.00,13.751
1347,8.250005e-01,,5.246125e-05,100.00,13.752
1348,8.233194e-01,,5.186105e-05,100.00,13.748
1349,8.272736e-01,8.442440e-01,5.126391e-05,64.00,16.187
1350,8.275596e-01,,5.066984e-05,100.00,13.757
1351,8.322018e-01,,5.007884e-05,100.00,13.808
1352,8.245106e-01,,4.949092e-05,100.00,13.875
1353,8.362511e-01,,4.890609e-05,100.00,13.866
1354,8.270244e-01,,4.832437e-05,100.00,13.868
1355,8.185065e-01,,4.774575e-05,100.00,13.766
1356,8.273476e-01,,4.717026e-05,100.00,13.756
1357,8.300495e-01,,4.659789e-05,100.00,13.757
1358,8.236023e-01,,4.602866e-05,100.00,13.746
1359,8.278312e-01,,4.546257e-05,100.00,13.758
1360,8.254325e-01,,4.489964e-05,100.00,13.760
1361,8.251016e-01,,4.433987e-05,100.00,13.758
1362,8.144915e-01,,4.378327e-05,100.00,13.758
1363,8.157726e-01,,4.322986e-05,100.00,13.758
1364,8.278364e-01,,4.267963e-05,100.00,13.759
1365,8.096799e-01,,4.213260e-05,100.00,13.758
1366,8.260487e-01,,4.158877e-05,100.00,13.759
1367,8.240423e-01,,4.104816e-05,100.00,13.758
1368,8.340441e-01,,4.051077e-05,100.00,13.757
1369,8.213648e-01,,3.997661e-05,100.00,13.590
1370,8.105995e-01,,3.944569e-05,100.00,13.405
1371,8.257447e-01,,3.891802e-05,100.00,13.402
1372,8.267871e-01,,3.839360e-05,100.00,13.404
1373,8.191697e-01,,3.787245e-05,100.00,13.404
1374,8.118348e-01,,3.735456e-05,100.00,13.403
1375,8.230014e-01,,3.683996e-05,100.00,13.403
1376,8.189686e-01,,3.632864e-05,100.00,13.404
1377,8.082423e-01,,3.582062e-05,100.00,13.404
1378,8.157234e-01,,3.531590e-05,100.00,13.397
1379,8.212283e-01,,3.481449e-05,100.00,13.394
1380,8.339198e-01,,3.431640e-05,100.00,13.390
1381,8.115435e-01,,3.382164e-05,100.00,13.391
1382,8.150223e-01,,3.333021e-05,100.00,13.394
1383,8.204918e-01,,3.284212e-05,100.00,13.393
1384,8.154239e-01,,3.235738e-05,100.00,13.391
1385,8.160867e-01,,3.187600e-05,100.00,13.392
1386,8.081971e-01,,3.139798e-05,100.00,13.392
1387,8.177435e-01,,3.092333e-05,100.00,13.394
1388,8.124709e-01,,3.045206e-05,100.00,13.394
1389,8.225922e-01,,2.998418e-05,100.00,13.394
1390,8.254592e-01,,2.951968e-05,100.00,13.407
1391,8.124382e-01,,2.905859e-05,100.00,13.406
1392,8.164201e-01,,2.860091e-05,100.00,13.404
1393,8.182690e-01,,2.814664e-05,100.00,13.406
1394,8.257367e-01,,2.769579e-05,100.00,13.412
1395,8.085688e-01,,2.724837e-05,100.00,13.410
1396,8.252213e-01,,2.680438e-05,100.00,13.404
1397,8.284310e-01,,2.636384e-05,100.00,13.406
1398,8.229604e-01,,2.592675e-05,100.00,13.406
1399,8.187817e-01,8.107347e-01,2.549311e-05,79.00,15.767
1400,8.054421e-01,,2.506293e-05,100.00,13.400
1401,8.179638e-01,,2.463622e-05,100.00,13.400
1402,8.121888e-01,,2.421299e-05,100.00,13.399
1403,8.159072e-01,,2.379324e-05,100.00,13.396
1404,8.162495e-01,,2.337697e-05,100.00,13.400
1405,8.200778e-01,,2.296421e-05,100.00,13.398
1406,8.182747e-01,,2.255494e-05,100.00,13.443
1407,8.114595e-01,,2.214918e-05,100.00,13.799
1408,8.236868e-01,,2.174694e-05,100.00,13.752
1409,8.240139e-01,,2.134821e-05,100.00,13.755
1410,8.078881e-01,,2.095301e-05,100.00,13.749
1411,8.173682e-01,,2.056134e-05,100.00,13.748
1412,8.151271e-01,,2.017321e-05,100.00,13.750
1413,8.120710e-01,,1.978863e-05,100.00,13.751
1414,8.081068e-01,,1.940760e-05,100.00,13.750
1415,8.125756e-01,,1.903012e-05,100.00,13.749
1416,8.093742e-01,,1.865620e-05,100.00,13.676
1417,8.231890e-01,,1.828585e-05,100.00,13.410
1418,8.041577e-01,,1.791908e-05,100.00,13.407
1419,8.141452e-01,,1.755588e-05,100.00,13.409
1420,8.102808e-01,,1.719627e-05,100.00,13.410
1421,8.124528e-01,,1.684024e-05,100.00,13.411
1422,8.037998e-01,,1.648782e-05,100.00,13.408
1423,8.106903e-01,,1.613899e-05,100.00,13.412
1424,8.162979e-01,,1.579377e-05,100.00,13.412
1425,8.153802e-01,,1.545217e-05,100.00,13.410
1426,8.329563e-01,,1.511418e-05,100.00,13.410
1427,8.161345e-01,,1.477981e-05,100.00,13.409
1428,8.154620e-01,,1.444907e-05,100.00,13.410
1429,8.164976e-01,,1.412196e-05,100.00,13.408
1430,8.014471e-01,,1.379849e-05,100.00,13.411
1431,8.113418e-01,,1.347866e-05,100.00,13.408
1432,8.092298e-01,,1.316248e-05,100.00,13.409
1433,8.051069e-01,,1.284995e-05,100.00,13.411
1434,8.178005e-01,,1.254108e-05,100.00,13.409
1435,8.213854e-01,,1.223587e-05,100.00,13.740
1436,8.174051e-01,,1.193433e-05,100.00,13.870
1437,8.212828e-01,,1.163646e-05,100.00,13.871
1438,8.126784e-01,,1.134226e-05,100.00,13.870
1439,8.160619e-01,,1.105175e-05,100.00,13.870
1440,8.199985e-01,,1.076492e-05,100.00,13.871
1441,8.167027e-01,,1.048178e-05,100.00,13.873
1442,8.155038e-01,,1.020233e-05,100.00,13.422
1443,8.173503e-01,,9.926579e-06,100.00,13.394
1444,8.056938e-01,,9.654532e-06,100.00,13.398
1445,8.124957e-01,,9.386191e-06,100.00,13.595
1446,8.195564e-01,,9.121561e-06,100.00,13.859
1447,8.099097e-01,,8.860645e-06,100.00,13.865
1448,8.190674e-01,,8.603449e-06,100.00,13.866
1449,8.095419e-01,8.366878e-01,8.349974e-06,33.00,16.191
1450,7.983630e-01,,8.100227e-06,100.00,13.864
1451,8.199502e-01,,7.854210e-06,100.00,13.867
1452,8.116652e-01,,7.611927e-06,100.00,13.864
1453,8.190702e-01,,7.373382e-06,100.00,13.864
1454,8.185364e-01,,7.138578e-06,100.00,13.865
1455,8.140197e-01,,6.907520e-06,100.00,13.867
1456,8.144676e-01,,6.680210e-06,100.00,13.867
1457,8.175775e-01,,6.456653e-06,100.00,13.867
1458,8.156293e-01,,6.236852e-06,100.00,13.863
1459,8.066250e-01,,6.020810e-06,100.00,13.863
1460,8.080623e-01,,5.808530e-06,100.00,13.862
1461,8.166933e-01,,5.600016e-06,100.00,13.403
1462,8.077837e-01,,5.395270e-06,100.00,13.385
1463,8.094026e-01,,5.194297e-06,100.00,13.397
1464,8.086972e-01,,4.997099e-06,100.00,13.400
1465,8.122076e-01,,4.803680e-06,100.00,13.400
1466,8.099896e-01,,4.614042e-06,100.00,13.568
1467,8.117874e-01,,4.428187e-06,100.00,13.853
1468,8.163629e-01,,4.246120e-06,100.00,13.851
1469,8.023644e-01,,4.067843e-06,100.00,13.849
1470,8.023089e-01,,3.893358e-06,100.00,13.863
1471,8.036369e-01,,3.722668e-06,100.00,13.861
1472,8.052792e-01,,3.555777e-06,100.00,13.631
1473,8.069530e-01,,3.392686e-06,100.00,13.376
1474,8.069541e-01,,3.233398e-06,100.00,13.382
1475,8.103893e-01,,3.077915e-06,100.00,13.386
1476,8.056293e-01,,2.926240e-06,100.00,13.387
1477,8.149892e-01,,2.778375e-06,100.00,13.380
1478,8.137594e-01,,2.634323e-06,100.00,13.382
1479,8.081476e-01,,2.494086e-06,100.00,13.383
1480,8.160431e-01,,2.357665e-06,100.00,13.383
1481,8.094189e-01,,2.225063e-06,100.00,13.383
1482,8.094952e-01,,2.096282e-06,100.00,13.383
1483,8.118355e-01,,1.971325e-06,100.00,13.384
1484,8.135317e-01,,1.850192e-06,100.00,13.381
1485,8.130807e-01,,1.732886e-06,100.00,13.383
1486,8.073613e-01,,1.619408e-06,100.00,13.383
1487,8.166109e-01,,1.509761e-06,100.00,13.384
1488,8.031320e-01,,1.403946e-06,100.00,13.749
1489,8.173129e-01,,1.301965e-06,100.00,13.855
1490,8.078537e-01,,1.203818e-06,100.00,13.856
1491,8.116675e-01,,1.109509e-06,100.00,13.860
1492,8.177117e-01,,1.019038e-06,100.00,13.862
1493,8.086796e-01,,9.324059e-07,100.00,13.820
1494,8.081560e-01,,8.496151e-07,100.00,13.757
1495,8.141945e-01,,7.706666e-07,100.00,13.754
1496,8.018123e-01,,6.955614e-07,100.00,13.755
1497,8.068132e-01,,6.243009e-07,100.00,13.749
1498,8.070324e-01,,5.568860e-07,100.00,13.458
1499,8.109763e-01,8.287960e-01,4.933179e-07,17.00,15.646
1500,8.037111e-01,,4.335975e-07,100.00,13.633
1501,8.059241e-01,,3.777256e-07,100.00,13.866
1502,8.118244e-01,,3.257033e-07,100.00,13.993
1503,8.053884e-01,,2.775313e-07,100.00,13.864
1504,8.128150e-01,,2.332102e-07,100.00,13.862
1505,8.185479e-01,,1.927409e-07,100.00,13.865
1506,8.215274e-01,,1.561240e-07,100.00,13.863
1507,8.121888e-01,,1.233599e-07,100.00,13.863
1508,8.079211e-01,,9.444925e-08,100.00,13.862
1509,8.105710e-01,,6.939245e-08,100.00,13.864
1510,8.112924e-01,,4.818988e-08,100.00,13.570
1511,7.999078e-01,,3.084188e-08,100.00,13.392
1512,8.108601e-01,,1.734871e-08,100.00,13.390
1513,8.108821e-01,,7.710589e-09,100.00,13.393
1514,8.035896e-01,,1.927655e-09,100.00,13.394
1515,9.069271e-01,,5.000000e-04,100.00,13.391
1516,2.275948e+00,,4.999995e-04,100.00,13.851
1517,3.078639e+00,,4.999981e-04,100.00,13.855
1518,2.695295e+00,,4.999957e-04,100.00,13.858
1519,2.472967e+00,,4.999923e-04,100.00,13.858
1520,2.376229e+00,,4.999880e-04,100.00,13.858
1521,2.211365e+00,,4.999827e-04,100.00,13.854
1522,2.375622e+00,,4.999764e-04,100.00,13.840
1523,2.798615e+00,,4.999692e-04,100.00,13.737
1524,2.550342e+00,,4.999610e-04,100.00,13.750
1525,3.063042e+00,,4.999518e-04,100.00,13.752
1526,3.178813e+00,,4.999417e-04,100.00,13.752
1527,3.069248e+00,,4.999306e-04,100.00,13.754
1528,2.818392e+00,,4.999186e-04,100.00,13.755
1529,2.762709e+00,,4.999056e-04,100.00,13.756
1530,2.827946e+00,,4.998916e-04,100.00,13.756
1531,2.739066e+00,,4.998766e-04,100.00,13.755
1532,2.592950e+00,,4.998607e-04,100.00,13.755
1533,2.682255e+00,,4.998439e-04,100.00,13.754
1534,2.738821e+00,,4.998260e-04,100.00,13.789
1535,2.625009e+00,,4.998073e-04,100.00,14.019
1536,2.917157e+00,,4.997875e-04,100.00,13.896
1537,2.519050e+00,,4.997668e-04,100.00,13.857
1538,2.995053e+00,,4.997451e-04,100.00,13.857
1539,2.069259e+00,,4.997225e-04,100.00,13.855
1540,2.902193e+00,,4.996989e-04,100.00,13.862
1541,2.181022e+00,,4.996743e-04,100.00,13.859
1542,2.740097e+00,,4.996488e-04,100.00,13.858
1543,2.495398e+00,,4.996223e-04,100.00,13.860
1544,2.433453e+00,,4.995948e-04,100.00,13.859
1545,2.359485e+00,,4.995664e-04,100.00,13.857
1546,2.545461e+00,,4.995370e-04,100.00,13.856
1547,2.515931e+00,,4.995067e-04,100.00,13.857
1548,2.288466e+00,,4.994754e-04,100.00,13.858
1549,2.531564e+00,2.684305e+00,4.994431e-04,16.00,16.180
1550,2.636637e+00,,4.994099e-04,100.00,13.861
1551,1.845718e+00,,4.993757e-04,100.00,13.859
1552,2.399674e+00,,4.993405e-04,100.00,13.859
1553,2.795445e+00,,4.993044e-04,100.00,13.862
1554,1.835027e+00,,4.992674e-04,100.00,13.784
1555,2.856614e+00,,4.992293e-04,100.00,13.754
1556,1.781922e+00,,4.991903e-04,100.00,13.754
1557,2.532229e+00,,4.991504e-04,100.00,13.753
1558,2.110655e+00,,4.991095e-04,100.00,13.756
1559,2.312745e+00,,4.990676e-04,100.00,13.640
1560,2.730452e+00,,4.990248e-04,100.00,13.388
1561,1.900386e+00,,4.989810e-04,100.00,13.396
1562,2.757787e+00,,4.989362e-04,100.00,13.757
1563,4.423275e+00,,4.988905e-04,100.00,13.861
1564,4.064109e+00,,4.988438e-04,100.00,13.862
1565,2.599961e+00,,4.987962e-04,100.00,13.864
1566,4.141209e+00,,4.987476e-04,100.00,13.837
1567,4.051033e+00,,4.986980e-04,100.00,13.754
1568,3.657288e+00,,4.986475e-04,100.00,13.763
1569,3.693256e+00,,4.985961e-04,100.00,13.408
1570,3.509211e+00,,4.985436e-04,100.00,13.407
1571,4.988447e+00,,4.984902e-04,100.00,13.612
1572,3.198842e+00,,4.984359e-04,100.00,13.857
1573,8.987992e+00,,4.983806e-04,100.00,13.856
1574,4.813611e+00,,4.983243e-04,100.00,13.855
1575,1.007231e+01,,4.982671e-04,100.00,13.846
1576,1.132022e+01,,4.982089e-04,100.00,13.845
1577,2.453941e+01,,4.981498e-04,100.00,13.847
1578,7.081590e+00,,4.980897e-04,100.00,13.848
1579,1.474547e+01,,4.980287e-04,100.00,13.849
1580,6.580364e+00,,4.979667e-04,100.00,13.852
1581,8.051935e+00,,4.979037e-04,100.00,13.640
1582,1.036365e+01,,4.978398e-04,100.00,13.400
1583,9.281781e+00,,4.977749e-04,100.00,13.404
1584,1.611549e+01,,4.977091e-04,100.00,13.394
1585,1.049532e+01,,4.976423e-04,100.00,13.396
1586,6.958484e+00,,4.975746e-04,100.00,13.396
1587,7.717568e+00,,4.975059e-04,100.00,13.395
1588,9.592009e+00,,4.974363e-04,100.00,13.397
1589,5.451359e+00,,4.973657e-04,100.00,13.395
1590,5.417945e+00,,4.972941e-04,100.00,13.715
1591,5.894325e+00,,4.972216e-04,100.00,13.865
1592,7.588408e+00,,4.971482e-04,100.00,13.864
1593,6.021230e+00,,4.970738e-04,100.00,13.864
1594,5.724719e+00,,4.969984e-04,100.00,13.865
1595,4.988203e+00,,4.969221e-04,100.00,13.864
1596,4.382011e+00,,4.968448e-04,100.00,13.866
1597,5.178193e+00,,4.967666e-04,100.00,13.862
1598,4.862232e+00,,4.966874e-04,100.00,13.867
1599,4.241410e+00,4.531024e+00,4.966073e-04,15.00,16.190
1600,4.096367e+00,,4.965262e-04,100.00,13.866
1601,3.782260e+00,,4.964442e-04,100.00,13.867
1602,3.694081e+00,,4.963613e-04,100.00,13.863
1603,3.261999e+00,,4.962773e-04,100.00,13.868
1604,3.180963e+00,,4.961925e-04,100.00,13.866
1605,3.379264e+00,,4.961066e-04,100.00,13.866
1606,3.259556e+00,,4.960199e-04,100.00,13.455
1607,3.456949e+00,,4.959322e-04,100.00,13.396
1608,3.331511e+00,,4.958435e-04,100.00,13.459
1609,3.256857e+00,,4.957539e-04,100.00,13.914
1610,3.273234e+00,,4.956633e-04,100.00,13.982
1611,2.924028e+00,,4.955718e-04,100.00,13.980
1612,3.270961e+00,,4.954794e-04,100.00,13.971
1613,3.067196e+00,,4.953860e-04,100.00,13.972
1614,3.091255e+00,,4.952916e-04,100.00,13.862
1615,3.266944e+00,,4.951963e-04,100.00,13.863
1616,2.934567e+00,,4.951001e-04,100.00,13.862
1617,3.112203e+00,,4.950029e-04,100.00,13.862
1618,3.194444e+00,,4.949048e-04,100.00,13.861
1619,2.937715e+00,,4.948057e-04,100.00,13.860
1620,3.033987e+00,,4.947057e-04,100.00,13.863
1621,2.917423e+00,,4.946047e-04,100.00,13.658
1622,2.745645e+00,,4.945028e-04,100.00,13.401
1623,3.162842e+00,,4.944000e-04,100.00,13.397
1624,3.024707e+00,,4.942962e-04,100.00,13.392
1625,2.803910e+00,,4.941915e-04,100.00,13.395
1626,3.011732e+00,,4.940858e-04,100.00,13.415
1627,2.838411e+00,,4.939792e-04,100.00,13.847
1628,3.057860e+00,,4.938716e-04,100.00,14.014
1629,2.681457e+00,,4.937631e-04,100.00,13.951
1630,2.407526e+00,,4.936537e-04,100.00,13.874
1631,3.253363e+00,,4.935433e-04,100.00,13.872
1632,3.155518e+00,,4.934320e-04,100.00,13.873
1633,2.618296e+00,,4.933198e-04,100.00,13.875
1634,2.529053e+00,,4.932066e-04,100.00,13.873
1635,3.051569e+00,,4.930925e-04,100.00,13.814
1636,3.091483e+00,,4.929774e-04,100.00,13.936
1637,2.608975e+00,,4.928614e-04,100.00,13.534
1638,3.083797e+00,,4.927445e-04,100.00,13.414
1639,2.875697e+00,,4.926266e-04,100.00,13.561
1640,2.645248e+00,,4.925078e-04,100.00,13.867
1641,2.946318e+00,,4.923881e-04,100.00,13.856
1642,2.935063e+00,,4.922674e-04,100.00,13.860
1643,2.611608e+00,,4.921458e-04,100.00,13.775
1644,2.752858e+00,,4.920232e-04,100.00,13.766
1645,2.726813e+00,,4.918998e-04,100.00,13.852
1646,2.418622e+00,,4.917754e-04,100.00,13.891
1647,3.062684e+00,,4.916500e-04,100.00,13.899
1648,2.730178e+00,,4.915238e-04,100.00,13.885
1649,2.425873e+00,1.940482e+00,4.913966e-04,14.00,16.228
1650,3.054734e+00,,4.912684e-04,100.00,13.781
1651,2.915266e+00,,4.911394e-04,100.00,13.778
1652,4.916782e+00,,4.910094e-04,100.00,13.575
1653,3.568017e+00,,4.908784e-04,100.00,13.406
1654,3.758854e+00,,4.907466e-04,100.00,13.424
1655,3.619269e+00,,4.906138e-04,100.00,13.867
1656,3.354785e+00,,4.904801e-04,100.00,13.866
1657,2.849768e+00,,4.903455e-04,100.00,13.866
1658,2.169155e+00,,4.902099e-04,100.00,13.865
1659,3.069962e+00,,4.900734e-04,100.00,13.861
1660,2.777950e+00,,4.899360e-04,100.00,13.860
1661,2.387145e+00,,4.897977e-04,100.00,13.752
1662,2.826353e+00,,4.896584e-04,100.00,13.413
1663,2.456097e+00,,4.895182e-04,100.00,13.404
1664,2.198337e+00,,4.893771e-04,100.00,13.402
1665,2.395268e+00,,4.892351e-04,100.00,13.405
1666,3.043281e+00,,4.890921e-04,100.00,13.856
1667,2.592167e+00,,4.889483e-04,100.00,13.863
1668,2.414455e+00,,4.888035e-04,100.00,13.865
1669,2.793500e+00,,4.886577e-04,100.00,13.870
1670,2.394645e+00,,4.885111e-04,100.00,13.869
1671,2.402448e+00,,4.883635e-04,100.00,13.869
1672,2.834186e+00,,4.882151e-04,100.00,13.873
1673,2.376548e+00,,4.880657e-04,100.00,13.696
1674,2.234530e+00,,4.879154e-04,100.00,13.390
1675,2.687883e+00,,4.877641e-04,100.00,13.393
1676,2.405245e+00,,4.876120e-04,100.00,13.397
1677,2.519024e+00,,4.874589e-04,100.00,13.398
1678,2.610007e+00,,4.873049e-04,100.00,13.395
1679,2.560311e+00,,4.871500e-04,100.00,13.396
1680,2.575574e+00,,4.869942e-04,100.00,13.397
1681,2.443632e+00,,4.868375e-04,100.00,13.396
1682,2.529861e+00,,4.866799e-04,100.00,13.395
1683,2.436856e+00,,4.865213e-04,100.00,13.396
1684,2.501747e+00,,4.863619e-04,100.00,13.489
1685,2.324093e+00,,4.862015e-04,100.00,13.857
1686,2.412041e+00,,4.860402e-04,100.00,13.862
1687,2.549370e+00,,4.858780e-04,100.00,13.861
1688,2.366996e+00,,4.857149e-04,100.00,13.863
1689,2.587325e+00,,4.855509e-04,100.00,13.858
1690,2.393259e+00,,4.853860e-04,100.00,13.859
1691,2.474299e+00,,4.852202e-04,100.00,13.859
1692,2.490657e+00,,4.850535e-04,100.00,13.859
1693,2.458623e+00,,4.848858e-04,100.00,13.859
1694,2.501769e+00,,4.847173e-04,100.00,13.861
1695,2.362627e+00,,4.845478e-04,100.00,13.858
1696,2.400783e+00,,4.843775e-04,100.00,13.860
1697,2.496458e+00,,4.842062e-04,100.00,13.859
1698,2.428374e+00,,4.840341e-04,100.00,13.862
1699,2.632098e+00,2.795286e+00,4.838610e-04,16.00,15.718
1700,2.285368e+00,,4.836870e-04,100.00,13.396
1701,2.472393e+00,,4.835122e-04,100.00,13.391
1702,2.678905e+00,,4.833364e-04,100.00,13.391
1703,2.587759e+00,,4.831598e-04,100.00,13.391
1704,2.669953e+00,,4.829822e-04,100.00,13.518
1705,2.499423e+00,,4.828037e-04,100.00,13.861
1706,2.570708e+00,,4.826244e-04,100.00,13.856
1707,2.454723e+00,,4.824441e-04,100.00,13.865
1708,2.539332e+00,,4.822630e-04,100.00,13.863
1709,2.721193e+00,,4.820809e-04,100.00,13.862
1710,2.318269e+00,,4.818980e-04,100.00,13.863
1711,2.711469e+00,,4.817141e-04,100.00,13.866
1712,2.588622e+00,,4.815294e-04,100.00,13.864
1713,2.321195e+00,,4.813438e-04,100.00,13.863
1714,2.227680e+00,,4.811573e-04,100.00,13.864
1715,2.758959e+00,,4.809699e-04,100.00,13.863
1716,2.402616e+00,,4.807816e-04,100.00,13.866
1717,4.857449e+00,,4.805924e-04,100.00,13.863
1718,3.630994e+00,,4.804023e-04,100.00,13.864
1719,4.562713e+00,,4.802114e-04,100.00,13.861
1720,4.094909e+00,,4.800195e-04,100.00,13.755
1721,3.357644e+00,,4.798268e-04,100.00,13.409
1722,3.151207e+00,,4.796332e-04,100.00,13.410
1723,3.786770e+00,,4.794387e-04,100.00,13.409
1724,2.713588e+00,,4.792433e-04,100.00,13.408
1725,2.652714e+00,,4.790470e-04,100.00,13.410
1726,2.793050e+00,,4.788498e-04,100.00,13.413
1727,2.602127e+00,,4.786518e-04,100.00,13.407
1728,2.199998e+00,,4.784529e-04,100.00,13.408
1729,2.452266e+00,,4.782531e-04,100.00,13.590
1730,2.547794e+00,,4.780524e-04,100.00,13.860
1731,2.402996e+00,,4.778508e-04,100.00,13.858
1732,2.529051e+00,,4.776484e-04,100.00,13.860
1733,2.363124e+00,,4.774451e-04,100.00,13.864
1734,2.319803e+00,,4.772409e-04,100.00,13.865
1735,2.431460e+00,,4.770358e-04,100.00,13.865
1736,2.284414e+00,,4.768298e-04,100.00,13.865
1737,2.450242e+00,,4.766230e-04,100.00,13.863
1738,2.489816e+00,,4.764153e-04,100.00,13.863
1739,2.183739e+00,,4.762068e-04,100.00,13.865
1740,2.407850e+00,,4.759973e-04,100.00,13.864
1741,2.304276e+00,,4.757870e-04,100.00,13.862
1742,2.162070e+00,,4.755758e-04,100.00,13.679
1743,2.493048e+00,,4.753638e-04,100.00,13.400
1744,2.336680e+00,,4.751509e-04,100.00,13.404
1745,2.289748e+00,,4.749371e-04,100.00,13.403
1746,2.439830e+00,,4.747224e-04,100.00,13.400
1747,2.240636e+00,,4.745069e-04,100.00,13.400
1748,2.490454e+00,,4.742905e-04,100.00,13.778
1749,2.227817e+00,1.048132e+00,4.740733e-04,60.00,16.367
1750,1.856822e+00,,4.738551e-04,100.00,13.881
1751,2.394752e+00,,4.736362e-04,100.00,13.859
1752,2.365210e+00,,4.734163e-04,100.00,13.860
1753,2.077436e+00,,4.731956e-04,100.00,13.863
1754,2.135595e+00,,4.729741e-04,100.00,13.860
1755,2.391814e+00,,4.727516e-04,100.00,13.863
1756,2.118694e+00,,4.725283e-04,100.00,13.860
1757,1.914858e+00,,4.723042e-04,100.00,13.846
1758,2.420781e+00,,4.720792e-04,100.00,13.405
1759,2.484347e+00,,4.718534e-04,100.00,13.405
1760,2.078526e+00,,4.716267e-04,100.00,13.408
1761,2.125552e+00,,4.713991e-04,100.00,13.413
1762,2.490379e+00,,4.711707e-04,100.00,13.425
1763,2.166976e+00,,4.709414e-04,100.00,13.611
1764,2.073772e+00,,4.707113e-04,100.00,13.878
1765,2.507435e+00,,4.704803e-04,100.00,13.876
1766,2.318863e+00,,4.702485e-04,100.00,13.617
1767,2.122621e+00,,4.700158e-04,100.00,13.395
1768,2.409012e+00,,4.697823e-04,100.00,13.405
1769,2.123131e+00,,4.695479e-04,100.00,13.405
1770,1.898684e+00,,4.693127e-04,100.00,13.404
1771,2.485963e+00,,4.690767e-04,100.00,13.407
1772,2.427742e+00,,4.688398e-04,100.00,13.406
1773,5.599362e+00,,4.686020e-04,100.00,13.404
1774,3.231762e+00,,4.683634e-04,100.00,13.406
1775,3.105418e+00,,4.681240e-04,100.00,13.403
1776,3.310075e+00,,4.678837e-04,100.00,13.747
1777,2.518291e+00,,4.676426e-04,100.00,13.800
1778,2.986948e+00,,4.674007e-04,100.00,13.771
1779,3.462144e+00,,4.671579e-04,100.00,13.774
1780,2.669996e+00,,4.669143e-04,100.00,13.406
1781,2.661437e+00,,4.666698e-04,100.00,13.410
1782,2.333674e+00,,4.664245e-04,100.00,13.410
1783,1.831376e+00,,4.661784e-04,100.00,13.407
1784,1.573614e+00,,4.659314e-04,100.00,13.412
1785,1.585188e+00,,4.656836e-04,100.00,13.554
1786,1.486062e+00,,4.654350e-04,100.00,13.876
1787,1.668620e+00,,4.651855e-04,100.00,13.874
1788,2.729753e+00,,4.649352e-04,100.00,13.877
1789,2.247889e+00,,4.646841e-04,100.00,13.871
1790,1.663125e+00,,4.644322e-04,100.00,13.870
1791,2.301619e+00,,4.641794e-04,100.00,13.869
1792,2.219376e+00,,4.639258e-04,100.00,13.641
1793,1.531325e+00,,4.636714e-04,100.00,13.406
1794,2.523140e+00,,4.634161e-04,100.00,13.400
1795,2.080288e+00,,4.631600e-04,100.00,13.399
1796,1.659716e+00,,4.629031e-04,100.00,13.395
1797,2.670320e+00,,4.626454e-04,100.00,13.396
1798,1.688664e+00,,4.623869e-04,100.00,13.754
1799,2.079789e+00,2.498711e+00,4.621276e-04,15.00,16.180
1800,2.357882e+00,,4.618674e-04,100.00,13.850
1801,1.529971e+00,,4.616064e-04,100.00,13.725
1802,2.434317e+00,,4.613446e-04,100.00,13.754
1803,1.787828e+00,,4.610820e-04,100.00,13.867
1804,2.116413e+00,,4.608186e-04,100.00,13.864
1805,2.041172e+00,,4.605543e-04,100.00,13.869
1806,2.044890e+00,,4.602893e-04,100.00,13.870
1807,2.063733e+00,,4.600234e-04,100.00,13.867
1808,2.144631e+00,,4.597567e-04,100.00,13.521
1809,1.577766e+00,,4.594892e-04,100.00,13.394
1810,2.580599e+00,,4.592209e-04,100.00,13.404
1811,1.546492e+00,,4.589518e-04,100.00,13.419
1812,2.527003e+00,,4.586819e-04,100.00,13.419
1813,1.268408e+00,,4.584112e-04,100.00,13.587
1814,2.734742e+00,,4.581397e-04,100.00,13.766
1815,1.957106e+00,,4.578674e-04,100.00,13.756
1816,1.497963e+00,,4.575943e-04,100.00,13.751
1817,2.658744e+00,,4.573204e-04,100.00,13.751
1818,1.746276e+00,,4.570457e-04,100.00,13.754
1819,1.849842e+00,,4.567701e-04,100.00,13.752
1820,2.423452e+00,,4.564938e-04,100.00,13.750
1821,1.283429e+00,,4.562167e-04,100.00,13.750
1822,2.589477e+00,,4.559388e-04,100.00,13.752
1823,1.735154e+00,,4.556601e-04,100.00,13.597
1824,1.987557e+00,,4.553806e-04,100.00,13.407
1825,1.976934e+00,,4.551004e-04,100.00,13.403
1826,1.925748e+00,,4.548193e-04,100.00,13.540
1827,1.900917e+00,,4.545374e-04,100.00,13.857
1828,2.141806e+00,,4.542548e-04,100.00,13.866
1829,1.673745e+00,,4.539713e-04,100.00,13.863
1830,2.557740e+00,,4.536871e-04,100.00,13.861
1831,1.235652e+00,,4.534021e-04,100.00,13.858
1832,2.390600e+00,,4.531163e-04,100.00,13.855
1833,1.930824e+00,,4.528297e-04,100.00,13.858
1834,1.588767e+00,,4.525424e-04,100.00,13.853
1835,2.670835e+00,,4.522542e-04,100.00,13.847
1836,1.366311e+00,,4.519653e-04,100.00,13.845
1837,2.010199e+00,,4.516756e-04,100.00,13.842
1838,2.683162e+00,,4.513852e-04,100.00,13.842
1839,1.115245e+00,,4.510939e-04,100.00,13.404
1840,1.947046e+00,,4.508019e-04,100.00,13.400
1841,3.149986e+00,,4.505091e-04,100.00,13.401
1842,1.855969e+00,,4.502155e-04,100.00,13.399
1843,2.226349e+00,,4.499212e-04,100.00,13.402
1844,2.152690e+00,,4.496260e-04,100.00,13.516
1845,1.898711e+00,,4.493302e-04,100.00,13.869
1846,1.960937e+00,,4.490335e-04,100.00,13.442
1847,2.226721e+00,,4.487361e-04,100.00,13.394
1848,1.944758e+00,,4.484379e-04,100.00,13.395
1849,1.746043e+00,1.379745e+00,4.481389e-04,17.00,15.633
1850,1.728156e+00,,4.478392e-04,100.00,13.395
1851,2.094941e+00,,4.475388e-04,100.00,13.394
1852,2.247499e+00,,4.472375e-04,100.00,13.395
1853,1.969375e+00,,4.469355e-04,100.00,13.392
1854,1.843928e+00,,4.466328e-04,100.00,13.839
1855,2.114459e+00,,4.463292e-04,100.00,13.860
1856,2.021630e+00,,4.460250e-04,100.00,13.863
1857,1.899835e+00,,4.457199e-04,100.00,13.862
1858,2.007940e+00,,4.454141e-04,100.00,13.865
1859,2.018028e+00,,4.451076e-04,100.00,13.863
1860,2.134159e+00,,4.448003e-04,100.00,13.804
1861,1.845347e+00,,4.444923e-04,100.00,13.396
1862,1.776510e+00,,4.441835e-04,100.00,13.396
1863,2.060561e+00,,4.438739e-04,100.00,13.468
1864,1.963592e+00,,4.435636e-04,100.00,13.486
1865,1.877961e+00,,4.432526e-04,100.00,13.404
1866,2.045982e+00,,4.429408e-04,100.00,13.401
1867,2.000551e+00,,4.426283e-04,100.00,13.402
1868,2.007479e+00,,4.423150e-04,100.00,13.401
1869,2.019317e+00,,4.420010e-04,100.00,13.538
1870,1.906022e+00,,4.416863e-04,100.00,13.866
1871,2.017201e+00,,4.413708e-04,100.00,13.864
1872,1.963208e+00,,4.410546e-04,100.00,13.866
1873,2.070896e+00,,4.407376e-04,100.00,13.866
1874,2.036874e+00,,4.404199e-04,100.00,13.866
1875,1.955029e+00,,4.401015e-04,100.00,13.867
1876,2.015444e+00,,4.397823e-04,100.00,13.864
1877,1.897956e+00,,4.394624e-04,100.00,13.868
1878,2.009126e+00,,4.391418e-04,100.00,13.866
1879,1.959274e+00,,4.388205e-04,100.00,13.868
1880,1.847940e+00,,4.384984e-04,100.00,13.866
1881,1.979452e+00,,4.381756e-04,100.00,13.866
1882,1.978228e+00,,4.378520e-04,100.00,13.728
1883,1.960416e+00,,4.375278e-04,100.00,13.397
1884,1.875447e+00,,4.372028e-04,100.00,13.400
1885,1.951220e+00,,4.368771e-04,100.00,13.400
1886,2.013549e+00,,4.365507e-04,100.00,13.398
1887,1.896165e+00,,4.362235e-04,100.00,13.401
1888,1.812526e+00,,4.358957e-04,100.00,13.400
1889,1.959760e+00,,4.355671e-04,100.00,13.400
1890,1.959783e+00,,4.352378e-04,100.00,13.396
1891,1.958371e+00,,4.349078e-04,100.00,13.603
1892,1.870268e+00,,4.345771e-04,100.00,13.859
1893,1.854700e+00,,4.342456e-04,100.00,13.866
1894,1.972974e+00,,4.339135e-04,100.00,13.868
1895,1.724688e+00,,4.335806e-04,100.00,13.864
1896,1.812204e+00,,4.332471e-04,100.00,13.868
1897,1.953546e+00,,4.329128e-04,100.00,13.868
1898,1.816496e+00,,4.325778e-04,100.00,13.583
1899,2.035738e+00,2.794733e+00,4.322422e-04,34.00,15.653
1900,1.852965e+00,,4.319058e-04,100.00,13.401
1901,1.683232e+00,,4.315687e-04,100.00,13.398
1902,2.038402e+00,,4.312309e-04,100.00,13.399
1903,1.839052e+00,,4.308924e-04,100.00,13.398
1904,1.517733e+00,,4.305533e-04,100.00,13.529
1905,1.472928e+00,,4.302134e-04,100.00,13.397
1906,1.619531e+00,,4.298728e-04,100.00,13.400
1907,1.668089e+00,,4.295316e-04,100.00,13.398
1908,1.617073e+00,,4.291896e-04,100.00,13.496
1909,1.624401e+00,,4.288470e-04,100.00,13.864
1910,1.524169e+00,,4.285036e-04,100.00,13.863
1911,1.478017e+00,,4.281596e-04,100.00,13.861
1912,1.545696e+00,,4.278149e-04,100.00,13.859
1913,1.558143e+00,,4.274695e-04,100.00,13.970
1914,1.451959e+00,,4.271235e-04,100.00,13.894
1915,1.508339e+00,,4.267767e-04,100.00,13.861
1916,1.451790e+00,,4.264293e-04,100.00,13.859
1917,1.381874e+00,,4.260811e-04,100.00,13.858
1918,1.417804e+00,,4.257323e-04,100.00,13.462
1919,1.462055e+00,,4.253829e-04,100.00,13.386
1920,1.353312e+00,,4.250327e-04,100.00,13.385
1921,1.398691e+00,,4.246819e-04,100.00,13.390
1922,1.428106e+00,,4.243304e-04,100.00,13.389
1923,1.331515e+00,,4.239782e-04,100.00,13.389
1924,1.341443e+00,,4.236254e-04,100.00,13.393
1925,1.355014e+00,,4.232718e-04,100.00,13.389
1926,1.308936e+00,,4.229177e-04,100.00,13.391
1927,1.351685e+00,,4.225628e-04,100.00,13.393
1928,1.415639e+00,,4.222073e-04,100.00,13.392
1929,1.371585e+00,,4.218511e-04,100.00,13.394
1930,1.348259e+00,,4.214943e-04,100.00,13.390
1931,1.339366e+00,,4.211368e-04,100.00,13.392
1932,1.290044e+00,,4.207786e-04,100.00,13.389
1933,1.301312e+00,,4.204198e-04,100.00,13.393
1934,1.319970e+00,,4.200603e-04,100.00,13.402
1935,1.257396e+00,,4.197002e-04,100.00,13.415
1936,1.260710e+00,,4.193394e-04,100.00,13.416
1937,1.254278e+00,,4.189780e-04,100.00,13.416
1938,1.244851e+00,,4.186159e-04,100.00,13.414
1939,1.243722e+00,,4.182531e-04,100.00,13.417
1940,1.251055e+00,,4.178897e-04,100.00,13.417
1941,1.232860e+00,,4.175257e-04,100.00,13.418
1942,1.279389e+00,,4.171610e-04,100.00,13.420
1943,1.267209e+00,,4.167957e-04,100.00,13.417
1944,1.247325e+00,,4.164297e-04,100.00,13.416
1945,1.235623e+00,,4.160631e-04,100.00,13.416
1946,1.265513e+00,,4.156959e-04,100.00,13.419
1947,1.162044e+00,,4.153280e-04,100.00,13.417
1948,1.316099e+00,,4.149594e-04,100.00,13.416
1949,1.032632e+00,9.127803e-01,4.145903e-04,15.00,15.662
1950,1.389004e+00,,4.142205e-04,100.00,13.424
1951,1.637346e+00,,4.138500e-04,100.00,13.856
1952,1.906240e+00,,4.134790e-04,100.00,13.871
1953,1.981931e+00,,4.131073e-04,100.00,13.871
1954,1.752407e+00,,4.127350e-04,100.00,13.813
1955,1.603854e+00,,4.123620e-04,100.00,13.399
1956,1.826421e+00,,4.119884e-04,100.00,13.394
1957,1.899431e+00,,4.116142e-04,100.00,13.397
1958,1.740019e+00,,4.112394e-04,100.00,13.400
1959,1.857716e+00,,4.108640e-04,100.00,13.395
1960,1.784136e+00,,4.104879e-04,100.00,13.396
1961,1.775411e+00,,4.101112e-04,100.00,13.399
1962,1.828312e+00,,4.097339e-04,100.00,13.398
1963,1.812882e+00,,4.093560e-04,100.00,13.407
1964,1.924170e+00,,4.089775e-04,100.00,13.414
1965,1.695721e+00,,4.085983e-04,100.00,13.415
1966,1.689154e+00,,4.082186e-04,100.00,13.409
1967,2.044094e+00,,4.078382e-04,100.00,13.399
1968,1.846349e+00,,4.074572e-04,100.00,13.400
1969,1.630566e+00,,4.070756e-04,100.00,13.397
1970,2.041713e+00,,4.066935e-04,100.00,13.398
1971,1.914165e+00,,4.063107e-04,100.00,13.402
1972,1.651459e+00,,4.059273e-04,100.00,13.401
1973,1.979853e+00,,4.055433e-04,100.00,13.762
1974,1.793676e+00,,4.051587e-04,100.00,13.861
1975,1.652517e+00,,4.047735e-04,100.00,13.863
1976,2.012499e+00,,4.043877e-04,100.00,13.865
1977,1.777890e+00,,4.040013e-04,100.00,13.863
1978,2.385048e+00,,4.036143e-04,100.00,13.867
1979,1.822212e+00,,4.032268e-04,100.00,13.865
1980,1.451628e+00,,4.028386e-04,100.00,13.383
1981,1.677033e+00,,4.024499e-04,100.00,13.387
1982,2.222704e+00,,4.020605e-04,100.00,13.397
1983,1.391503e+00,,4.016706e-04,100.00,13.432
1984,1.739012e+00,,4.012801e-04,100.00,13.428
1985,2.480655e+00,,4.008890e-04,100.00,13.420
1986,1.399600e+00,,4.004973e-04,100.00,13.423
1987,1.326897e+00,,4.001051e-04,100.00,13.424
1988,1.981579e+00,,3.997122e-04,100.00,13.423
1989,1.572306e+00,,3.993188e-04,100.00,13.423
1990,1.801404e+00,,3.989248e-04,100.00,13.423
1991,1.968834e+00,,3.985303e-04,100.00,13.423
1992,1.624094e+00,,3.981351e-04,100.00,13.713
1993,1.773447e+00,,3.977394e-04,100.00,13.392
1994,2.179677e+00,,3.973432e-04,100.00,13.393
1995,1.236550e+00,,3.969463e-04,100.00,13.394
1996,1.843057e+00,,3.965489e-04,100.00,13.412
1997,2.065818e+00,,3.961509e-04,100.00,13.406
1998,1.229839e+00,,3.957524e-04,100.00,13.418
1999,1.951559e+00,2.139770e+00,3.953533e-04,15.00,15.666
2000,2.021857e+00,,3.949536e-04,100.00,13.438
2001,1.045487e+00,,3.945534e-04,100.00,13.698
2002,1.918195e+00,,3.941526e-04,100.00,13.456
2003,2.079098e+00,,3.937513e-04,100.00,13.401
2004,1.151901e+00,,3.933494e-04,100.00,13.382
2005,1.993143e+00,,3.929470e-04,100.00,13.363
2006,2.185373e+00,,3.925440e-04,100.00,13.367
2007,1.309576e+00,,3.921405e-04,100.00,13.510
2008,1.146975e+00,,3.917364e-04,100.00,13.869
2009,1.117121e+00,,3.913317e-04,100.00,13.867
2010,1.331630e+00,,3.909266e-04,100.00,13.868
2011,1.261079e+00,,3.905208e-04,100.00,13.863
2012,1.104582e+00,,3.901146e-04,100.00,13.865
2013,1.529733e+00,,3.897078e-04,100.00,13.863
2014,2.269828e+00,,3.893004e-04,100.00,13.863
2015,1.670294e+00,,3.888926e-04,100.00,13.977
2016,1.231642e+00,,3.884841e-04,100.00,13.900
2017,1.948573e+00,,3.880752e-04,100.00,13.864
2018,1.983195e+00,,3.876657e-04,100.00,13.863
2019,1.172208e+00,,3.872557e-04,100.00,13.862
2020,1.802314e+00,,3.868452e-04,100.00,13.864
2021,2.188094e+00,,3.864341e-04,100.00,13.864
2022,1.082731e+00,,3.860225e-04,100.00,13.863
2023,1.883413e+00,,3.856104e-04,100.00,13.773
2024,2.204958e+00,,3.851977e-04,100.00,13.406
2025,1.527493e+00,,3.847846e-04,100.00,13.409
2026,1.880550e+00,,3.843709e-04,100.00,13.410
2027,1.725131e+00,,3.839567e-04,100.00,13.411
2028,1.522181e+00,,3.835420e-04,100.00,13.412
2029,1.815042e+00,,3.831268e-04,100.00,13.413
2030,1.634296e+00,,3.827110e-04,100.00,13.411
2031,1.514435e+00,,3.822948e-04,100.00,13.414
2032,1.787306e+00,,3.818780e-04,100.00,13.427
2033,1.680482e+00,,3.814607e-04,100.00,13.420
2034,1.611488e+00,,3.810429e-04,100.00,13.413
2035,1.766037e+00,,3.806246e-04,100.00,13.512
2036,1.674896e+00,,3.802059e-04,100.00,13.883
2037,1.624689e+00,,3.797866e-04,100.00,13.883
2038,1.698112e+00,,3.793668e-04,100.00,13.887
2039,1.567267e+00,,3.789465e-04,100.00,13.668
2040,1.713174e+00,,3.785257e-04,100.00,13.397
2041,1.599718e+00,,3.781044e-04,100.00,13.404
2042,1.552211e+00,,3.776826e-04,100.00,13.410
2043,1.670853e+00,,3.772604e-04,100.00,13.415
2044,1.656934e+00,,3.768376e-04,100.00,13.416
2045,1.636143e+00,,3.764143e-04,100.00,13.429
2046,1.661112e+00,,3.759906e-04,100.00,13.427
2047,1.615872e+00,,3.755664e-04,100.00,13.430
2048,1.634901e+00,,3.751417e-04,100.00,13.690
2049,1.590611e+00,1.319447e+00,3.747165e-04,16.00,15.690
2050,1.676088e+00,,3.742908e-04,100.00,13.408
2051,1.557526e+00,,3.738647e-04,100.00,13.468
2052,1.495497e+00,,3.734380e-04,100.00,13.495
2053,1.660218e+00,,3.730109e-04,100.00,13.505
2054,1.512621e+00,,3.725834e-04,100.00,13.426
2055,1.487786e+00,,3.721553e-04,100.00,13.357
2056,1.686291e+00,,3.717268e-04,100.00,13.354
2057,1.502318e+00,,3.712978e-04,100.00,13.490
2058,1.589008e+00,,3.708683e-04,100.00,13.967
2059,1.553680e+00,,3.704384e-04,100.00,13.919
2060,1.435536e+00,,3.700080e-04,100.00,13.870
2061,1.683856e+00,,3.695772e-04,100.00,13.876
2062,1.520420e+00,,3.691459e-04,100.00,14.025
2063,1.392595e+00,,3.687141e-04,100.00,13.921
2064,1.708215e+00,,3.682819e-04,100.00,13.989
2065,1.428320e+00,,3.678492e-04,100.00,13.966
2066,1.412512e+00,,3.674160e-04,100.00,13.935
2067,1.636904e+00,,3.669825e-04,100.00,13.975
2068,1.536220e+00,,3.665484e-04,100.00,13.945
2069,1.442947e+00,,3.661139e-04,100.00,13.866
2070,1.634294e+00,,3.656790e-04,100.00,13.539
2071,1.483884e+00,,3.652436e-04,100.00,13.398
2072,1.492705e+00,,3.648078e-04,100.00,13.391
2073,1.603748e+00,,3.643715e-04,100.00,13.392
2074,1.468349e+00,,3.639348e-04,100.00,13.391
2075,1.537675e+00,,3.634976e-04,100.00,13.460
2076,1.519718e+00,,3.630600e-04,100.00,13.802
2077,1.437030e+00,,3.626220e-04,100.00,13.951
2078,1.603111e+00,,3.621835e-04,100.00,13.925
2079,1.485923e+00,,3.617447e-04,100.00,13.863
2080,1.500464e+00,,3.613053e-04,100.00,13.861
2081,1.575358e+00,,3.608656e-04,100.00,13.970
2082,1.436099e+00,,3.604254e-04,100.00,13.962
2083,1.549422e+00,,3.599848e-04,100.00,13.431
2084,1.463856e+00,,3.595438e-04,100.00,13.392
2085,1.421190e+00,,3.591023e-04,100.00,13.392
2086,1.555350e+00,,3.586604e-04,100.00,13.399
2087,1.404109e+00,,3.582181e-04,100.00,13.545
2088,1.517548e+00,,3.577754e-04,100.00,13.543
2089,1.539423e+00,,3.573323e-04,100.00,13.504
2090,1.434573e+00,,3.568888e-04,100.00,13.442
2091,1.490931e+00,,3.564448e-04,100.00,13.510
2092,1.443381e+00,,3.560005e-04,100.00,13.490
2093,1.474232e+00,,3.555557e-04,100.00,13.470
2094,1.540139e+00,,3.551105e-04,100.00,13.422
2095,1.463664e+00,,3.546649e-04,100.00,13.952
2096,1.414010e+00,,3.542189e-04,100.00,13.869
2097,1.500676e+00,,3.537726e-04,100.00,13.867
2098,1.513829e+00,,3.533258e-04,100.00,14.008
2099,1.366428e+00,1.308049e+00,3.528786e-04,68.00,16.203
2100,1.559827e+00,,3.524310e-04,100.00,13.871
2101,1.483687e+00,,3.519830e-04,100.00,14.014
2102,1.400864e+00,,3.515347e-04,100.00,13.866
2103,1.512455e+00,,3.510859e-04,100.00,13.775
2104,1.404596e+00,,3.506367e-04,100.00,13.749
2105,1.449761e+00,,3.501872e-04,100.00,13.744
2106,1.488114e+00,,3.497373e-04,100.00,13.745
2107,1.525551e+00,,3.492870e-04,100.00,13.768
2108,1.449726e+00,,3.488363e-04,100.00,13.491
2109,1.423911e+00,,3.483852e-04,100.00,13.400
2110,1.426251e+00,,3.479338e-04,100.00,13.515
2111,1.366620e+00,,3.474819e-04,100.00,13.552
2112,1.519111e+00,,3.470297e-04,100.00,13.523
2113,1.468293e+00,,3.465771e-04,100.00,13.608
2114,1.409047e+00,,3.461242e-04,100.00,13.860
2115,1.494364e+00,,3.456709e-04,100.00,14.012
2116,1.394618e+00,,3.452172e-04,100.00,13.932
2117,1.443920e+00,,3.447631e-04,100.00,14.002
2118,1.471158e+00,,3.443087e-04,100.00,13.884
2119,1.367234e+00,,3.438539e-04,100.00,13.994
2120,1.534358e+00,,3.433987e-04,100.00,13.946
2121,1.509772e+00,,3.429432e-04,100.00,13.981
2122,1.310140e+00,,3.424874e-04,100.00,13.854
2123,1.483619e+00,,3.420311e-04,100.00,13.850
2124,1.464041e+00,,3.415746e-04,100.00,13.858
2125,1.337805e+00,,3.411176e-04,100.00,13.859
2126,1.428339e+00,,3.406603e-04,100.00,13.856
2127,1.409052e+00,,3.402027e-04,100.00,13.931
2128,1.431080e+00,,3.397447e-04,100.00,13.980
2129,1.454178e+00,,3.392864e-04,100.00,13.948
2130,1.423888e+00,,3.388277e-04,100.00,13.859
2131,1.485526e+00,,3.383687e-04,100.00,13.859
2132,1.394999e+00,,3.379094e-04,100.00,13.923
2133,1.384178e+00,,3.374497e-04,100.00,13.950
2134,1.305615e+00,,3.369896e-04,100.00,13.913
2135,1.341212e+00,,3.365293e-04,100.00,13.965
2136,1.455100e+00,,3.360686e-04,100.00,13.856
2137,1.354673e+00,,3.356075e-04,100.00,13.860
2138,1.398988e+00,,3.351462e-04,100.00,13.953
2139,1.413417e+00,,3.346845e-04,100.00,13.938
2140,1.281836e+00,,3.342225e-04,100.00,13.984
2141,1.436651e+00,,3.337601e-04,100.00,13.897
2142,1.336623e+00,,3.332975e-04,100.00,13.414
2143,1.305473e+00,,3.328345e-04,100.00,13.554
2144,1.479275e+00,,3.323712e-04,100.00,13.405
2145,1.310604e+00,,3.319075e-04,100.00,13.497
2146,1.228261e+00,,3.314436e-04,100.00,13.471
2147,1.446070e+00,,3.309794e-04,100.00,13.402
2148,1.425769e+00,,3.305148e-04,100.00,13.490
2149,1.282910e+00,1.087780e+00,3.300499e-04,15.00,15.713
2150,1.406309e+00,,3.295847e-04,100.00,13.664
2151,1.358232e+00,,3.291192e-04,100.00,13.863
2152,1.303832e+00,,3.286534e-04,100.00,13.866
2153,1.395128e+00,,3.281873e-04,100.00,13.865
2154,1.464101e+00,,3.277209e-04,100.00,13.879
2155,1.334780e+00,,3.272542e-04,100.00,14.003
2156,1.311553e+00,,3.267873e-04,100.00,13.864
2157,1.461421e+00,,3.263200e-04,100.00,13.866
2158,1.362698e+00,,3.258524e-04,100.00,13.864
2159,1.368280e+00,,3.253845e-04,100.00,13.953
2160,1.410329e+00,,3.249163e-04,100.00,13.937
2161,1.341189e+00,,3.244479e-04,100.00,13.865
2162,1.325600e+00,,3.239791e-04,100.00,13.865
2163,1.346116e+00,,3.235101e-04,100.00,13.589
2164,1.448825e+00,,3.230408e-04,100.00,13.404
2165,1.375940e+00,,3.225712e-04,100.00,13.405
2166,1.322645e+00,,3.221013e-04,100.00,13.406
2167,1.360080e+00,,3.216311e-04,100.00,13.404
2168,1.321000e+00,,3.211607e-04,100.00,13.404
2169,1.371561e+00,,3.206900e-04,100.00,13.406
2170,1.313634e+00,,3.202190e-04,100.00,13.405
2171,1.369037e+00,,3.197478e-04,100.00,13.403
2172,1.325922e+00,,3.192763e-04,100.00,13.742
2173,1.355701e+00,,3.188045e-04,100.00,13.857
2174,1.356830e+00,,3.183324e-04,100.00,13.865
2175,1.332540e+00,,3.178601e-04,100.00,13.867
2176,1.369959e+00,,3.173875e-04,100.00,14.011
2177,1.306582e+00,,3.169147e-04,100.00,13.863
2178,1.299885e+00,,3.164416e-04,100.00,13.864
2179,1.348396e+00,,3.159683e-04,100.00,13.408
2180,1.303436e+00,,3.154947e-04,100.00,13.522
2181,1.304506e+00,,3.150208e-04,100.00,13.397
2182,1.331569e+00,,3.145467e-04,100.00,13.738
2183,1.361011e+00,,3.140723e-04,100.00,13.860
2184,1.334896e+00,,3.135977e-04,100.00,13.866
2185,1.224154e+00,,3.131229e-04,100.00,13.860
2186,1.358228e+00,,3.126478e-04,100.00,13.982
2187,1.301426e+00,,3.121725e-04,100.00,13.877
2188,1.199789e+00,,3.116969e-04,100.00,13.582
2189,1.460940e+00,,3.112211e-04,100.00,13.542
2190,1.306588e+00,,3.107450e-04,100.00,13.402
2191,1.095950e+00,,3.102688e-04,100.00,13.403
2192,1.014050e+00,,3.097923e-04,100.00,13.403
2193,1.046430e+00,,3.093155e-04,100.00,13.404
2194,1.136411e+00,,3.088385e-04,100.00,13.401
2195,1.191661e+00,,3.083613e-04,100.00,13.401
2196,1.132596e+00,,3.078839e-04,100.00,13.403
2197,1.068824e+00,,3.074063e-04,100.00,13.772
2198,1.135358e+00,,3.069284e-04,100.00,13.869
2199,1.171534e+00,1.230841e+00,3.064503e-04,16.00,16.193
2200,1.123799e+00,,3.059720e-04,100.00,13.995
2201,1.068279e+00,,3.054935e-04,100.00,13.925
2202,1.075365e+00,,3.050148e-04,100.00,13.875
2203,1.124010e+00,,3.045358e-04,100.00,13.875
2204,1.251126e+00,,3.040567e-04,100.00,13.875
2205,1.324865e+00,,3.035773e-04,100.00,13.875
2206,1.323877e+00,,3.030977e-04,100.00,13.875
2207,1.396014e+00,,3.026179e-04,100.00,13.874
2208,1.314663e+00,,3.021380e-04,100.00,13.874
2209,1.223463e+00,,3.016578e-04,100.00,13.873
2210,1.263853e+00,,3.011774e-04,100.00,13.876
2211,1.323850e+00,,3.006968e-04,100.00,13.875
2212,1.277525e+00,,3.002161e-04,100.00,13.874
2213,1.322276e+00,,2.997351e-04,100.00,13.414
2214,1.425538e+00,,2.992539e-04,100.00,13.413
2215,1.379028e+00,,2.987726e-04,100.00,13.411
2216,1.254829e+00,,2.982910e-04,100.00,13.412
2217,1.382154e+00,,2.978093e-04,100.00,13.413
2218,1.361590e+00,,2.973274e-04,100.00,13.527
2219,1.287656e+00,,2.968453e-04,100.00,13.862
2220,1.362699e+00,,2.963631e-04,100.00,13.872
2221,1.391333e+00,,2.958806e-04,100.00,13.876
2222,1.305093e+00,,2.953980e-04,100.00,13.632
2223,1.287041e+00,,2.949152e-04,100.00,13.426
2224,1.323368e+00,,2.944322e-04,100.00,13.423
2225,1.318109e+00,,2.939491e-04,100.00,13.420
2226,1.315945e+00,,2.934658e-04,100.00,13.416
2227,1.380998e+00,,2.929823e-04,100.00,13.412
2228,1.316816e+00,,2.924986e-04,100.00,13.415
2229,1.282618e+00,,2.920148e-04,100.00,13.418
2230,1.357138e+00,,2.915308e-04,100.00,13.415
2231,1.333059e+00,,2.910467e-04,100.00,13.419
2232,1.291730e+00,,2.905624e-04,100.00,13.426
2233,1.330368e+00,,2.900780e-04,100.00,13.424
2234,1.366368e+00,,2.895934e-04,100.00,13.643
2235,1.199546e+00,,2.891086e-04,100.00,13.872
2236,1.188330e+00,,2.886237e-04,100.00,13.876
2237,1.446395e+00,,2.881387e-04,100.00,13.686
2238,1.305508e+00,,2.876535e-04,100.00,13.549
2239,2.171802e+00,,2.871681e-04,100.00,13.405
2240,1.695057e+00,,2.866826e-04,100.00,13.402
2241,2.557942e+00,,2.861970e-04,100.00,13.397
2242,1.723949e+00,,2.857112e-04,100.00,13.392
2243,1.585595e+00,,2.852253e-04,100.00,13.470
2244,1.469699e+00,,2.847393e-04,100.00,13.494
2245,1.350351e+00,,2.842531e-04,100.00,13.400
2246,1.340093e+00,,2.837668e-04,100.00,13.394
2247,1.411544e+00,,2.832803e-04,100.00,13.395
2248,1.264885e+00,,2.827938e-04,100.00,13.393
2249,1.020276e+00,1.533206e+00,2.823071e-04,14.00,15.635
2250,1.358855e+00,,2.818203e-04,100.00,13.389
2251,1.207409e+00,,2.813333e-04,100.00,13.459
2252,1.225265e+00,,2.808462e-04,100.00,13.482
2253,1.414225e+00,,2.803591e-04,100.00,13.387
2254,1.312324e+00,,2.798718e-04,100.00,13.389
2255,1.042857e+00,,2.793843e-04,100.00,13.391
2256,1.370837e+00,,2.788968e-04,100.00,13.878
2257,1.156523e+00,,2.784092e-04,100.00,13.924
2258,1.241741e+00,,2.779214e-04,100.00,13.880
2259,1.272803e+00,,2.774336e-04,100.00,13.878
2260,1.249742e+00,,2.769456e-04,100.00,13.478
2261,1.168784e+00,,2.764575e-04,100.00,13.405
2262,1.318511e+00,,2.759694e-04,100.00,13.402
2263,1.107344e+00,,2.754811e-04,100.00,13.406
2264,1.298520e+00,,2.749927e-04,100.00,13.540
2265,1.170707e+00,,2.745043e-04,100.00,13.481
2266,1.266862e+00,,2.740157e-04,100.00,13.862
2267,1.166237e+00,,2.735271e-04,100.00,13.761
2268,1.262026e+00,,2.730383e-04,100.00,13.810
2269,1.314432e+00,,2.725495e-04,100.00,13.728
2270,1.177464e+00,,2.720606e-04,100.00,13.418
2271,1.376003e+00,,2.715716e-04,100.00,13.414
2272,1.102091e+00,,2.710825e-04,100.00,13.445
2273,1.274726e+00,,2.705933e-04,100.00,13.864
2274,1.231757e+00,,2.701041e-04,100.00,13.868
2275,1.173662e+00,,2.696148e-04,100.00,13.882
2276,1.304589e+00,,2.691254e-04,100.00,13.887
2277,1.224188e+00,,2.686359e-04,100.00,13.885
2278,1.163758e+00,,2.681464e-04,100.00,13.974
2279,1.247105e+00,,2.676567e-04,100.00,13.956
2280,1.183097e+00,,2.671671e-04,100.00,13.891
2281,1.259935e+00,,2.666773e-04,100.00,13.887
2282,1.095153e+00,,2.661875e-04,100.00,13.411
2283,1.324753e+00,,2.656976e-04,100.00,13.432
2284,1.166349e+00,,2.652077e-04,100.00,13.435
2285,1.208556e+00,,2.647177e-04,100.00,13.429
2286,1.165625e+00,,2.642277e-04,100.00,13.430
2287,1.212650e+00,,2.637375e-04,100.00,13.597
2288,1.149036e+00,,2.632474e-04,100.00,13.865
2289,1.211828e+00,,2.627572e-04,100.00,13.862
2290,1.281482e+00,,2.622669e-04,100.00,13.864
2291,1.048468e+00,,2.617766e-04,100.00,13.864
2292,1.319022e+00,,2.612863e-04,100.00,13.859
2293,1.207857e+00,,2.607959e-04,100.00,13.863
2294,1.018647e+00,,2.603054e-04,100.00,13.862
2295,1.329066e+00,,2.598150e-04,100.00,13.863
2296,1.297317e+00,,2.593244e-04,100.00,13.864
2297,9.512801e-01,,2.588339e-04,100.00,13.861
2298,1.266455e+00,,2.583433e-04,100.00,13.860
2299,1.262250e+00,1.019725e+00,2.578527e-04,14.00,16.187
2300,9.632704e-01,,2.573620e-04,100.00,13.725
2301,1.313568e+00,,2.568714e-04,100.00,13.395
2302,1.173422e+00,,2.563807e-04,100.00,13.392
2303,9.599279e-01,,2.558899e-04,100.00,13.387
2304,1.392031e+00,,2.553992e-04,100.00,13.386
2305,1.014249e+00,,2.549084e-04,100.00,13.386
2306,1.258635e+00,,2.544176e-04,100.00,13.388
2307,1.197008e+00,,2.539268e-04,100.00,13.387
2308,1.103588e+00,,2.534360e-04,100.00,13.388
2309,1.217708e+00,,2.529452e-04,100.00,13.388
2310,1.113648e+00,,2.524543e-04,100.00,13.458
2311,1.041891e+00,,2.519635e-04,100.00,13.470
2312,1.334192e+00,,2.514726e-04,100.00,13.750
2313,1.105467e+00,,2.509817e-04,100.00,13.871
2314,1.033560e+00,,2.504909e-04,100.00,13.876
2315,1.281101e+00,,2.500000e-04,100.00,13.872
2316,1.079175e+00,,2.495091e-04,100.00,14.014
2317,1.228283e+00,,2.490183e-04,100.00,13.913
2318,1.201383e+00,,2.485274e-04,100.00,13.976
2319,1.029380e+00,,2.480365e-04,100.00,13.991
2320,1.217534e+00,,2.475457e-04,100.00,13.950
2321,1.126674e+00,,2.470548e-04,100.00,13.969
2322,1.227905e+00,,2.465640e-04,100.00,13.971
2323,1.063583e+00,,2.460732e-04,100.00,13.959
2324,1.099496e+00,,2.455824e-04,100.00,13.984
2325,1.161743e+00,,2.450916e-04,100.00,13.948
2326,1.095698e+00,,2.446008e-04,100.00,13.864
2327,1.243471e+00,,2.441101e-04,100.00,14.003
2328,9.219921e-01,,2.436193e-04,100.00,13.654
2329,1.120484e+00,,2.431286e-04,100.00,13.505
2330,1.439762e+00,,2.426380e-04,100.00,13.406
2331,8.281974e-01,,2.421473e-04,100.00,13.540
2332,8.365449e-01,,2.416567e-04,100.00,13.413
2333,1.146750e+00,,2.411661e-04,100.00,13.457
2334,1.432731e+00,,2.406756e-04,100.00,13.506
2335,9.194491e-01,,2.401850e-04,100.00,13.408
2336,9.541496e-01,,2.396946e-04,100.00,13.473
2337,1.216843e+00,,2.392041e-04,100.00,13.492
2338,1.223683e+00,,2.387137e-04,100.00,13.407
2339,9.966944e-01,,2.382234e-04,100.00,13.409
2340,1.089817e+00,,2.377331e-04,100.00,13.407
2341,1.293430e+00,,2.372428e-04,100.00,13.407
2342,9.746052e-01,,2.367526e-04,100.00,13.408
2343,1.048978e+00,,2.362625e-04,100.00,13.430
2344,1.317760e+00,,2.357723e-04,100.00,13.540
2345,9.957445e-01,,2.352823e-04,100.00,13.407
2346,1.023320e+00,,2.347923e-04,100.00,13.409
2347,1.398001e+00,,2.343024e-04,100.00,13.407
2348,8.928664e-01,,2.338125e-04,100.00,13.407
2349,9.484362e-01,1.494412e+00,2.333227e-04,14.00,15.729
2350,1.440216e+00,,2.328329e-04,100.00,13.932
2351,8.937995e-01,,2.323433e-04,100.00,13.933
2352,9.045549e-01,,2.318536e-04,100.00,13.852
2353,1.127991e+00,,2.313641e-04,100.00,13.880
2354,1.285058e+00,,2.308746e-04,100.00,13.959
2355,9.696868e-01,,2.303852e-04,100.00,13.848
2356,9.395354e-01,,2.298959e-04,100.00,13.846
2357,9.398260e-01,,2.294067e-04,100.00,13.954
2358,9.747314e-01,,2.289175e-04,100.00,13.887
2359,1.146682e+00,,2.284284e-04,100.00,13.847
2360,1.128015e+00,,2.279394e-04,100.00,13.847
2361,1.001452e+00,,2.274505e-04,100.00,13.884
2362,9.611714e-01,,2.269617e-04,100.00,13.959
2363,9.881731e-01,,2.264729e-04,100.00,13.844
2364,1.023356e+00,,2.259843e-04,100.00,13.846
2365,1.045806e+00,,2.254957e-04,100.00,13.847
2366,1.038077e+00,,2.250073e-04,100.00,13.845
2367,9.791410e-01,,2.245189e-04,100.00,13.847
2368,9.259733e-01,,2.240306e-04,100.00,13.846
2369,1.128978e+00,,2.235425e-04,100.00,14.004
2370,1.151298e+00,,2.230544e-04,100.00,13.923
2371,9.706493e-01,,2.225664e-04,100.00,13.891
2372,1.001313e+00,,2.220786e-04,100.00,13.977
2373,1.158987e+00,,2.215908e-04,100.00,13.989
2374,1.116647e+00,,2.211032e-04,100.00,13.953
2375,9.964487e-01,,2.206157e-04,100.00,13.522
2376,9.916820e-01,,2.201282e-04,100.00,13.478
2377,1.137939e+00,,2.196409e-04,100.00,13.545
2378,1.024142e+00,,2.191538e-04,100.00,13.530
2379,9.295498e-01,,2.186667e-04,100.00,13.539
2380,1.152551e+00,,2.181797e-04,100.00,13.531
2381,1.072814e+00,,2.176929e-04,100.00,13.551
2382,9.206545e-01,,2.172062e-04,100.00,13.552
2383,1.060323e+00,,2.167197e-04,100.00,13.529
2384,1.104018e+00,,2.162332e-04,100.00,13.444
2385,9.976556e-01,,2.157469e-04,100.00,13.533
2386,1.102975e+00,,2.152607e-04,100.00,13.400
2387,1.072260e+00,,2.147747e-04,100.00,13.398
2388,1.056116e+00,,2.142888e-04,100.00,13.399
2389,1.050532e+00,,2.138030e-04,100.00,13.399
2390,9.712720e-01,,2.133174e-04,100.00,13.503
2391,1.102632e+00,,2.128319e-04,100.00,13.442
2392,1.149310e+00,,2.123465e-04,100.00,13.399
2393,8.523407e-01,,2.118613e-04,100.00,13.723
2394,9.457625e-01,,2.113763e-04,100.00,13.864
2395,1.217779e+00,,2.108914e-04,100.00,13.751
2396,9.012467e-01,,2.104066e-04,100.00,13.390
2397,1.055919e+00,,2.099220e-04,100.00,13.398
2398,1.214820e+00,,2.094376e-04,100.00,13.487
2399,7.794067e-01,1.075709e+00,2.089533e-04,11.00,15.711
2400,9.227093e-01,,2.084692e-04,100.00,13.506
2401,1.360964e+00,,2.079852e-04,100.00,13.390
2402,8.590294e-01,,2.075014e-04,100.00,13.649
2403,8.106699e-01,,2.070177e-04,100.00,13.942
2404,1.022267e+00,,2.065342e-04,100.00,13.761
2405,1.270539e+00,,2.060509e-04,100.00,13.892
2406,8.852938e-01,,2.055678e-04,100.00,13.790
2407,8.355346e-01,,2.050848e-04,100.00,13.855
2408,9.826777e-01,,2.046020e-04,100.00,13.870
2409,1.139346e+00,,2.041194e-04,100.00,13.575
2410,1.022067e+00,,2.036369e-04,100.00,13.512
2411,9.290489e-01,,2.031547e-04,100.00,13.523
2412,1.028470e+00,,2.026726e-04,100.00,13.505
2413,1.114145e+00,,2.021907e-04,100.00,13.431
2414,8.910480e-01,,2.017090e-04,100.00,13.394
2415,9.801797e-01,,2.012274e-04,100.00,13.396
2416,1.109725e+00,,2.007461e-04,100.00,13.464
2417,9.453146e-01,,2.002649e-04,100.00,13.464
2418,9.121525e-01,,1.997839e-04,100.00,13.395
2419,1.119215e+00,,1.993032e-04,100.00,13.391
2420,8.909939e-01,,1.988226e-04,100.00,13.395
2421,9.796582e-01,,1.983422e-04,100.00,13.682
2422,1.059774e+00,,1.978620e-04,100.00,13.867
2423,1.003462e+00,,1.973821e-04,100.00,13.865
2424,8.934285e-01,,1.969023e-04,100.00,13.867
2425,1.028668e+00,,1.964227e-04,100.00,13.868
2426,1.004592e+00,,1.959433e-04,100.00,13.869
2427,9.470478e-01,,1.954642e-04,100.00,13.866
2428,1.053186e+00,,1.949852e-04,100.00,13.868
2429,9.748750e-01,,1.945065e-04,100.00,13.868
2430,8.970025e-01,,1.940280e-04,100.00,13.869
2431,9.861750e-01,,1.935497e-04,100.00,13.870
2432,1.053790e+00,,1.930716e-04,100.00,13.862
2433,9.112663e-01,,1.925937e-04,100.00,13.861
2434,9.886484e-01,,1.921161e-04,100.00,13.865
2435,1.074006e+00,,1.916387e-04,100.00,13.867
2436,9.308673e-01,,1.911615e-04,100.00,13.926
2437,1.087338e+00,,1.906845e-04,100.00,13.941
2438,1.019829e+00,,1.902077e-04,100.00,13.864
2439,8.772891e-01,,1.897312e-04,100.00,13.864
2440,9.740415e-01,,1.892550e-04,100.00,13.930
2441,1.039487e+00,,1.887789e-04,100.00,13.951
2442,9.494386e-01,,1.883031e-04,100.00,13.955
2443,9.565732e-01,,1.878275e-04,100.00,13.662
2444,9.744337e-01,,1.873522e-04,100.00,13.401
2445,9.493804e-01,,1.868771e-04,100.00,13.400
2446,9.715942e-01,,1.864023e-04,100.00,13.777
2447,1.044745e+00,,1.859277e-04,100.00,13.855
2448,9.324218e-01,,1.854533e-04,100.00,13.861
2449,9.464812e-01,1.147481e+00,1.849792e-04,17.00,16.173
2450,1.094012e+00,,1.845053e-04,100.00,13.877
2451,8.866681e-01,,1.840317e-04,100.00,13.867
2452,9.193016e-01,,1.835584e-04,100.00,13.873
2453,1.043440e+00,,1.830853e-04,100.00,13.864
2454,9.281062e-01,,1.826125e-04,100.00,13.932
2455,9.534085e-01,,1.821399e-04,100.00,13.905
2456,1.000995e+00,,1.816676e-04,100.00,13.641
2457,9.393039e-01,,1.811955e-04,100.00,13.391
2458,8.984041e-01,,1.807237e-04,100.00,13.394
2459,1.022383e+00,,1.802522e-04,100.00,13.392
2460,9.658190e-01,,1.797810e-04,100.00,13.396
2461,8.428091e-01,,1.793100e-04,100.00,13.658
2462,1.005069e+00,,1.788393e-04,100.00,13.865
2463,1.016440e+00,,1.783689e-04,100.00,13.867
2464,8.328361e-01,,1.778987e-04,100.00,13.874
2465,9.255159e-01,,1.774288e-04,100.00,13.873
2466,1.078034e+00,,1.769592e-04,100.00,13.872
2467,7.637179e-01,,1.764899e-04,100.00,13.872
2468,8.189315e-01,,1.760209e-04,100.00,13.872
2469,1.069540e+00,,1.755521e-04,100.00,13.867
2470,9.091747e-01,,1.750837e-04,100.00,13.867
2471,8.303412e-01,,1.746155e-04,100.00,13.874
2472,9.466434e-01,,1.741476e-04,100.00,13.873
2473,1.040944e+00,,1.736800e-04,100.00,13.872
2474,8.263901e-01,,1.732127e-04,100.00,13.882
2475,8.720159e-01,,1.727458e-04,100.00,13.873
2476,9.850725e-01,,1.722791e-04,100.00,13.871
2477,9.675895e-01,,1.718127e-04,100.00,13.874
2478,8.977503e-01,,1.713466e-04,100.00,13.878
2479,8.464246e-01,,1.708808e-04,100.00,13.872
2480,9.705295e-01,,1.704153e-04,100.00,13.873
2481,9.842559e-01,,1.699501e-04,100.00,13.869
2482,7.781536e-01,,1.694852e-04,100.00,13.870
2483,9.252600e-01,,1.690206e-04,100.00,13.868
2484,9.028150e-01,,1.685564e-04,100.00,13.868
2485,9.032742e-01,,1.680925e-04,100.00,13.870
2486,9.863582e-01,,1.676288e-04,100.00,13.870
2487,9.195580e-01,,1.671655e-04,100.00,13.873
2488,9.211129e-01,,1.667025e-04,100.00,13.871
2489,9.081250e-01,,1.662399e-04,100.00,13.870
2490,9.045611e-01,,1.657775e-04,100.00,13.867
2491,8.822226e-01,,1.653155e-04,100.00,13.868
2492,8.851410e-01,,1.648538e-04,100.00,13.784
2493,9.526483e-01,,1.643925e-04,100.00,13.398
2494,8.322587e-01,,1.639314e-04,100.00,13.402
2495,9.091551e-01,,1.634707e-04,100.00,13.408
2496,9.400530e-01,,1.630104e-04,100.00,13.412
2497,8.170969e-01,,1.625503e-04,100.00,13.415
2498,9.152938e-01,,1.620906e-04,100.00,13.413
2499,9.827734e-01,8.994490e-01,1.616313e-04,15.00,15.651
