epoch,train_loss,validation_loss,lr,gpu_utillization,per_epoch_time
0,3.871136e+02,,8.000000e-07,100.00,87.886
1,3.709073e+02,,8.792000e-06,100.00,14.312
2,3.463152e+02,,1.678400e-05,100.00,14.146
3,3.039736e+02,,2.477600e-05,100.00,13.880
4,2.587995e+02,,3.276800e-05,100.00,13.874
5,2.430719e+02,,4.076000e-05,100.00,13.881
6,2.533023e+02,,4.875200e-05,100.00,13.873
7,2.271499e+02,,5.674400e-05,100.00,13.884
8,1.952260e+02,,6.473600e-05,100.00,13.889
9,1.800783e+02,,7.272800e-05,100.00,14.045
10,1.879604e+02,,8.072000e-05,100.00,13.880
11,1.848445e+02,,8.871200e-05,100.00,13.881
12,1.608150e+02,,9.670400e-05,100.00,13.876
13,1.615053e+02,,1.046960e-04,100.00,13.873
14,1.498231e+02,,1.126880e-04,100.00,13.873
15,1.359550e+02,,1.206800e-04,100.00,13.874
16,1.321601e+02,,1.286720e-04,100.00,13.878
17,1.274273e+02,,1.366640e-04,100.00,14.036
18,1.163539e+02,,1.446560e-04,100.00,13.880
19,1.188524e+02,,1.526480e-04,100.00,13.878
20,1.109344e+02,,1.606400e-04,100.00,13.882
21,1.057359e+02,,1.686320e-04,100.00,13.883
22,9.764477e+01,,1.766240e-04,100.00,13.880
23,9.431028e+01,,1.846160e-04,100.00,13.879
24,8.744583e+01,,1.926080e-04,100.00,13.883
25,8.908468e+01,,2.006000e-04,100.00,13.876
26,8.536909e+01,,2.085920e-04,100.00,13.877
27,8.129471e+01,,2.165840e-04,100.00,13.877
28,7.900733e+01,,2.245760e-04,100.00,13.876
29,7.612327e+01,,2.325680e-04,100.00,13.877
30,7.405719e+01,,2.405600e-04,100.00,13.876
31,7.015475e+01,,2.485520e-04,100.00,13.878
32,6.564124e+01,,2.565440e-04,100.00,13.964
33,6.378166e+01,,2.645360e-04,100.00,13.878
34,6.391185e+01,,2.725280e-04,100.00,13.874
35,6.056818e+01,,2.805200e-04,100.00,13.881
36,5.727372e+01,,2.885120e-04,100.00,14.041
37,5.637999e+01,,2.965040e-04,100.00,13.981
38,5.473142e+01,,3.044960e-04,100.00,14.041
39,5.114566e+01,,3.124880e-04,100.00,14.005
40,5.001998e+01,,3.204800e-04,100.00,13.999
41,4.878457e+01,,3.284720e-04,100.00,14.040
42,5.028658e+01,,3.364640e-04,100.00,14.039
43,4.699469e+01,,3.444560e-04,100.00,14.034
44,4.336534e+01,,3.524480e-04,100.00,13.874
45,4.580659e+01,,3.604400e-04,100.00,13.873
46,4.455793e+01,,3.684320e-04,100.00,13.894
47,3.822012e+01,,3.764240e-04,100.00,13.875
48,3.926605e+01,,3.844160e-04,100.00,13.881
49,4.525142e+01,,3.924080e-04,100.00,13.883
50,3.706812e+01,,4.004000e-04,100.00,13.886
51,4.186350e+01,,4.083920e-04,100.00,13.886
52,3.900264e+01,,4.163840e-04,100.00,13.880
53,3.745812e+01,,4.243760e-04,100.00,13.882
54,4.081108e+01,,4.323680e-04,100.00,13.892
55,3.654868e+01,,4.403600e-04,100.00,13.890
56,3.218179e+01,,4.483520e-04,100.00,13.890
57,3.365850e+01,,4.563440e-04,100.00,13.889
58,3.600486e+01,,4.643360e-04,100.00,14.048
59,3.500155e+01,,4.723280e-04,100.00,14.062
60,3.056095e+01,,4.803200e-04,100.00,14.063
61,2.825523e+01,,4.883120e-04,100.00,14.058
62,3.123183e+01,,4.963040e-04,100.00,14.064
63,3.076004e+01,,5.042960e-04,100.00,14.066
64,2.973697e+01,,5.122880e-04,100.00,14.057
65,2.488529e+01,,5.202800e-04,100.00,14.059
66,2.827593e+01,,5.282720e-04,100.00,14.069
67,2.460824e+01,,5.362640e-04,100.00,14.070
68,2.377963e+01,,5.442560e-04,100.00,14.068
69,3.084091e+01,,5.522480e-04,100.00,14.073
70,2.014995e+01,,5.602400e-04,100.00,14.085
71,2.588300e+01,,5.682320e-04,100.00,14.229
72,2.507383e+01,,5.762240e-04,100.00,14.030
73,2.204138e+01,,5.842160e-04,100.00,14.037
74,2.349560e+01,,5.922080e-04,100.00,13.885
75,2.513854e+01,,6.002000e-04,100.00,13.889
76,2.595075e+01,,6.081920e-04,100.00,13.898
77,2.266071e+01,,6.161840e-04,100.00,13.890
78,2.347052e+01,,6.241760e-04,100.00,13.889
79,1.982527e+01,,6.321680e-04,100.00,13.887
80,2.031575e+01,,6.401600e-04,100.00,13.893
81,2.463609e+01,,6.481520e-04,100.00,13.889
82,1.777724e+01,,6.561440e-04,100.00,13.888
83,2.137029e+01,,6.641360e-04,100.00,13.890
84,1.836868e+01,,6.721280e-04,100.00,13.889
85,2.020959e+01,,6.801200e-04,100.00,13.891
86,1.950684e+01,,6.881120e-04,100.00,13.887
87,1.795543e+01,,6.961040e-04,100.00,13.890
88,2.052989e+01,,7.040960e-04,100.00,13.891
89,1.783110e+01,,7.120880e-04,100.00,13.893
90,1.744621e+01,,7.200800e-04,100.00,13.889
91,1.640118e+01,,7.280720e-04,100.00,13.888
92,1.747461e+01,,7.360640e-04,100.00,13.888
93,1.724235e+01,,7.440560e-04,100.00,13.891
94,1.754757e+01,,7.520480e-04,100.00,13.887
95,1.588221e+01,,7.600400e-04,100.00,13.892
96,1.713161e+01,,7.680320e-04,100.00,13.889
97,1.458136e+01,,7.760240e-04,100.00,13.891
98,1.630231e+01,,7.840160e-04,100.00,13.891
99,1.428861e+01,1.426696e+01,7.920080e-04,31.00,29.215
100,1.406578e+01,,8.000000e-04,100.00,13.886
101,1.590682e+01,,7.999998e-04,100.00,13.719
102,1.419555e+01,,7.999991e-04,100.00,13.730
103,1.477333e+01,,7.999979e-04,100.00,13.975
104,1.263089e+01,,7.999962e-04,100.00,13.812
105,1.289673e+01,,7.999941e-04,100.00,13.815
106,1.760479e+01,,7.999916e-04,100.00,13.808
107,1.323101e+01,,7.999885e-04,100.00,13.847
108,1.504361e+01,,7.999850e-04,100.00,13.938
109,1.262250e+01,,7.999810e-04,100.00,13.809
110,1.280407e+01,,7.999765e-04,100.00,13.808
111,1.218915e+01,,7.999716e-04,100.00,13.810
112,1.147888e+01,,7.999662e-04,100.00,13.812
113,1.262081e+01,,7.999603e-04,100.00,13.831
114,1.169856e+01,,7.999540e-04,100.00,13.957
115,1.080978e+01,,7.999472e-04,100.00,13.807
116,1.079179e+01,,7.999399e-04,100.00,13.805
117,1.088278e+01,,7.999322e-04,100.00,13.799
118,1.139875e+01,,7.999240e-04,100.00,13.804
119,1.102616e+01,,7.999153e-04,100.00,13.806
120,1.085031e+01,,7.999061e-04,100.00,13.804
121,9.671894e+00,,7.998965e-04,100.00,13.806
122,1.020786e+01,,7.998864e-04,100.00,13.801
123,1.015128e+01,,7.998758e-04,100.00,13.809
124,9.038794e+00,,7.998648e-04,100.00,13.806
125,1.028335e+01,,7.998533e-04,100.00,13.807
126,8.769962e+00,,7.998413e-04,100.00,13.806
127,1.001524e+01,,7.998289e-04,100.00,13.811
128,1.106192e+01,,7.998160e-04,100.00,13.806
129,8.272301e+00,,7.998026e-04,100.00,13.804
130,9.862220e+00,,7.997888e-04,100.00,13.807
131,8.272050e+00,,7.997745e-04,100.00,13.808
132,9.180380e+00,,7.997597e-04,100.00,13.805
133,8.669666e+00,,7.997444e-04,100.00,13.806
134,8.544187e+00,,7.997287e-04,100.00,13.806
135,8.169397e+00,,7.997125e-04,100.00,13.803
136,9.708222e+00,,7.996959e-04,100.00,13.802
137,7.317235e+00,,7.996787e-04,100.00,13.800
138,8.916538e+00,,7.996611e-04,100.00,13.803
139,8.175664e+00,,7.996431e-04,100.00,13.801
140,7.425019e+00,,7.996245e-04,100.00,13.801
141,8.949624e+00,,7.996055e-04,100.00,13.800
142,7.410176e+00,,7.995860e-04,100.00,13.800
143,8.912696e+00,,7.995661e-04,100.00,13.800
144,7.237630e+00,,7.995457e-04,100.00,13.799
145,7.527052e+00,,7.995248e-04,100.00,13.798
146,8.881318e+00,,7.995035e-04,100.00,13.801
147,7.655264e+00,,7.994816e-04,100.00,13.795
148,8.373428e+00,,7.994593e-04,100.00,13.797
149,8.569903e+00,,7.994366e-04,100.00,13.798
150,6.896649e+00,,7.994134e-04,100.00,13.797
151,7.922483e+00,,7.993897e-04,100.00,13.796
152,7.120433e+00,,7.993655e-04,100.00,13.795
153,7.238451e+00,,7.993409e-04,100.00,13.800
154,7.251299e+00,,7.993158e-04,100.00,13.792
155,7.614552e+00,,7.992902e-04,100.00,13.791
156,5.873278e+00,,7.992642e-04,100.00,13.794
157,7.008991e+00,,7.992377e-04,100.00,13.793
158,6.518488e+00,,7.992107e-04,100.00,13.791
159,6.369866e+00,,7.991832e-04,100.00,13.800
160,6.673800e+00,,7.991553e-04,100.00,13.793
161,6.555701e+00,,7.991270e-04,100.00,13.793
162,7.352359e+00,,7.990981e-04,100.00,13.791
163,6.671058e+00,,7.990688e-04,100.00,13.791
164,6.724967e+00,,7.990390e-04,100.00,13.943
165,7.013495e+00,,7.990088e-04,100.00,14.053
166,6.357471e+00,,7.989780e-04,100.00,14.054
167,6.874782e+00,,7.989468e-04,100.00,14.060
168,7.009081e+00,,7.989152e-04,100.00,14.066
169,6.216680e+00,,7.988831e-04,100.00,14.053
170,7.103566e+00,,7.988505e-04,100.00,14.052
171,6.192094e+00,,7.988174e-04,100.00,14.053
172,6.524444e+00,,7.987839e-04,100.00,14.097
173,6.402169e+00,,7.987499e-04,100.00,14.183
174,5.640349e+00,,7.987154e-04,100.00,14.055
175,6.297477e+00,,7.986805e-04,100.00,14.058
176,5.336125e+00,,7.986451e-04,100.00,14.057
177,5.611259e+00,,7.986092e-04,100.00,14.055
178,5.818474e+00,,7.985729e-04,100.00,14.049
179,6.136881e+00,,7.985361e-04,100.00,14.059
180,5.882186e+00,,7.984988e-04,100.00,14.047
181,5.506049e+00,,7.984610e-04,100.00,14.059
182,5.941245e+00,,7.984228e-04,100.00,14.057
183,5.268012e+00,,7.983842e-04,100.00,14.058
184,5.867749e+00,,7.983450e-04,100.00,14.054
185,5.974084e+00,,7.983054e-04,100.00,14.059
186,5.227268e+00,,7.982653e-04,100.00,14.054
187,5.920060e+00,,7.982248e-04,100.00,14.060
188,5.569920e+00,,7.981838e-04,100.00,14.058
189,4.989774e+00,,7.981423e-04,100.00,14.049
190,6.402247e+00,,7.981003e-04,100.00,14.050
191,5.420344e+00,,7.980579e-04,100.00,14.053
192,5.708132e+00,,7.980150e-04,100.00,14.052
193,5.324356e+00,,7.979717e-04,100.00,14.051
194,5.685738e+00,,7.979279e-04,100.00,13.961
195,5.503723e+00,,7.978836e-04,100.00,13.856
196,5.138781e+00,,7.978389e-04,100.00,13.858
197,4.939549e+00,,7.977936e-04,100.00,13.863
198,5.100437e+00,,7.977480e-04,100.00,13.865
199,5.456955e+00,5.369532e+00,7.977018e-04,3.00,16.361
200,5.490823e+00,,7.976552e-04,100.00,13.876
201,5.035209e+00,,7.976081e-04,100.00,13.884
202,4.953807e+00,,7.975605e-04,100.00,13.879
203,5.588817e+00,,7.975125e-04,100.00,13.873
204,4.691866e+00,,7.974640e-04,100.00,13.876
205,5.491645e+00,,7.974151e-04,100.00,13.874
206,4.387893e+00,,7.973657e-04,100.00,13.887
207,4.991788e+00,,7.973158e-04,100.00,14.057
208,5.423990e+00,,7.972655e-04,100.00,14.058
209,3.825799e+00,,7.972146e-04,100.00,14.062
210,5.720051e+00,,7.971634e-04,100.00,14.068
211,4.820024e+00,,7.971116e-04,100.00,14.115
212,4.511445e+00,,7.970594e-04,100.00,14.192
213,5.241535e+00,,7.970067e-04,100.00,14.067
214,4.458125e+00,,7.969536e-04,100.00,14.059
215,5.781594e+00,,7.969000e-04,100.00,14.061
216,3.404861e+00,,7.968459e-04,100.00,14.060
217,4.632822e+00,,7.967913e-04,100.00,14.061
218,5.706031e+00,,7.967363e-04,100.00,14.062
219,7.255666e+00,,7.966809e-04,100.00,14.062
220,4.687120e+00,,7.966249e-04,100.00,14.060
221,4.182799e+00,,7.965685e-04,100.00,14.061
222,6.745186e+00,,7.965116e-04,100.00,14.062
223,5.136105e+00,,7.964543e-04,100.00,14.058
224,4.777700e+00,,7.963965e-04,100.00,14.066
225,6.173478e+00,,7.963382e-04,100.00,14.065
226,5.575228e+00,,7.962795e-04,100.00,14.067
227,5.075675e+00,,7.962203e-04,100.00,14.065
228,4.901691e+00,,7.961606e-04,100.00,14.065
229,5.478561e+00,,7.961005e-04,100.00,14.060
230,5.337575e+00,,7.960399e-04,100.00,14.063
231,5.114457e+00,,7.959789e-04,100.00,14.059
232,5.437443e+00,,7.959174e-04,100.00,14.059
233,5.218660e+00,,7.958554e-04,100.00,14.055
234,4.750234e+00,,7.957929e-04,100.00,14.061
235,5.127817e+00,,7.957300e-04,100.00,14.059
236,5.557744e+00,,7.956666e-04,100.00,14.062
237,5.641864e+00,,7.956028e-04,100.00,14.063
238,5.222608e+00,,7.955385e-04,100.00,14.066
239,5.685964e+00,,7.954737e-04,100.00,14.056
240,5.234500e+00,,7.954085e-04,100.00,14.054
241,4.885934e+00,,7.953428e-04,100.00,14.054
242,5.264318e+00,,7.952766e-04,100.00,14.054
243,4.736952e+00,,7.952100e-04,100.00,14.056
244,5.370188e+00,,7.951429e-04,100.00,14.055
245,5.047797e+00,,7.950753e-04,100.00,14.055
246,5.018115e+00,,7.950073e-04,100.00,14.055
247,5.259605e+00,,7.949388e-04,100.00,14.056
248,5.166947e+00,,7.948699e-04,100.00,14.054
249,5.347386e+00,,7.948005e-04,100.00,14.058
250,5.085822e+00,,7.947306e-04,100.00,14.057
251,5.264189e+00,,7.946603e-04,100.00,14.058
252,5.001665e+00,,7.945895e-04,100.00,14.055
253,4.451454e+00,,7.945182e-04,100.00,14.056
254,3.874646e+00,,7.944465e-04,100.00,14.057
255,3.970016e+00,,7.943743e-04,100.00,14.055
256,4.171439e+00,,7.943017e-04,100.00,14.060
257,3.332052e+00,,7.942285e-04,100.00,14.048
258,3.434075e+00,,7.941550e-04,100.00,13.894
259,3.901199e+00,,7.940809e-04,100.00,13.855
260,3.108220e+00,,7.940064e-04,100.00,14.014
261,3.738672e+00,,7.939315e-04,100.00,13.934
262,3.400452e+00,,7.938560e-04,100.00,13.859
263,3.674337e+00,,7.937801e-04,100.00,13.857
264,3.482036e+00,,7.937038e-04,100.00,13.860
265,3.476533e+00,,7.936270e-04,100.00,13.857
266,4.038109e+00,,7.935497e-04,100.00,13.857
267,3.190498e+00,,7.934720e-04,100.00,13.857
268,4.104512e+00,,7.933938e-04,100.00,40.301
269,3.092981e+00,,7.933151e-04,100.00,13.867
270,3.941432e+00,,7.932360e-04,100.00,13.868
271,3.310538e+00,,7.931564e-04,100.00,13.769
272,3.643016e+00,,7.930764e-04,100.00,13.697
273,3.795623e+00,,7.929959e-04,100.00,13.702
274,3.177971e+00,,7.929149e-04,100.00,13.697
275,3.596244e+00,,7.928335e-04,100.00,13.707
276,3.121838e+00,,7.927516e-04,100.00,13.699
277,3.399245e+00,,7.926692e-04,100.00,13.703
278,3.322737e+00,,7.925864e-04,100.00,13.702
279,3.486078e+00,,7.925032e-04,100.00,13.701
280,3.444512e+00,,7.924194e-04,100.00,13.700
281,3.548368e+00,,7.923352e-04,100.00,13.990
282,3.446431e+00,,7.922506e-04,100.00,14.057
283,3.620689e+00,,7.921655e-04,100.00,14.051
284,3.404607e+00,,7.920799e-04,100.00,14.053
285,3.573978e+00,,7.919939e-04,100.00,14.051
286,3.588391e+00,,7.919074e-04,100.00,14.053
287,3.408248e+00,,7.918204e-04,100.00,14.052
288,3.430108e+00,,7.917330e-04,100.00,14.049
289,3.247736e+00,,7.916451e-04,100.00,14.046
290,3.443524e+00,,7.915568e-04,100.00,14.051
291,3.514143e+00,,7.914680e-04,100.00,14.054
292,3.912309e+00,,7.913788e-04,100.00,14.048
293,2.803719e+00,,7.912890e-04,100.00,14.052
294,3.293607e+00,,7.911989e-04,100.00,14.053
295,3.510659e+00,,7.911082e-04,100.00,14.053
296,2.930305e+00,,7.910172e-04,100.00,14.050
297,3.539237e+00,,7.909256e-04,100.00,14.053
298,3.434108e+00,,7.908336e-04,100.00,14.053
299,2.814924e+00,3.644128e+00,7.907411e-04,46.00,16.386
300,3.703687e+00,,7.906482e-04,100.00,13.855
301,2.839632e+00,,7.905548e-04,100.00,13.860
302,3.292333e+00,,7.904610e-04,100.00,14.031
303,3.994048e+00,,7.903667e-04,100.00,13.864
304,3.035796e+00,,7.902719e-04,100.00,13.863
305,3.319145e+00,,7.901767e-04,100.00,13.863
306,3.398638e+00,,7.900811e-04,100.00,13.864
307,2.753082e+00,,7.899849e-04,100.00,13.867
308,3.475052e+00,,7.898883e-04,100.00,13.887
309,3.468328e+00,,7.897913e-04,100.00,14.006
310,3.437451e+00,,7.896938e-04,100.00,13.861
311,3.323670e+00,,7.895958e-04,100.00,13.864
312,4.229923e+00,,7.894974e-04,100.00,13.863
313,3.995242e+00,,7.893986e-04,100.00,13.863
314,4.120165e+00,,7.892992e-04,100.00,13.859
315,3.787418e+00,,7.891994e-04,100.00,13.858
316,3.653234e+00,,7.890992e-04,100.00,13.861
317,3.379399e+00,,7.889985e-04,100.00,13.860
318,3.698723e+00,,7.888973e-04,100.00,13.861
319,4.320699e+00,,7.887957e-04,100.00,13.860
320,3.495179e+00,,7.886936e-04,100.00,13.862
321,3.763992e+00,,7.885911e-04,100.00,13.858
322,4.196917e+00,,7.884881e-04,100.00,13.856
323,4.361152e+00,,7.883847e-04,100.00,13.857
324,3.341203e+00,,7.882808e-04,100.00,13.855
325,3.961521e+00,,7.881765e-04,100.00,13.855
326,3.060072e+00,,7.880717e-04,100.00,13.854
327,4.402958e+00,,7.879664e-04,100.00,13.855
328,3.450797e+00,,7.878607e-04,100.00,13.858
329,4.012194e+00,,7.877545e-04,100.00,13.862
330,4.456594e+00,,7.876479e-04,100.00,13.855
331,3.730784e+00,,7.875408e-04,100.00,13.855
332,3.627829e+00,,7.874333e-04,100.00,13.852
333,4.196951e+00,,7.873253e-04,100.00,13.856
334,4.430181e+00,,7.872168e-04,100.00,13.854
335,3.523578e+00,,7.871079e-04,100.00,13.853
336,3.435348e+00,,7.869986e-04,100.00,13.854
337,4.293700e+00,,7.868888e-04,100.00,13.854
338,3.768520e+00,,7.867785e-04,100.00,13.855
339,3.891289e+00,,7.866678e-04,100.00,13.855
340,4.405830e+00,,7.865566e-04,100.00,13.857
341,3.818112e+00,,7.864450e-04,100.00,13.855
342,3.126452e+00,,7.863329e-04,100.00,13.858
343,3.174348e+00,,7.862204e-04,100.00,13.856
344,3.480806e+00,,7.861074e-04,100.00,13.856
345,3.992651e+00,,7.859940e-04,100.00,13.853
346,3.920854e+00,,7.858801e-04,100.00,13.858
347,3.840019e+00,,7.857657e-04,100.00,13.857
348,3.136757e+00,,7.856509e-04,100.00,13.856
349,3.813597e+00,,7.855357e-04,100.00,13.859
350,3.670345e+00,,7.854200e-04,100.00,13.858
351,4.164305e+00,,7.853038e-04,100.00,13.936
352,3.011137e+00,,7.851872e-04,100.00,14.049
353,3.950675e+00,,7.850702e-04,100.00,14.048
354,3.489942e+00,,7.849527e-04,100.00,14.045
355,3.635605e+00,,7.848347e-04,100.00,14.052
356,3.190562e+00,,7.847163e-04,100.00,14.053
357,3.624710e+00,,7.845974e-04,100.00,14.055
358,2.971886e+00,,7.844781e-04,100.00,14.053
359,3.562073e+00,,7.843584e-04,100.00,14.053
360,3.618799e+00,,7.842381e-04,100.00,14.053
361,3.169992e+00,,7.841175e-04,100.00,14.053
362,3.404386e+00,,7.839964e-04,100.00,14.055
363,3.392898e+00,,7.838748e-04,100.00,14.053
364,3.580712e+00,,7.837528e-04,100.00,14.055
365,3.784072e+00,,7.836303e-04,100.00,14.046
366,2.436159e+00,,7.835074e-04,100.00,14.053
367,3.985951e+00,,7.833840e-04,100.00,14.050
368,3.905124e+00,,7.832602e-04,100.00,14.054
369,3.359711e+00,,7.831359e-04,100.00,14.051
370,4.480551e+00,,7.830112e-04,100.00,14.092
371,5.220300e+00,,7.828860e-04,100.00,14.174
372,3.958548e+00,,7.827604e-04,100.00,14.053
373,4.094945e+00,,7.826343e-04,100.00,14.050
374,5.178104e+00,,7.825078e-04,100.00,14.051
375,4.626859e+00,,7.823809e-04,100.00,14.049
376,3.899089e+00,,7.822534e-04,100.00,14.053
377,4.026280e+00,,7.821256e-04,100.00,14.050
378,4.683070e+00,,7.819973e-04,100.00,14.054
379,4.247277e+00,,7.818685e-04,100.00,14.053
380,3.694178e+00,,7.817393e-04,100.00,14.052
381,3.998557e+00,,7.816096e-04,100.00,14.054
382,4.560707e+00,,7.814795e-04,100.00,14.050
383,3.709240e+00,,7.813490e-04,100.00,14.054
384,3.516016e+00,,7.812180e-04,100.00,14.053
385,3.873597e+00,,7.810865e-04,100.00,14.055
386,3.848229e+00,,7.809547e-04,100.00,14.051
387,3.793258e+00,,7.808223e-04,100.00,14.053
388,3.751975e+00,,7.806895e-04,100.00,14.050
389,3.521641e+00,,7.805563e-04,100.00,14.055
390,3.809088e+00,,7.804226e-04,100.00,14.053
391,3.840814e+00,,7.802885e-04,100.00,14.050
392,3.760604e+00,,7.801539e-04,100.00,14.051
393,3.489710e+00,,7.800189e-04,100.00,14.050
394,3.367305e+00,,7.798834e-04,100.00,13.825
395,3.720101e+00,,7.797475e-04,100.00,13.686
396,3.519037e+00,,7.796112e-04,100.00,13.688
397,3.184677e+00,,7.794743e-04,100.00,13.684
398,3.447204e+00,,7.793371e-04,100.00,13.687
399,3.745456e+00,3.338636e+00,7.791994e-04,58.00,16.104
400,3.667987e+00,,7.790613e-04,100.00,13.693
401,3.401798e+00,,7.789227e-04,100.00,13.829
402,3.365401e+00,,7.787837e-04,100.00,13.825
403,3.463514e+00,,7.786442e-04,100.00,13.684
404,3.478280e+00,,7.785043e-04,100.00,13.691
405,3.263342e+00,,7.783639e-04,100.00,13.690
406,3.259279e+00,,7.782231e-04,100.00,13.693
407,3.454296e+00,,7.780819e-04,100.00,13.691
408,3.124212e+00,,7.779402e-04,100.00,13.692
409,3.195985e+00,,7.777980e-04,100.00,13.688
410,3.474354e+00,,7.776554e-04,100.00,13.689
411,3.186092e+00,,7.775124e-04,100.00,13.689
412,2.992811e+00,,7.773690e-04,100.00,13.749
413,3.154453e+00,,7.772250e-04,100.00,13.802
414,3.612230e+00,,7.770807e-04,100.00,13.686
415,3.288699e+00,,7.769359e-04,100.00,13.691
416,2.898189e+00,,7.767907e-04,100.00,13.688
417,3.130361e+00,,7.766450e-04,100.00,13.687
418,2.933892e+00,,7.764989e-04,100.00,13.687
419,3.047975e+00,,7.763523e-04,100.00,13.691
420,3.190635e+00,,7.762053e-04,100.00,13.688
421,3.221925e+00,,7.760579e-04,100.00,13.690
422,3.065541e+00,,7.759100e-04,100.00,13.692
423,2.926489e+00,,7.757616e-04,100.00,13.693
424,3.112947e+00,,7.756129e-04,100.00,13.692
425,2.966934e+00,,7.754637e-04,100.00,13.693
426,3.029707e+00,,7.753140e-04,100.00,13.692
427,2.553019e+00,,7.751639e-04,100.00,13.689
428,2.994668e+00,,7.750134e-04,100.00,13.692
429,2.935645e+00,,7.748624e-04,100.00,13.692
430,2.770791e+00,,7.747110e-04,100.00,13.689
431,3.052986e+00,,7.745592e-04,100.00,13.690
432,2.918706e+00,,7.744069e-04,100.00,13.690
433,3.057306e+00,,7.742541e-04,100.00,13.694
434,5.261811e+00,,7.741010e-04,100.00,13.692
435,3.846285e+00,,7.739474e-04,100.00,13.692
436,4.095869e+00,,7.737933e-04,100.00,13.691
437,4.690851e+00,,7.736388e-04,100.00,13.695
438,2.916807e+00,,7.734839e-04,100.00,13.689
439,2.936619e+00,,7.733285e-04,100.00,13.694
440,3.406824e+00,,7.731727e-04,100.00,13.692
441,3.837730e+00,,7.730165e-04,100.00,13.692
442,3.827724e+00,,7.728598e-04,100.00,13.691
443,3.616418e+00,,7.727027e-04,100.00,13.692
444,3.547786e+00,,7.725452e-04,100.00,13.689
445,3.421745e+00,,7.723872e-04,100.00,13.688
446,3.331407e+00,,7.722288e-04,100.00,13.757
447,3.450924e+00,,7.720699e-04,100.00,14.052
448,3.580881e+00,,7.719106e-04,100.00,14.053
449,3.353312e+00,,7.717509e-04,100.00,14.051
450,3.350083e+00,,7.715907e-04,100.00,14.056
451,3.090309e+00,,7.714301e-04,100.00,14.051
452,3.575231e+00,,7.712690e-04,100.00,14.054
453,4.004250e+00,,7.711076e-04,100.00,14.057
454,3.392405e+00,,7.709456e-04,100.00,14.059
455,3.657639e+00,,7.707833e-04,100.00,14.057
456,3.855514e+00,,7.706205e-04,100.00,14.057
457,2.863012e+00,,7.704573e-04,100.00,14.059
458,3.552734e+00,,7.702936e-04,100.00,14.057
459,4.143682e+00,,7.701295e-04,100.00,14.056
460,2.824814e+00,,7.699650e-04,100.00,14.056
461,3.218808e+00,,7.698001e-04,100.00,14.057
462,4.100535e+00,,7.696347e-04,100.00,14.057
463,2.783110e+00,,7.694688e-04,100.00,14.059
464,2.960897e+00,,7.693026e-04,100.00,14.008
465,3.414125e+00,,7.691359e-04,100.00,13.866
466,3.215923e+00,,7.689688e-04,100.00,13.861
467,2.884100e+00,,7.688012e-04,100.00,13.870
468,2.879074e+00,,7.686332e-04,100.00,13.868
469,2.743914e+00,,7.684648e-04,100.00,13.863
470,3.126747e+00,,7.682959e-04,100.00,13.863
471,3.316239e+00,,7.681266e-04,100.00,14.027
472,2.771791e+00,,7.679569e-04,100.00,13.868
473,2.972531e+00,,7.677868e-04,100.00,13.862
474,3.389325e+00,,7.676162e-04,100.00,13.863
475,2.872695e+00,,7.674452e-04,100.00,13.863
476,2.676302e+00,,7.672737e-04,100.00,13.869
477,2.613827e+00,,7.671019e-04,100.00,13.865
478,2.553182e+00,,7.669295e-04,100.00,13.862
479,3.346870e+00,,7.667568e-04,100.00,13.862
480,3.135017e+00,,7.665836e-04,100.00,13.969
481,2.840520e+00,,7.664100e-04,100.00,14.064
482,2.691423e+00,,7.662360e-04,100.00,14.059
483,2.518248e+00,,7.660615e-04,100.00,14.056
484,3.028960e+00,,7.658867e-04,100.00,14.049
485,3.492861e+00,,7.657113e-04,100.00,14.045
486,2.884207e+00,,7.655356e-04,100.00,14.036
487,2.871760e+00,,7.653594e-04,100.00,14.036
488,2.782207e+00,,7.651828e-04,100.00,14.043
489,2.713479e+00,,7.650058e-04,100.00,14.042
490,2.934307e+00,,7.648283e-04,100.00,14.047
491,3.036866e+00,,7.646504e-04,100.00,14.048
492,2.849113e+00,,7.644721e-04,100.00,14.043
493,2.713806e+00,,7.642934e-04,100.00,14.049
494,2.766107e+00,,7.641142e-04,100.00,14.045
495,2.976565e+00,,7.639346e-04,100.00,14.049
496,2.820855e+00,,7.637545e-04,100.00,14.047
497,2.670493e+00,,7.635741e-04,100.00,14.051
498,2.784180e+00,,7.633932e-04,100.00,14.050
499,2.856015e+00,2.986449e+00,7.632119e-04,69.00,16.521
500,2.665417e+00,,7.630302e-04,100.00,14.049
501,2.470806e+00,,7.628480e-04,100.00,14.050
502,2.423247e+00,,7.626654e-04,100.00,14.044
503,2.653710e+00,,7.624824e-04,100.00,14.047
504,2.847435e+00,,7.622990e-04,100.00,14.203
505,2.578786e+00,,7.621151e-04,100.00,14.072
506,2.286653e+00,,7.619308e-04,100.00,14.049
507,2.453907e+00,,7.617461e-04,100.00,14.049
508,2.324131e+00,,7.615610e-04,100.00,14.140
509,2.255166e+00,,7.613754e-04,100.00,14.209
510,2.227627e+00,,7.611894e-04,100.00,14.120
511,2.298276e+00,,7.610030e-04,100.00,14.047
512,2.073324e+00,,7.608162e-04,100.00,14.154
513,2.213373e+00,,7.606289e-04,100.00,14.115
514,2.219023e+00,,7.604412e-04,100.00,14.045
515,2.110311e+00,,7.602531e-04,100.00,14.044
516,2.156184e+00,,7.600646e-04,100.00,14.049
517,2.413424e+00,,7.598757e-04,100.00,14.046
518,2.014729e+00,,7.596863e-04,100.00,14.046
519,2.099619e+00,,7.594965e-04,100.00,14.044
520,2.462204e+00,,7.593063e-04,100.00,14.045
521,2.442435e+00,,7.591157e-04,100.00,14.046
522,3.004764e+00,,7.589246e-04,100.00,14.045
523,2.770530e+00,,7.587331e-04,100.00,14.166
524,2.625646e+00,,7.585412e-04,100.00,14.210
525,2.579960e+00,,7.583489e-04,100.00,14.208
526,2.358174e+00,,7.581562e-04,100.00,14.203
527,2.465512e+00,,7.579630e-04,100.00,14.209
528,2.383011e+00,,7.577694e-04,100.00,14.191
529,2.118302e+00,,7.575754e-04,100.00,14.208
530,2.128002e+00,,7.573810e-04,100.00,14.209
531,2.304750e+00,,7.571862e-04,100.00,14.213
532,2.100089e+00,,7.569909e-04,100.00,14.209
533,2.084298e+00,,7.567952e-04,100.00,14.201
534,2.373737e+00,,7.565991e-04,100.00,14.202
535,2.089864e+00,,7.564026e-04,100.00,14.208
536,2.011708e+00,,7.562057e-04,100.00,14.207
537,2.034605e+00,,7.560083e-04,100.00,14.207
538,2.472212e+00,,7.558106e-04,100.00,14.202
539,2.624445e+00,,7.556124e-04,100.00,14.191
540,3.085856e+00,,7.554138e-04,100.00,14.204
541,2.853739e+00,,7.552147e-04,100.00,14.199
542,2.124333e+00,,7.550153e-04,100.00,14.199
543,2.447808e+00,,7.548154e-04,100.00,14.202
544,3.151671e+00,,7.546152e-04,100.00,14.173
545,2.207304e+00,,7.544145e-04,100.00,14.174
546,2.169153e+00,,7.542134e-04,100.00,14.176
547,2.189582e+00,,7.540119e-04,100.00,14.179
548,2.269533e+00,,7.538099e-04,100.00,14.199
549,2.137232e+00,,7.536076e-04,100.00,14.204
550,2.237516e+00,,7.534048e-04,100.00,14.095
551,2.350287e+00,,7.532016e-04,100.00,14.203
552,2.247683e+00,,7.529980e-04,100.00,14.178
553,1.789189e+00,,7.527940e-04,100.00,14.198
554,1.976183e+00,,7.525896e-04,100.00,14.050
555,1.697026e+00,,7.523848e-04,100.00,14.173
556,1.910062e+00,,7.521795e-04,100.00,14.183
557,2.129344e+00,,7.519739e-04,100.00,14.176
558,2.046864e+00,,7.517678e-04,100.00,14.205
559,1.972390e+00,,7.515613e-04,100.00,14.195
560,1.993344e+00,,7.513544e-04,100.00,14.194
561,1.763533e+00,,7.511471e-04,100.00,14.177
562,1.582564e+00,,7.509394e-04,100.00,14.194
563,1.545370e+00,,7.507312e-04,100.00,14.185
564,1.539085e+00,,7.505227e-04,100.00,14.188
565,1.733376e+00,,7.503137e-04,100.00,14.182
566,1.528952e+00,,7.501043e-04,100.00,14.188
567,1.789229e+00,,7.498946e-04,100.00,14.193
568,1.560745e+00,,7.496844e-04,100.00,14.197
569,1.480029e+00,,7.494738e-04,100.00,14.217
570,1.688668e+00,,7.492627e-04,100.00,14.051
571,1.711421e+00,,7.490513e-04,100.00,14.051
572,1.733194e+00,,7.488395e-04,100.00,14.051
573,1.491293e+00,,7.486272e-04,100.00,14.052
574,1.785161e+00,,7.484146e-04,100.00,14.151
575,1.742752e+00,,7.482015e-04,100.00,14.109
576,1.380602e+00,,7.479881e-04,100.00,14.050
577,1.838042e+00,,7.477742e-04,100.00,14.052
578,1.371223e+00,,7.475599e-04,100.00,14.050
579,1.623552e+00,,7.473452e-04,100.00,14.051
580,1.696799e+00,,7.471301e-04,100.00,14.051
581,1.535766e+00,,7.469146e-04,100.00,14.050
582,1.603047e+00,,7.466987e-04,100.00,14.054
583,1.625732e+00,,7.464824e-04,100.00,14.049
584,1.537829e+00,,7.462656e-04,100.00,14.049
585,1.458074e+00,,7.460485e-04,100.00,13.997
586,1.671554e+00,,7.458310e-04,100.00,13.866
587,1.530739e+00,,7.456130e-04,100.00,13.858
588,1.592967e+00,,7.453947e-04,100.00,13.848
589,1.653613e+00,,7.451759e-04,100.00,13.847
590,1.568625e+00,,7.449567e-04,100.00,13.854
591,1.640308e+00,,7.447372e-04,100.00,13.974
592,1.632822e+00,,7.445172e-04,100.00,14.054
593,1.747792e+00,,7.442968e-04,100.00,14.058
594,2.188993e+00,,7.440760e-04,100.00,14.060
595,2.372938e+00,,7.438548e-04,100.00,14.059
596,2.211347e+00,,7.436333e-04,100.00,14.054
597,2.020514e+00,,7.434113e-04,100.00,14.056
598,1.923264e+00,,7.431889e-04,100.00,14.052
599,1.868648e+00,1.544349e+00,7.429661e-04,63.00,16.537
600,1.914060e+00,,7.427429e-04,100.00,14.052
601,2.229957e+00,,7.425193e-04,100.00,14.169
602,2.151250e+00,,7.422953e-04,100.00,14.108
603,1.798885e+00,,7.420709e-04,100.00,14.056
604,1.779399e+00,,7.418460e-04,100.00,14.055
605,1.936295e+00,,7.416208e-04,100.00,14.057
606,1.971389e+00,,7.413952e-04,100.00,14.058
607,2.450284e+00,,7.411692e-04,100.00,14.057
608,2.317567e+00,,7.409428e-04,100.00,14.058
609,1.956095e+00,,7.407160e-04,100.00,14.169
610,1.987775e+00,,7.404888e-04,100.00,14.107
611,2.200045e+00,,7.402612e-04,100.00,14.056
612,2.097615e+00,,7.400332e-04,100.00,14.057
613,2.311206e+00,,7.398048e-04,100.00,14.059
614,2.225516e+00,,7.395760e-04,100.00,14.056
615,1.862091e+00,,7.393467e-04,100.00,14.053
616,1.835490e+00,,7.391171e-04,100.00,14.056
617,2.060007e+00,,7.388871e-04,100.00,14.054
618,2.112905e+00,,7.386567e-04,100.00,14.044
619,1.755570e+00,,7.384259e-04,100.00,13.675
620,1.896745e+00,,7.381947e-04,100.00,13.671
621,1.909107e+00,,7.379632e-04,100.00,13.833
622,2.256796e+00,,7.377312e-04,100.00,13.855
623,2.285341e+00,,7.374988e-04,100.00,13.850
624,2.022052e+00,,7.372660e-04,100.00,13.849
625,3.101412e+00,,7.370328e-04,100.00,13.848
626,2.480958e+00,,7.367993e-04,100.00,13.846
627,2.225523e+00,,7.365653e-04,100.00,13.848
628,2.497789e+00,,7.363309e-04,100.00,13.850
629,2.592184e+00,,7.360962e-04,100.00,13.851
630,1.941095e+00,,7.358610e-04,100.00,13.850
631,2.257898e+00,,7.356255e-04,100.00,13.852
632,2.787685e+00,,7.353895e-04,100.00,13.852
633,2.054778e+00,,7.351532e-04,100.00,13.853
634,1.973396e+00,,7.349165e-04,100.00,13.853
635,2.431973e+00,,7.346794e-04,100.00,13.847
636,2.223841e+00,,7.344418e-04,100.00,13.852
637,2.015688e+00,,7.342039e-04,100.00,13.852
638,1.897491e+00,,7.339656e-04,100.00,13.850
639,2.187564e+00,,7.337270e-04,100.00,13.848
640,2.595966e+00,,7.334879e-04,100.00,13.885
641,2.611995e+00,,7.332484e-04,100.00,14.058
642,2.365538e+00,,7.330085e-04,100.00,14.064
643,2.428722e+00,,7.327683e-04,100.00,14.064
644,3.145026e+00,,7.325276e-04,100.00,14.052
645,2.270859e+00,,7.322866e-04,100.00,14.055
646,2.312130e+00,,7.320452e-04,100.00,14.056
647,2.146639e+00,,7.318034e-04,100.00,14.053
648,2.206902e+00,,7.315612e-04,100.00,14.054
649,2.659480e+00,,7.313186e-04,100.00,13.983
650,2.531126e+00,,7.310756e-04,100.00,13.861
651,2.292572e+00,,7.308322e-04,100.00,13.853
652,2.394530e+00,,7.305885e-04,100.00,13.857
653,2.558999e+00,,7.303443e-04,100.00,13.857
654,2.104361e+00,,7.300998e-04,100.00,13.853
655,2.285077e+00,,7.298549e-04,100.00,13.856
656,2.682181e+00,,7.296096e-04,100.00,13.852
657,2.031563e+00,,7.293639e-04,100.00,13.857
658,1.960024e+00,,7.291178e-04,100.00,13.851
659,2.468760e+00,,7.288713e-04,100.00,13.860
660,2.164279e+00,,7.286245e-04,100.00,13.862
661,1.885295e+00,,7.283772e-04,100.00,13.858
662,2.260740e+00,,7.281296e-04,100.00,13.860
663,2.434660e+00,,7.278816e-04,100.00,13.859
664,2.021095e+00,,7.276332e-04,100.00,13.859
665,1.982692e+00,,7.273844e-04,100.00,13.858
666,2.087670e+00,,7.271353e-04,100.00,13.859
667,2.336712e+00,,7.268857e-04,100.00,13.860
668,2.071784e+00,,7.266358e-04,100.00,13.862
669,1.910022e+00,,7.263855e-04,100.00,13.862
670,1.918518e+00,,7.261348e-04,100.00,13.862
671,2.115227e+00,,7.258837e-04,100.00,13.863
672,2.123957e+00,,7.256322e-04,100.00,13.867
673,1.894856e+00,,7.253804e-04,100.00,13.863
674,2.007202e+00,,7.251282e-04,100.00,13.876
675,1.979598e+00,,7.248755e-04,100.00,14.015
676,1.952793e+00,,7.246226e-04,100.00,13.860
677,1.978639e+00,,7.243692e-04,100.00,13.857
678,1.973103e+00,,7.241154e-04,100.00,13.854
679,1.783561e+00,,7.238613e-04,100.00,13.858
680,1.783580e+00,,7.236068e-04,100.00,13.912
681,2.178968e+00,,7.233519e-04,100.00,14.156
682,1.935011e+00,,7.230966e-04,100.00,14.211
683,1.712001e+00,,7.228410e-04,100.00,14.188
684,2.055654e+00,,7.225850e-04,100.00,14.174
685,2.269831e+00,,7.223286e-04,100.00,14.167
686,1.910521e+00,,7.220718e-04,100.00,14.174
687,1.982091e+00,,7.218146e-04,100.00,14.184
688,1.920547e+00,,7.215571e-04,100.00,14.166
689,2.078381e+00,,7.212991e-04,100.00,14.166
690,1.969865e+00,,7.210408e-04,100.00,14.167
691,1.641952e+00,,7.207822e-04,100.00,14.160
692,1.693382e+00,,7.205231e-04,100.00,14.171
693,1.978163e+00,,7.202637e-04,100.00,14.168
694,1.870769e+00,,7.200039e-04,100.00,14.167
695,1.646898e+00,,7.197437e-04,100.00,14.168
696,1.732685e+00,,7.194832e-04,100.00,14.161
697,1.827438e+00,,7.192223e-04,100.00,14.165
698,1.981118e+00,,7.189610e-04,100.00,14.165
699,1.990173e+00,2.123589e+00,7.186993e-04,59.00,16.495
700,2.103701e+00,,7.184372e-04,100.00,14.168
701,2.335933e+00,,7.181748e-04,100.00,14.163
702,2.018262e+00,,7.179120e-04,100.00,14.178
703,1.979911e+00,,7.176488e-04,100.00,14.163
704,1.888990e+00,,7.173853e-04,100.00,14.181
705,1.804386e+00,,7.171214e-04,100.00,14.174
706,2.119727e+00,,7.168571e-04,100.00,14.202
707,3.068277e+00,,7.165924e-04,100.00,14.206
708,2.341023e+00,,7.163274e-04,100.00,14.178
709,2.613063e+00,,7.160620e-04,100.00,14.209
710,2.839393e+00,,7.157962e-04,100.00,13.931
711,2.478845e+00,,7.155301e-04,100.00,13.859
712,3.017544e+00,,7.152636e-04,100.00,13.861
713,3.136096e+00,,7.149967e-04,100.00,13.865
714,2.411776e+00,,7.147294e-04,100.00,13.857
715,2.621727e+00,,7.144618e-04,100.00,13.858
716,2.197194e+00,,7.141938e-04,100.00,13.853
717,2.082369e+00,,7.139255e-04,100.00,13.847
718,1.968930e+00,,7.136567e-04,100.00,13.842
719,1.991040e+00,,7.133876e-04,100.00,13.847
720,1.887653e+00,,7.131182e-04,100.00,13.844
721,1.799455e+00,,7.128483e-04,100.00,13.844
722,1.919765e+00,,7.125781e-04,100.00,13.846
723,1.794745e+00,,7.123076e-04,100.00,13.846
724,1.733202e+00,,7.120367e-04,100.00,13.846
725,1.664896e+00,,7.117654e-04,100.00,13.840
726,1.686918e+00,,7.114937e-04,100.00,13.846
727,1.909215e+00,,7.112217e-04,100.00,13.846
728,1.989258e+00,,7.109493e-04,100.00,13.842
729,1.935190e+00,,7.106765e-04,100.00,13.844
730,2.009250e+00,,7.104034e-04,100.00,13.843
731,1.984725e+00,,7.101299e-04,100.00,13.841
732,1.807449e+00,,7.098560e-04,100.00,13.845
733,1.904328e+00,,7.095818e-04,100.00,13.842
734,1.878515e+00,,7.093072e-04,100.00,13.844
735,1.767638e+00,,7.090323e-04,100.00,13.845
736,1.804034e+00,,7.087570e-04,100.00,13.845
737,1.909939e+00,,7.084813e-04,100.00,13.842
738,1.838314e+00,,7.082053e-04,100.00,13.840
739,1.785128e+00,,7.079289e-04,100.00,13.840
740,1.696254e+00,,7.076522e-04,100.00,13.843
741,1.804387e+00,,7.073750e-04,100.00,13.953
742,1.909635e+00,,7.070976e-04,100.00,14.049
743,1.766955e+00,,7.068197e-04,100.00,14.047
744,1.706299e+00,,7.065415e-04,100.00,14.049
745,2.307686e+00,,7.062630e-04,100.00,14.052
746,1.989757e+00,,7.059841e-04,100.00,14.048
747,2.053376e+00,,7.057048e-04,100.00,14.053
748,1.896633e+00,,7.054252e-04,100.00,14.052
749,1.768875e+00,,7.051452e-04,100.00,14.051
750,1.798806e+00,,7.048648e-04,100.00,14.050
751,1.777783e+00,,7.045841e-04,100.00,14.052
752,1.862151e+00,,7.043031e-04,100.00,14.050
753,1.901124e+00,,7.040216e-04,100.00,14.051
754,1.785298e+00,,7.037399e-04,100.00,14.050
755,1.775995e+00,,7.034577e-04,100.00,14.049
756,1.734934e+00,,7.031752e-04,100.00,14.049
757,1.845253e+00,,7.028924e-04,100.00,14.051
758,1.581415e+00,,7.026092e-04,100.00,14.054
759,1.778725e+00,,7.023256e-04,100.00,13.936
760,1.774739e+00,,7.020417e-04,100.00,13.855
761,1.647216e+00,,7.017574e-04,100.00,13.849
762,1.658731e+00,,7.014728e-04,100.00,13.850
763,1.829823e+00,,7.011879e-04,100.00,13.845
764,1.623268e+00,,7.009025e-04,100.00,13.848
765,1.554718e+00,,7.006168e-04,100.00,13.849
766,1.618746e+00,,7.003308e-04,100.00,13.851
767,1.777221e+00,,7.000444e-04,100.00,13.849
768,1.617035e+00,,6.997577e-04,100.00,13.853
769,1.406840e+00,,6.994706e-04,100.00,13.850
770,1.441964e+00,,6.991832e-04,100.00,13.849
771,1.433649e+00,,6.988954e-04,100.00,13.854
772,1.347255e+00,,6.986072e-04,100.00,13.849
773,1.435710e+00,,6.983187e-04,100.00,13.852
774,1.575437e+00,,6.980299e-04,100.00,13.973
775,1.385813e+00,,6.977407e-04,100.00,13.895
776,1.502799e+00,,6.974512e-04,100.00,13.850
777,1.340237e+00,,6.971613e-04,100.00,13.854
778,1.507786e+00,,6.968710e-04,100.00,13.850
779,1.445359e+00,,6.965804e-04,100.00,13.855
780,1.669995e+00,,6.962895e-04,100.00,13.850
781,1.409922e+00,,6.959982e-04,100.00,13.849
782,1.670490e+00,,6.957066e-04,100.00,13.850
783,1.440701e+00,,6.954146e-04,100.00,13.850
784,1.463202e+00,,6.951223e-04,100.00,13.853
785,1.423987e+00,,6.948296e-04,100.00,13.853
786,1.487860e+00,,6.945366e-04,100.00,13.853
787,1.554047e+00,,6.942432e-04,100.00,13.853
788,1.486895e+00,,6.939495e-04,100.00,13.854
789,1.622796e+00,,6.936555e-04,100.00,13.849
790,1.289409e+00,,6.933611e-04,100.00,13.850
791,1.624631e+00,,6.930663e-04,100.00,13.852
792,1.896645e+00,,6.927712e-04,100.00,13.854
793,2.120827e+00,,6.924758e-04,100.00,13.853
794,1.817654e+00,,6.921800e-04,100.00,13.852
795,1.866768e+00,,6.918839e-04,100.00,13.853
796,1.707289e+00,,6.915875e-04,100.00,13.931
797,1.704059e+00,,6.912906e-04,100.00,14.047
798,1.919007e+00,,6.909935e-04,100.00,14.046
799,1.972329e+00,1.864091e+00,6.906960e-04,14.00,16.387
800,1.774398e+00,,6.903982e-04,100.00,14.047
801,1.855824e+00,,6.901000e-04,100.00,14.047
802,1.812173e+00,,6.898015e-04,100.00,14.051
803,1.900358e+00,,6.895027e-04,100.00,14.158
804,1.898690e+00,,6.892035e-04,100.00,14.127
805,1.811092e+00,,6.889040e-04,100.00,14.053
806,1.867989e+00,,6.886041e-04,100.00,14.053
807,1.764826e+00,,6.883039e-04,100.00,14.053
808,1.885113e+00,,6.880034e-04,100.00,14.224
809,1.775083e+00,,6.877025e-04,100.00,14.053
810,1.736750e+00,,6.874013e-04,100.00,14.052
811,1.876601e+00,,6.870997e-04,100.00,14.051
812,2.204002e+00,,6.867978e-04,100.00,14.055
813,1.931616e+00,,6.864956e-04,100.00,14.053
814,1.986142e+00,,6.861930e-04,100.00,14.050
815,1.900924e+00,,6.858901e-04,100.00,14.051
816,1.796611e+00,,6.855869e-04,100.00,14.054
817,1.683293e+00,,6.852833e-04,100.00,14.051
818,1.785300e+00,,6.849794e-04,100.00,14.057
819,2.058456e+00,,6.846752e-04,100.00,14.052
820,1.851340e+00,,6.843706e-04,100.00,14.053
821,1.718035e+00,,6.840657e-04,100.00,14.054
822,1.798590e+00,,6.837604e-04,100.00,14.057
823,1.829632e+00,,6.834549e-04,100.00,13.958
824,1.715501e+00,,6.831490e-04,100.00,13.865
825,1.770454e+00,,6.828427e-04,100.00,13.865
826,1.840990e+00,,6.825361e-04,100.00,13.862
827,1.853229e+00,,6.822292e-04,100.00,13.971
828,1.760207e+00,,6.819220e-04,100.00,13.865
829,1.629683e+00,,6.816144e-04,100.00,13.864
830,1.631796e+00,,6.813065e-04,100.00,13.863
831,1.777050e+00,,6.809983e-04,100.00,13.866
832,1.835647e+00,,6.806898e-04,100.00,13.862
833,1.604275e+00,,6.803809e-04,100.00,13.865
834,1.556548e+00,,6.800717e-04,100.00,13.858
835,1.737940e+00,,6.797621e-04,100.00,13.862
836,1.779539e+00,,6.794522e-04,100.00,13.860
837,1.635312e+00,,6.791420e-04,100.00,13.863
838,1.676781e+00,,6.788315e-04,100.00,13.863
839,1.774328e+00,,6.785207e-04,100.00,13.863
840,1.675105e+00,,6.782095e-04,100.00,13.863
841,1.649989e+00,,6.778980e-04,100.00,13.863
842,1.710863e+00,,6.775861e-04,100.00,14.026
843,1.576943e+00,,6.772740e-04,100.00,14.068
844,1.595875e+00,,6.769615e-04,100.00,14.065
845,1.745883e+00,,6.766487e-04,100.00,14.072
846,1.616294e+00,,6.763356e-04,100.00,14.074
847,1.552684e+00,,6.760221e-04,100.00,14.067
848,1.620283e+00,,6.757083e-04,100.00,13.865
849,1.622156e+00,,6.753942e-04,100.00,13.859
850,1.587259e+00,,6.750798e-04,100.00,13.865
851,1.495824e+00,,6.747650e-04,100.00,13.859
852,1.671003e+00,,6.744500e-04,100.00,13.868
853,1.507976e+00,,6.741346e-04,100.00,13.867
854,1.391400e+00,,6.738188e-04,100.00,13.868
855,1.637231e+00,,6.735028e-04,100.00,13.863
856,1.671401e+00,,6.731864e-04,100.00,13.865
857,1.391971e+00,,6.728698e-04,100.00,13.862
858,1.328477e+00,,6.725528e-04,100.00,13.862
859,1.512666e+00,,6.722354e-04,100.00,13.865
860,1.472603e+00,,6.719178e-04,100.00,13.861
861,1.545650e+00,,6.715998e-04,100.00,13.861
862,1.612012e+00,,6.712816e-04,100.00,13.859
863,1.453231e+00,,6.709630e-04,100.00,13.928
864,1.311211e+00,,6.706440e-04,100.00,13.969
865,1.288516e+00,,6.703248e-04,100.00,13.683
866,1.310408e+00,,6.700053e-04,100.00,13.684
867,1.343806e+00,,6.696854e-04,100.00,13.737
868,1.275256e+00,,6.693652e-04,100.00,14.068
869,1.235938e+00,,6.690447e-04,100.00,14.070
870,1.316729e+00,,6.687239e-04,100.00,14.071
871,1.349837e+00,,6.684028e-04,100.00,14.066
872,1.252707e+00,,6.680813e-04,100.00,14.063
873,1.270677e+00,,6.677596e-04,100.00,14.061
874,1.326084e+00,,6.674375e-04,100.00,14.067
875,1.289675e+00,,6.671151e-04,100.00,14.068
876,1.273614e+00,,6.667924e-04,100.00,14.068
877,1.221430e+00,,6.664694e-04,100.00,14.067
878,1.321142e+00,,6.661461e-04,100.00,14.068
879,1.329542e+00,,6.658224e-04,100.00,14.069
880,1.261815e+00,,6.654985e-04,100.00,14.066
881,1.203786e+00,,6.651742e-04,100.00,14.069
882,1.305797e+00,,6.648496e-04,100.00,14.067
883,1.292149e+00,,6.645247e-04,100.00,14.068
884,1.245240e+00,,6.641996e-04,100.00,14.068
885,1.235635e+00,,6.638740e-04,100.00,13.813
886,1.320834e+00,,6.635482e-04,100.00,13.685
887,1.254124e+00,,6.632221e-04,100.00,13.687
888,1.273938e+00,,6.628957e-04,100.00,13.687
889,1.335984e+00,,6.625689e-04,100.00,13.690
890,1.224426e+00,,6.622419e-04,100.00,13.693
891,1.308358e+00,,6.619145e-04,100.00,13.702
892,1.287750e+00,,6.615869e-04,100.00,13.690
893,1.266846e+00,,6.612589e-04,100.00,13.690
894,1.270606e+00,,6.609306e-04,100.00,13.686
895,1.253577e+00,,6.606020e-04,100.00,13.686
896,1.245929e+00,,6.602731e-04,100.00,13.717
897,1.268627e+00,,6.599439e-04,100.00,14.063
898,1.301073e+00,,6.596144e-04,100.00,14.057
899,1.250710e+00,1.245439e+00,6.592846e-04,80.00,16.616
900,1.302992e+00,,6.589545e-04,100.00,14.065
901,1.178705e+00,,6.586241e-04,100.00,14.023
902,1.242523e+00,,6.582934e-04,100.00,13.859
903,1.210379e+00,,6.579624e-04,100.00,13.856
904,1.281792e+00,,6.576310e-04,100.00,13.864
905,1.197813e+00,,6.572994e-04,100.00,13.962
906,1.296037e+00,,6.569675e-04,100.00,13.911
907,1.291101e+00,,6.566353e-04,100.00,13.855
908,1.165676e+00,,6.563027e-04,100.00,13.863
909,1.196878e+00,,6.559699e-04,100.00,13.856
910,1.318389e+00,,6.556368e-04,100.00,13.995
911,1.185825e+00,,6.553033e-04,100.00,13.887
912,1.204683e+00,,6.549696e-04,100.00,13.859
913,1.131999e+00,,6.546356e-04,100.00,13.859
914,1.222178e+00,,6.543012e-04,100.00,13.857
915,1.220141e+00,,6.539666e-04,100.00,13.858
916,1.271530e+00,,6.536317e-04,100.00,13.860
917,1.205445e+00,,6.532965e-04,100.00,13.863
918,1.151837e+00,,6.529609e-04,100.00,13.861
919,1.153875e+00,,6.526251e-04,100.00,13.863
920,1.210661e+00,,6.522890e-04,100.00,13.858
921,1.189449e+00,,6.519526e-04,100.00,13.860
922,1.117703e+00,,6.516159e-04,100.00,13.859
923,1.198326e+00,,6.512789e-04,100.00,13.855
924,1.115106e+00,,6.509416e-04,100.00,13.854
925,1.144571e+00,,6.506040e-04,100.00,13.857
926,1.245373e+00,,6.502661e-04,100.00,13.856
927,1.094321e+00,,6.499279e-04,100.00,13.858
928,1.079613e+00,,6.495895e-04,100.00,13.859
929,1.155312e+00,,6.492507e-04,100.00,13.855
930,1.139221e+00,,6.489116e-04,100.00,13.859
931,1.118978e+00,,6.485723e-04,100.00,13.857
932,1.177733e+00,,6.482327e-04,100.00,13.856
933,1.071251e+00,,6.478927e-04,100.00,13.856
934,1.094613e+00,,6.475525e-04,100.00,14.056
935,1.091818e+00,,6.472120e-04,100.00,14.058
936,1.040213e+00,,6.468712e-04,100.00,14.058
937,1.157889e+00,,6.465301e-04,100.00,14.063
938,1.078223e+00,,6.461887e-04,100.00,14.062
939,1.095425e+00,,6.458470e-04,100.00,14.064
940,1.006512e+00,,6.455051e-04,100.00,14.058
941,1.067105e+00,,6.451628e-04,100.00,14.063
942,1.048286e+00,,6.448203e-04,100.00,14.060
943,1.101219e+00,,6.444775e-04,100.00,14.063
944,8.976732e-01,,6.441344e-04,100.00,14.060
945,1.228900e+00,,6.437910e-04,100.00,14.060
946,1.024787e+00,,6.434473e-04,100.00,14.059
947,9.403189e-01,,6.431033e-04,100.00,14.060
948,1.145119e+00,,6.427590e-04,100.00,14.060
949,9.289201e-01,,6.424145e-04,100.00,14.061
950,1.087034e+00,,6.420697e-04,100.00,14.047
951,1.033055e+00,,6.417246e-04,100.00,14.045
952,1.034605e+00,,6.413792e-04,100.00,14.043
953,1.048658e+00,,6.410335e-04,100.00,14.044
954,1.046712e+00,,6.406876e-04,100.00,14.044
955,1.066420e+00,,6.403413e-04,100.00,14.046
956,9.958385e-01,,6.399948e-04,100.00,14.056
957,1.004566e+00,,6.396480e-04,100.00,14.052
958,1.102098e+00,,6.393009e-04,100.00,14.062
959,9.057933e-01,,6.389535e-04,100.00,14.055
960,1.037372e+00,,6.386059e-04,100.00,14.060
961,1.169435e+00,,6.382580e-04,100.00,14.060
962,8.674166e-01,,6.379098e-04,100.00,14.060
963,1.010645e+00,,6.375613e-04,100.00,14.058
964,1.011000e+00,,6.372125e-04,100.00,14.063
965,9.487791e-01,,6.368635e-04,100.00,14.058
966,9.404976e-01,,6.365142e-04,100.00,14.062
967,1.134884e+00,,6.361646e-04,100.00,14.058
968,1.081104e+00,,6.358147e-04,100.00,14.059
969,9.393989e-01,,6.354645e-04,100.00,14.061
970,1.049949e+00,,6.351141e-04,100.00,14.057
971,1.085227e+00,,6.347634e-04,100.00,14.061
972,8.365447e-01,,6.344124e-04,100.00,14.060
973,1.111249e+00,,6.340612e-04,100.00,14.060
974,1.072778e+00,,6.337096e-04,100.00,14.062
975,9.697432e-01,,6.333578e-04,100.00,14.061
976,1.179980e+00,,6.330058e-04,100.00,14.060
977,1.265834e+00,,6.326534e-04,100.00,14.064
978,1.108787e+00,,6.323008e-04,100.00,14.062
979,1.370490e+00,,6.319479e-04,100.00,14.229
980,1.143848e+00,,6.315947e-04,100.00,14.078
981,1.125177e+00,,6.312413e-04,100.00,14.069
982,1.245797e+00,,6.308876e-04,100.00,14.066
983,1.294741e+00,,6.305336e-04,100.00,14.067
984,1.262905e+00,,6.301793e-04,100.00,14.067
985,1.192595e+00,,6.298248e-04,100.00,14.068
986,1.197595e+00,,6.294700e-04,100.00,14.066
987,1.227458e+00,,6.291150e-04,100.00,14.063
988,1.236487e+00,,6.287596e-04,100.00,14.065
989,1.206129e+00,,6.284040e-04,100.00,14.067
990,1.187179e+00,,6.280482e-04,100.00,14.068
991,1.227473e+00,,6.276920e-04,100.00,14.066
992,1.163973e+00,,6.273356e-04,100.00,14.065
993,1.183600e+00,,6.269789e-04,100.00,14.064
994,1.094198e+00,,6.266220e-04,100.00,14.066
995,1.180616e+00,,6.262648e-04,100.00,14.066
996,1.222397e+00,,6.259073e-04,100.00,14.065
997,1.119883e+00,,6.255496e-04,100.00,14.063
998,1.168156e+00,,6.251916e-04,100.00,14.066
999,1.170965e+00,1.159273e+00,6.248334e-04,69.00,16.546
1000,1.150904e+00,,6.244748e-04,100.00,14.065
1001,1.167350e+00,,6.241160e-04,100.00,14.066
1002,1.156951e+00,,6.237570e-04,100.00,14.067
1003,1.138901e+00,,6.233977e-04,100.00,14.069
1004,1.198828e+00,,6.230381e-04,100.00,14.065
1005,1.061639e+00,,6.226783e-04,100.00,14.070
1006,1.167426e+00,,6.223182e-04,100.00,13.942
1007,1.181997e+00,,6.219578e-04,100.00,13.862
1008,1.192045e+00,,6.215972e-04,100.00,13.864
1009,1.134539e+00,,6.212363e-04,100.00,13.866
1010,1.061412e+00,,6.208752e-04,100.00,13.858
1011,1.157186e+00,,6.205138e-04,100.00,13.855
1012,1.172391e+00,,6.201521e-04,100.00,13.854
1013,1.137231e+00,,6.197902e-04,100.00,14.025
1014,1.142066e+00,,6.194280e-04,100.00,13.852
1015,1.143914e+00,,6.190656e-04,100.00,13.880
1016,1.126669e+00,,6.187029e-04,100.00,14.063
1017,1.165170e+00,,6.183399e-04,100.00,13.977
1018,1.075638e+00,,6.179767e-04,100.00,13.952
1019,1.135509e+00,,6.176133e-04,100.00,13.965
1020,1.086866e+00,,6.172496e-04,100.00,13.957
1021,1.087792e+00,,6.168856e-04,100.00,13.953
1022,1.085378e+00,,6.165214e-04,100.00,13.952
1023,1.174390e+00,,6.161569e-04,100.00,13.958
1024,1.183854e+00,,6.157922e-04,100.00,13.963
1025,1.059517e+00,,6.154272e-04,100.00,13.962
1026,1.130897e+00,,6.150619e-04,100.00,13.953
1027,1.084229e+00,,6.146965e-04,100.00,13.952
1028,1.195282e+00,,6.143307e-04,100.00,13.952
1029,1.126233e+00,,6.139647e-04,100.00,13.949
1030,1.054579e+00,,6.135985e-04,100.00,13.951
1031,1.035560e+00,,6.132320e-04,100.00,13.955
1032,1.125363e+00,,6.128652e-04,100.00,13.958
1033,1.156170e+00,,6.124982e-04,100.00,13.954
1034,1.099560e+00,,6.121310e-04,100.00,13.958
1035,1.171316e+00,,6.117635e-04,100.00,13.956
1036,1.114626e+00,,6.113958e-04,100.00,13.954
1037,9.594800e-01,,6.110278e-04,100.00,13.958
1038,1.129281e+00,,6.106595e-04,100.00,13.955
1039,1.128612e+00,,6.102911e-04,100.00,13.954
1040,1.141418e+00,,6.099223e-04,100.00,13.954
1041,9.857895e-01,,6.095534e-04,100.00,13.955
1042,1.045130e+00,,6.091841e-04,100.00,13.956
1043,1.075784e+00,,6.088147e-04,100.00,13.956
1044,1.192290e+00,,6.084449e-04,100.00,13.955
1045,9.904426e-01,,6.080750e-04,100.00,13.956
1046,1.059874e+00,,6.077048e-04,100.00,13.991
1047,9.817589e-01,,6.073343e-04,100.00,14.062
1048,1.202433e+00,,6.069637e-04,100.00,14.065
1049,1.053210e+00,,6.065927e-04,100.00,14.062
1050,1.055998e+00,,6.062215e-04,100.00,14.061
1051,1.094813e+00,,6.058501e-04,100.00,14.060
1052,1.047980e+00,,6.054785e-04,100.00,14.058
1053,1.085829e+00,,6.051066e-04,100.00,14.061
1054,9.191552e-01,,6.047344e-04,100.00,14.061
1055,9.863653e-01,,6.043620e-04,100.00,14.061
1056,9.761785e-01,,6.039894e-04,100.00,14.059
1057,9.669442e-01,,6.036166e-04,100.00,14.060
1058,9.147104e-01,,6.032435e-04,100.00,14.061
1059,9.302280e-01,,6.028701e-04,100.00,14.059
1060,9.607874e-01,,6.024966e-04,100.00,14.060
1061,9.946096e-01,,6.021227e-04,100.00,14.060
1062,9.883329e-01,,6.017487e-04,100.00,14.060
1063,9.821968e-01,,6.013744e-04,100.00,14.060
1064,9.981501e-01,,6.009999e-04,100.00,14.059
1065,9.630287e-01,,6.006251e-04,100.00,14.060
1066,9.396763e-01,,6.002501e-04,100.00,14.060
1067,9.183934e-01,,5.998749e-04,100.00,14.064
1068,9.166858e-01,,5.994994e-04,100.00,14.058
1069,8.382868e-01,,5.991237e-04,100.00,14.061
1070,1.027545e+00,,5.987478e-04,100.00,14.059
1071,1.055586e+00,,5.983716e-04,100.00,14.062
1072,1.080388e+00,,5.979952e-04,100.00,14.059
1073,1.049375e+00,,5.976186e-04,100.00,14.062
1074,1.182642e+00,,5.972417e-04,100.00,14.061
1075,1.217520e+00,,5.968647e-04,100.00,14.064
1076,1.183109e+00,,5.964873e-04,100.00,14.065
1077,1.130812e+00,,5.961098e-04,100.00,14.093
1078,1.145803e+00,,5.957320e-04,100.00,14.205
1079,1.215346e+00,,5.953540e-04,100.00,14.063
1080,1.232532e+00,,5.949757e-04,100.00,14.060
1081,1.125546e+00,,5.945973e-04,100.00,14.063
1082,1.123221e+00,,5.942186e-04,100.00,14.065
1083,1.153522e+00,,5.938396e-04,100.00,14.061
1084,1.192342e+00,,5.934605e-04,100.00,14.069
1085,1.064945e+00,,5.930811e-04,100.00,14.064
1086,1.142766e+00,,5.927015e-04,100.00,14.061
1087,1.096285e+00,,5.923216e-04,100.00,14.063
1088,1.088449e+00,,5.919416e-04,100.00,14.067
1089,1.129456e+00,,5.915613e-04,100.00,14.060
1090,1.152535e+00,,5.911808e-04,100.00,14.064
1091,1.015853e+00,,5.908000e-04,100.00,14.062
1092,1.158062e+00,,5.904191e-04,100.00,14.063
1093,1.070462e+00,,5.900379e-04,100.00,14.064
1094,1.114669e+00,,5.896565e-04,100.00,14.062
1095,9.741357e-01,,5.892748e-04,100.00,14.061
1096,1.211124e+00,,5.888930e-04,100.00,14.066
1097,1.012512e+00,,5.885109e-04,100.00,14.065
1098,9.741494e-01,,5.881286e-04,100.00,14.059
1099,1.032526e+00,9.012870e-01,5.877461e-04,59.00,16.538
1100,1.081898e+00,,5.873634e-04,100.00,14.056
1101,1.124356e+00,,5.869804e-04,100.00,14.057
1102,1.012517e+00,,5.865972e-04,100.00,14.055
1103,1.021790e+00,,5.862139e-04,100.00,14.054
1104,1.041207e+00,,5.858302e-04,100.00,14.054
1105,1.109497e+00,,5.854464e-04,100.00,14.057
1106,1.049419e+00,,5.850624e-04,100.00,14.056
1107,1.043143e+00,,5.846781e-04,100.00,14.051
1108,1.101387e+00,,5.842936e-04,100.00,14.053
1109,1.005821e+00,,5.839089e-04,100.00,14.058
1110,1.106791e+00,,5.835240e-04,100.00,14.054
1111,9.605721e-01,,5.831389e-04,100.00,14.055
1112,1.037953e+00,,5.827535e-04,100.00,14.124
1113,1.094822e+00,,5.823680e-04,100.00,14.154
1114,9.447738e-01,,5.819822e-04,100.00,14.056
1115,9.769440e-01,,5.815962e-04,100.00,14.054
1116,9.381007e-01,,5.812100e-04,100.00,14.059
1117,1.121040e+00,,5.808236e-04,100.00,14.056
1118,1.027599e+00,,5.804370e-04,100.00,14.057
1119,1.079245e+00,,5.800501e-04,100.00,14.053
1120,1.017019e+00,,5.796631e-04,100.00,14.055
1121,9.753276e-01,,5.792758e-04,100.00,14.057
1122,1.000424e+00,,5.788883e-04,100.00,14.060
1123,1.024324e+00,,5.785007e-04,100.00,14.056
1124,1.075398e+00,,5.781128e-04,100.00,14.056
1125,1.037265e+00,,5.777247e-04,100.00,14.056
1126,9.152111e-01,,5.773364e-04,100.00,14.059
1127,9.527295e-01,,5.769479e-04,100.00,14.057
1128,8.466674e-01,,5.765591e-04,100.00,14.054
1129,8.814844e-01,,5.761702e-04,100.00,14.056
1130,9.227445e-01,,5.757811e-04,100.00,14.036
1131,8.750548e-01,,5.753917e-04,100.00,13.854
1132,8.217228e-01,,5.750022e-04,100.00,13.852
1133,9.163667e-01,,5.746124e-04,100.00,14.048
1134,7.973412e-01,,5.742225e-04,100.00,14.057
1135,8.936953e-01,,5.738323e-04,100.00,14.064
1136,8.264956e-01,,5.734419e-04,100.00,14.055
1137,8.889998e-01,,5.730514e-04,100.00,14.060
1138,7.882725e-01,,5.726606e-04,100.00,14.056
1139,8.221605e-01,,5.722696e-04,100.00,14.061
1140,8.728788e-01,,5.718784e-04,100.00,14.060
1141,8.853606e-01,,5.714871e-04,100.00,14.059
1142,8.331213e-01,,5.710955e-04,100.00,14.060
1143,8.464340e-01,,5.707037e-04,100.00,14.055
1144,8.319544e-01,,5.703117e-04,100.00,14.057
1145,9.392321e-01,,5.699195e-04,100.00,14.054
1146,7.927686e-01,,5.695272e-04,100.00,14.056
1147,9.288231e-01,,5.691346e-04,100.00,14.052
1148,8.887147e-01,,5.687418e-04,100.00,14.057
1149,8.699663e-01,,5.683488e-04,100.00,14.056
1150,8.113867e-01,,5.679556e-04,100.00,14.055
1151,8.505603e-01,,5.675623e-04,100.00,14.053
1152,8.124534e-01,,5.671687e-04,100.00,14.057
1153,8.288832e-01,,5.667749e-04,100.00,14.053
1154,8.681498e-01,,5.663810e-04,100.00,14.054
1155,8.162488e-01,,5.659868e-04,100.00,14.053
1156,8.818782e-01,,5.655925e-04,100.00,14.053
1157,8.078834e-01,,5.651979e-04,100.00,14.055
1158,8.846693e-01,,5.648032e-04,100.00,14.054
1159,8.299852e-01,,5.644083e-04,100.00,14.057
1160,8.378467e-01,,5.640131e-04,100.00,14.054
1161,8.951268e-01,,5.636178e-04,100.00,14.054
1162,6.920644e-01,,5.632223e-04,100.00,14.057
1163,8.022118e-01,,5.628266e-04,100.00,14.056
1164,8.699800e-01,,5.624307e-04,100.00,14.054
1165,7.821616e-01,,5.620346e-04,100.00,14.058
1166,8.356155e-01,,5.616384e-04,100.00,14.055
1167,8.106384e-01,,5.612419e-04,100.00,13.934
1168,8.376995e-01,,5.608452e-04,100.00,13.866
1169,8.155058e-01,,5.604484e-04,100.00,13.870
1170,8.774514e-01,,5.600514e-04,100.00,13.864
1171,8.150301e-01,,5.596542e-04,100.00,13.868
1172,8.188703e-01,,5.592567e-04,100.00,13.875
1173,9.070352e-01,,5.588592e-04,100.00,13.871
1174,8.079935e-01,,5.584614e-04,100.00,13.871
1175,8.017535e-01,,5.580634e-04,100.00,13.871
1176,8.669178e-01,,5.576653e-04,100.00,13.871
1177,7.925646e-01,,5.572669e-04,100.00,13.869
1178,8.495938e-01,,5.568684e-04,100.00,13.870
1179,7.717352e-01,,5.564697e-04,100.00,13.870
1180,8.982758e-01,,5.560708e-04,100.00,13.870
1181,8.017810e-01,,5.556718e-04,100.00,13.868
1182,8.359487e-01,,5.552725e-04,100.00,14.035
1183,8.449861e-01,,5.548731e-04,100.00,13.787
1184,7.586965e-01,,5.544735e-04,100.00,13.702
1185,8.865503e-01,,5.540737e-04,100.00,13.714
1186,7.996441e-01,,5.536737e-04,100.00,13.718
1187,7.856059e-01,,5.532735e-04,100.00,13.708
1188,8.417946e-01,,5.528732e-04,100.00,13.709
1189,8.083520e-01,,5.524727e-04,100.00,13.717
1190,8.446987e-01,,5.520720e-04,100.00,13.712
1191,7.808386e-01,,5.516711e-04,100.00,13.719
1192,8.220627e-01,,5.512700e-04,100.00,13.706
1193,8.486285e-01,,5.508688e-04,100.00,13.711
1194,8.042491e-01,,5.504674e-04,100.00,13.714
1195,8.742413e-01,,5.500658e-04,100.00,13.712
1196,7.708378e-01,,5.496641e-04,100.00,13.709
1197,8.129322e-01,,5.492621e-04,100.00,13.709
1198,8.810342e-01,,5.488600e-04,100.00,13.712
1199,7.536636e-01,8.229540e-01,5.484577e-04,65.00,16.122
1200,7.838666e-01,,5.480553e-04,100.00,13.707
1201,8.451784e-01,,5.476526e-04,100.00,13.703
1202,8.027870e-01,,5.472498e-04,100.00,13.705
1203,8.063469e-01,,5.468468e-04,100.00,13.706
1204,8.535138e-01,,5.464437e-04,100.00,13.705
1205,8.103136e-01,,5.460404e-04,100.00,13.707
1206,8.274532e-01,,5.456369e-04,100.00,13.706
1207,8.462213e-01,,5.452332e-04,100.00,13.812
1208,8.821702e-01,,5.448294e-04,100.00,14.073
1209,7.445044e-01,,5.444254e-04,100.00,14.067
1210,8.453838e-01,,5.440212e-04,100.00,14.068
1211,8.187484e-01,,5.436168e-04,100.00,14.064
1212,8.832921e-01,,5.432123e-04,100.00,14.119
1213,7.871076e-01,,5.428076e-04,100.00,14.186
1214,7.885624e-01,,5.424028e-04,100.00,14.068
1215,8.603365e-01,,5.419978e-04,100.00,14.066
1216,8.109706e-01,,5.415926e-04,100.00,14.065
1217,7.767564e-01,,5.411872e-04,100.00,14.068
1218,8.466884e-01,,5.407817e-04,100.00,14.066
1219,7.676878e-01,,5.403760e-04,100.00,14.066
1220,8.397866e-01,,5.399702e-04,100.00,14.065
1221,7.891710e-01,,5.395642e-04,100.00,14.068
1222,8.913103e-01,,5.391580e-04,100.00,14.065
1223,7.667597e-01,,5.387517e-04,100.00,14.068
1224,8.437506e-01,,5.383452e-04,100.00,14.068
1225,8.037185e-01,,5.379385e-04,100.00,14.068
1226,7.459900e-01,,5.375317e-04,100.00,14.066
1227,8.389137e-01,,5.371247e-04,100.00,14.066
1228,8.377425e-01,,5.367176e-04,100.00,14.071
1229,8.323894e-01,,5.363103e-04,100.00,14.071
1230,7.637520e-01,,5.359028e-04,100.00,14.069
1231,8.105092e-01,,5.354952e-04,100.00,14.068
1232,8.003551e-01,,5.350874e-04,100.00,14.069
1233,8.298813e-01,,5.346794e-04,100.00,14.069
1234,7.825237e-01,,5.342713e-04,100.00,14.072
1235,8.654627e-01,,5.338631e-04,100.00,14.066
1236,7.190157e-01,,5.334547e-04,100.00,14.069
1237,8.202681e-01,,5.330461e-04,100.00,14.067
1238,8.055003e-01,,5.326374e-04,100.00,14.071
1239,7.813677e-01,,5.322285e-04,100.00,14.071
1240,8.140030e-01,,5.318194e-04,100.00,14.068
1241,8.061006e-01,,5.314102e-04,100.00,14.066
1242,7.243772e-01,,5.310009e-04,100.00,14.072
1243,8.286746e-01,,5.305914e-04,100.00,14.064
1244,8.268021e-01,,5.301817e-04,100.00,14.065
1245,7.605657e-01,,5.297719e-04,100.00,14.067
1246,7.658564e-01,,5.293620e-04,100.00,14.068
1247,8.137991e-01,,5.289519e-04,100.00,14.066
1248,7.628806e-01,,5.285416e-04,100.00,14.176
1249,8.256277e-01,,5.281312e-04,100.00,14.068
1250,7.923647e-01,,5.277206e-04,100.00,14.067
1251,8.202754e-01,,5.273099e-04,100.00,14.070
1252,7.949910e-01,,5.268990e-04,100.00,14.065
1253,8.034030e-01,,5.264880e-04,100.00,14.068
1254,8.042633e-01,,5.260769e-04,100.00,14.068
1255,8.104893e-01,,5.256655e-04,100.00,14.072
1256,8.083304e-01,,5.252541e-04,100.00,14.067
1257,7.799128e-01,,5.248425e-04,100.00,14.066
1258,7.651330e-01,,5.244307e-04,100.00,14.068
1259,7.828053e-01,,5.240188e-04,100.00,14.070
1260,7.569030e-01,,5.236068e-04,100.00,14.068
1261,8.091279e-01,,5.231946e-04,100.00,14.069
1262,7.608785e-01,,5.227823e-04,100.00,14.072
1263,8.922778e-01,,5.223698e-04,100.00,14.071
1264,7.811129e-01,,5.219572e-04,100.00,14.071
1265,8.049927e-01,,5.215444e-04,100.00,14.071
1266,8.177147e-01,,5.211315e-04,100.00,14.069
1267,7.775517e-01,,5.207185e-04,100.00,14.072
1268,7.625553e-01,,5.203053e-04,100.00,14.070
1269,8.254584e-01,,5.198919e-04,100.00,14.069
1270,7.505735e-01,,5.194785e-04,100.00,14.071
1271,7.570832e-01,,5.190649e-04,100.00,14.072
1272,8.667666e-01,,5.186511e-04,100.00,14.073
1273,7.909212e-01,,5.182372e-04,100.00,14.069
1274,7.693914e-01,,5.178232e-04,100.00,14.072
1275,8.418196e-01,,5.174090e-04,100.00,14.070
1276,7.127914e-01,,5.169947e-04,100.00,14.072
1277,8.532185e-01,,5.165803e-04,100.00,14.071
1278,7.568789e-01,,5.161657e-04,100.00,14.069
1279,8.253914e-01,,5.157510e-04,100.00,14.072
1280,7.763820e-01,,5.153361e-04,100.00,14.071
1281,7.273035e-01,,5.149211e-04,100.00,14.073
1282,8.189608e-01,,5.145060e-04,100.00,14.072
1283,6.889614e-01,,5.140908e-04,100.00,14.070
1284,8.279149e-01,,5.136754e-04,100.00,14.071
1285,7.836105e-01,,5.132599e-04,100.00,14.072
1286,7.704112e-01,,5.128442e-04,100.00,13.906
1287,8.405031e-01,,5.124284e-04,100.00,13.861
1288,7.543012e-01,,5.120125e-04,100.00,13.861
1289,8.254450e-01,,5.115964e-04,100.00,13.867
1290,7.775954e-01,,5.111803e-04,100.00,13.867
1291,8.355296e-01,,5.107639e-04,100.00,13.866
1292,7.317723e-01,,5.103475e-04,100.00,13.863
1293,7.827144e-01,,5.099309e-04,100.00,13.865
1294,7.953710e-01,,5.095142e-04,100.00,13.866
1295,7.297370e-01,,5.090974e-04,100.00,13.862
1296,8.190824e-01,,5.086804e-04,100.00,13.865
1297,7.780252e-01,,5.082634e-04,100.00,13.864
1298,8.134859e-01,,5.078461e-04,100.00,13.866
1299,7.124137e-01,9.051182e-01,5.074288e-04,15.00,16.169
1300,8.158208e-01,,5.070113e-04,100.00,13.863
1301,7.134802e-01,,5.065937e-04,100.00,13.863
1302,7.886101e-01,,5.061760e-04,100.00,13.863
1303,7.532623e-01,,5.057582e-04,100.00,13.862
1304,7.862724e-01,,5.053402e-04,100.00,13.867
1305,7.959069e-01,,5.049221e-04,100.00,13.968
1306,7.785107e-01,,5.045039e-04,100.00,13.936
1307,7.986354e-01,,5.040856e-04,100.00,13.891
1308,7.351810e-01,,5.036671e-04,100.00,14.075
1309,7.857636e-01,,5.032486e-04,100.00,14.072
1310,7.689284e-01,,5.028299e-04,100.00,14.066
1311,8.042721e-01,,5.024110e-04,100.00,14.063
1312,7.576640e-01,,5.019921e-04,100.00,14.066
1313,7.720868e-01,,5.015730e-04,100.00,14.184
1314,7.834184e-01,,5.011539e-04,100.00,14.112
1315,7.350987e-01,,5.007346e-04,100.00,14.064
1316,7.856139e-01,,5.003151e-04,100.00,13.996
1317,7.358654e-01,,4.998956e-04,100.00,13.861
1318,8.009060e-01,,4.994760e-04,100.00,13.858
1319,7.467112e-01,,4.990562e-04,100.00,13.861
1320,7.741180e-01,,4.986363e-04,100.00,13.861
1321,8.197902e-01,,4.982163e-04,100.00,13.859
1322,7.406849e-01,,4.977962e-04,100.00,13.862
1323,8.186419e-01,,4.973760e-04,100.00,13.862
1324,7.219924e-01,,4.969556e-04,100.00,13.862
1325,7.999070e-01,,4.965352e-04,100.00,13.860
1326,7.742315e-01,,4.961146e-04,100.00,13.863
1327,7.241704e-01,,4.956939e-04,100.00,13.860
1328,8.480138e-01,,4.952731e-04,100.00,13.864
1329,7.241401e-01,,4.948522e-04,100.00,13.861
1330,7.689860e-01,,4.944312e-04,100.00,13.860
1331,7.990431e-01,,4.940100e-04,100.00,13.860
1332,6.879897e-01,,4.935888e-04,100.00,13.861
1333,7.727088e-01,,4.931675e-04,100.00,13.862
1334,7.672230e-01,,4.927460e-04,100.00,13.863
1335,7.749185e-01,,4.923244e-04,100.00,13.862
1336,7.725004e-01,,4.919028e-04,100.00,13.863
1337,7.532895e-01,,4.914810e-04,100.00,13.858
1338,7.436468e-01,,4.910591e-04,100.00,13.860
1339,8.269106e-01,,4.906371e-04,100.00,13.861
1340,6.955795e-01,,4.902150e-04,100.00,13.862
1341,8.325409e-01,,4.897928e-04,100.00,13.861
1342,7.246901e-01,,4.893704e-04,100.00,13.861
1343,7.810171e-01,,4.889480e-04,100.00,13.864
1344,7.784893e-01,,4.885255e-04,100.00,13.934
1345,7.582733e-01,,4.881029e-04,100.00,14.062
1346,8.077625e-01,,4.876801e-04,100.00,14.053
1347,7.365937e-01,,4.872573e-04,100.00,14.058
1348,7.519406e-01,,4.868344e-04,100.00,14.064
1349,7.846568e-01,,4.864113e-04,100.00,14.071
1350,7.741634e-01,,4.859882e-04,100.00,13.953
1351,7.196090e-01,,4.855649e-04,100.00,13.861
1352,8.325965e-01,,4.851416e-04,100.00,13.861
1353,6.894166e-01,,4.847181e-04,100.00,13.862
1354,7.915320e-01,,4.842946e-04,100.00,13.865
1355,7.483533e-01,,4.838710e-04,100.00,13.863
1356,7.691557e-01,,4.834472e-04,100.00,13.714
1357,7.800889e-01,,4.830234e-04,100.00,13.702
1358,7.203260e-01,,4.825995e-04,100.00,13.699
1359,7.645032e-01,,4.821754e-04,100.00,13.694
1360,7.960147e-01,,4.817513e-04,100.00,13.692
1361,7.132157e-01,,4.813271e-04,100.00,13.684
1362,7.731800e-01,,4.809027e-04,100.00,13.691
1363,7.696380e-01,,4.804783e-04,100.00,13.690
1364,8.064950e-01,,4.800538e-04,100.00,13.691
1365,7.467397e-01,,4.796292e-04,100.00,13.694
1366,7.737129e-01,,4.792045e-04,100.00,13.693
1367,7.485409e-01,,4.787797e-04,100.00,13.699
1368,7.669404e-01,,4.783549e-04,100.00,13.740
1369,7.714186e-01,,4.779299e-04,100.00,13.867
1370,7.633869e-01,,4.775048e-04,100.00,13.865
1371,7.893262e-01,,4.770797e-04,100.00,13.868
1372,7.533350e-01,,4.766544e-04,100.00,13.865
1373,7.528775e-01,,4.762291e-04,100.00,13.869
1374,7.253733e-01,,4.758036e-04,100.00,13.868
1375,7.781887e-01,,4.753781e-04,100.00,13.866
1376,7.499190e-01,,4.749525e-04,100.00,13.872
1377,7.303148e-01,,4.745268e-04,100.00,13.867
1378,7.776891e-01,,4.741011e-04,100.00,13.867
1379,7.374029e-01,,4.736752e-04,100.00,13.867
1380,6.867666e-01,,4.732492e-04,100.00,13.869
1381,8.022259e-01,,4.728232e-04,100.00,13.868
1382,6.984583e-01,,4.723971e-04,100.00,13.868
1383,7.710216e-01,,4.719709e-04,100.00,13.867
1384,7.954640e-01,,4.715446e-04,100.00,13.867
1385,7.400908e-01,,4.711182e-04,100.00,13.868
1386,7.988623e-01,,4.706917e-04,100.00,13.866
1387,6.668558e-01,,4.702652e-04,100.00,13.868
1388,7.948884e-01,,4.698386e-04,100.00,13.869
1389,6.879974e-01,,4.694119e-04,100.00,13.867
1390,7.530530e-01,,4.689851e-04,100.00,13.891
1391,7.597241e-01,,4.685582e-04,100.00,14.063
1392,7.463110e-01,,4.681312e-04,100.00,14.059
1393,7.247648e-01,,4.677042e-04,100.00,14.058
1394,7.669995e-01,,4.672771e-04,100.00,14.060
1395,7.015592e-01,,4.668499e-04,100.00,14.055
1396,7.680742e-01,,4.664226e-04,100.00,14.057
1397,7.308022e-01,,4.659953e-04,100.00,14.056
1398,7.630569e-01,,4.655679e-04,100.00,14.048
1399,7.521601e-01,7.331393e-01,4.651404e-04,9.00,16.526
1400,7.550255e-01,,4.647128e-04,100.00,14.056
1401,6.827061e-01,,4.642851e-04,100.00,14.053
1402,7.819448e-01,,4.638574e-04,100.00,14.054
1403,7.048260e-01,,4.634296e-04,100.00,14.052
1404,7.759278e-01,,4.630017e-04,100.00,14.050
1405,6.708485e-01,,4.625738e-04,100.00,14.057
1406,7.357769e-01,,4.621458e-04,100.00,14.224
1407,7.515567e-01,,4.617177e-04,100.00,14.059
1408,7.051450e-01,,4.612895e-04,100.00,14.054
1409,8.086476e-01,,4.608613e-04,100.00,14.052
1410,6.678242e-01,,4.604329e-04,100.00,14.058
1411,7.593406e-01,,4.600046e-04,100.00,14.053
1412,7.104886e-01,,4.595761e-04,100.00,14.126
1413,8.086132e-01,,4.591476e-04,100.00,14.154
1414,7.059461e-01,,4.587190e-04,100.00,14.055
1415,7.438142e-01,,4.582903e-04,100.00,14.053
1416,7.264234e-01,,4.578616e-04,100.00,14.052
1417,7.334183e-01,,4.574328e-04,100.00,13.996
1418,7.525291e-01,,4.570039e-04,100.00,13.863
1419,6.855218e-01,,4.565750e-04,100.00,13.862
1420,7.291501e-01,,4.561460e-04,100.00,13.861
1421,7.424383e-01,,4.557169e-04,100.00,13.859
1422,7.134727e-01,,4.552878e-04,100.00,13.861
1423,7.446114e-01,,4.548586e-04,100.00,13.863
1424,7.479432e-01,,4.544293e-04,100.00,13.860
1425,6.920461e-01,,4.540000e-04,100.00,13.862
1426,7.786826e-01,,4.535706e-04,100.00,13.859
1427,7.103420e-01,,4.531412e-04,100.00,14.008
1428,7.786199e-01,,4.527117e-04,100.00,14.046
1429,6.961459e-01,,4.522821e-04,100.00,14.052
1430,7.045756e-01,,4.518524e-04,100.00,14.043
1431,7.762605e-01,,4.514227e-04,100.00,14.048
1432,6.740885e-01,,4.509930e-04,100.00,14.052
1433,7.914396e-01,,4.505632e-04,100.00,14.060
1434,6.952903e-01,,4.501333e-04,100.00,14.056
1435,7.537361e-01,,4.497034e-04,100.00,14.058
1436,6.812615e-01,,4.492734e-04,100.00,14.060
1437,7.351356e-01,,4.488433e-04,100.00,14.057
1438,7.422953e-01,,4.484132e-04,100.00,14.058
1439,6.915402e-01,,4.479830e-04,100.00,14.056
1440,7.471919e-01,,4.475528e-04,100.00,14.056
1441,7.256265e-01,,4.471225e-04,100.00,14.054
1442,7.197037e-01,,4.466922e-04,100.00,14.056
1443,7.421821e-01,,4.462618e-04,100.00,14.056
1444,7.342576e-01,,4.458314e-04,100.00,14.058
1445,7.111193e-01,,4.454009e-04,100.00,14.057
1446,7.579058e-01,,4.449703e-04,100.00,14.056
1447,7.565386e-01,,4.445397e-04,100.00,14.060
1448,7.179724e-01,,4.441091e-04,100.00,14.056
1449,7.484853e-01,,4.436784e-04,100.00,14.056
1450,7.381383e-01,,4.432476e-04,100.00,14.056
1451,7.077775e-01,,4.428168e-04,100.00,14.059
1452,7.121635e-01,,4.423859e-04,100.00,14.057
1453,7.652878e-01,,4.419550e-04,100.00,14.058
1454,6.634631e-01,,4.415241e-04,100.00,13.909
1455,7.218595e-01,,4.410931e-04,100.00,13.856
1456,7.136198e-01,,4.406620e-04,100.00,13.857
1457,6.714253e-01,,4.402309e-04,100.00,13.858
1458,7.079334e-01,,4.397998e-04,100.00,13.859
1459,7.325173e-01,,4.393686e-04,100.00,13.855
1460,7.347250e-01,,4.389373e-04,100.00,13.854
1461,7.398993e-01,,4.385060e-04,100.00,13.856
1462,7.053023e-01,,4.380747e-04,100.00,13.853
1463,7.236182e-01,,4.376433e-04,100.00,13.853
1464,7.296023e-01,,4.372119e-04,100.00,13.853
1465,7.285099e-01,,4.367804e-04,100.00,13.848
1466,6.970519e-01,,4.363489e-04,100.00,13.855
1467,6.907098e-01,,4.359174e-04,100.00,13.853
1468,7.268517e-01,,4.354858e-04,100.00,13.853
1469,6.739362e-01,,4.350541e-04,100.00,13.855
1470,7.433273e-01,,4.346225e-04,100.00,13.856
1471,7.219788e-01,,4.341908e-04,100.00,13.852
1472,7.199878e-01,,4.337590e-04,100.00,13.854
1473,7.255034e-01,,4.333272e-04,100.00,13.853
1474,7.294925e-01,,4.328954e-04,100.00,13.853
1475,7.277379e-01,,4.324635e-04,100.00,13.854
1476,6.863351e-01,,4.320316e-04,100.00,13.856
1477,7.123059e-01,,4.315996e-04,100.00,13.854
1478,7.048041e-01,,4.311676e-04,100.00,13.855
1479,7.070939e-01,,4.307356e-04,100.00,13.855
1480,7.215878e-01,,4.303036e-04,100.00,13.853
1481,6.949952e-01,,4.298715e-04,100.00,13.853
1482,7.245155e-01,,4.294393e-04,100.00,13.848
1483,6.591758e-01,,4.290072e-04,100.00,13.853
1484,7.531015e-01,,4.285750e-04,100.00,13.852
1485,6.429631e-01,,4.281427e-04,100.00,13.854
1486,7.334247e-01,,4.277105e-04,100.00,13.851
1487,7.133599e-01,,4.272782e-04,100.00,13.853
1488,7.121947e-01,,4.268458e-04,100.00,13.855
1489,7.053078e-01,,4.264135e-04,100.00,13.849
1490,6.876385e-01,,4.259811e-04,100.00,13.851
1491,7.421716e-01,,4.255487e-04,100.00,13.855
1492,6.423824e-01,,4.251162e-04,100.00,13.855
1493,7.141375e-01,,4.246837e-04,100.00,13.855
1494,7.258399e-01,,4.242512e-04,100.00,13.856
1495,6.596858e-01,,4.238187e-04,100.00,13.857
1496,7.452470e-01,,4.233861e-04,100.00,13.859
1497,6.544008e-01,,4.229535e-04,100.00,13.854
1498,7.404435e-01,,4.225209e-04,100.00,13.855
1499,7.021654e-01,6.751736e-01,4.220882e-04,26.00,16.294
1500,6.938606e-01,,4.216556e-04,100.00,13.858
1501,6.514999e-01,,4.212229e-04,100.00,13.857
1502,7.120995e-01,,4.207901e-04,100.00,13.854
1503,6.888579e-01,,4.203574e-04,100.00,13.855
1504,6.722857e-01,,4.199246e-04,100.00,13.856
1505,7.279004e-01,,4.194918e-04,100.00,13.983
1506,6.922679e-01,,4.190590e-04,100.00,13.899
1507,7.338152e-01,,4.186262e-04,100.00,13.857
1508,6.913418e-01,,4.181933e-04,100.00,13.855
1509,7.236378e-01,,4.177604e-04,100.00,13.855
1510,7.186073e-01,,4.173275e-04,100.00,13.853
1511,7.000578e-01,,4.168946e-04,100.00,13.902
1512,7.059649e-01,,4.164616e-04,100.00,13.965
1513,7.317148e-01,,4.160287e-04,100.00,13.855
1514,6.599601e-01,,4.155957e-04,100.00,13.851
1515,7.112445e-01,,4.151627e-04,100.00,13.853
1516,7.096124e-01,,4.147297e-04,100.00,13.853
1517,6.979818e-01,,4.142966e-04,100.00,13.853
1518,6.898437e-01,,4.138636e-04,100.00,13.853
1519,7.137937e-01,,4.134305e-04,100.00,13.855
1520,6.724230e-01,,4.129974e-04,100.00,13.855
1521,6.902377e-01,,4.125643e-04,100.00,13.857
1522,7.112168e-01,,4.121312e-04,100.00,13.858
1523,6.446219e-01,,4.116981e-04,100.00,13.855
1524,8.029691e-01,,4.112649e-04,100.00,13.855
1525,6.159984e-01,,4.108318e-04,100.00,13.855
1526,7.384312e-01,,4.103986e-04,100.00,13.856
1527,6.777504e-01,,4.099654e-04,100.00,13.853
1528,6.819600e-01,,4.095322e-04,100.00,13.855
1529,6.841357e-01,,4.090990e-04,100.00,13.855
1530,6.875826e-01,,4.086658e-04,100.00,13.856
1531,6.948112e-01,,4.082326e-04,100.00,13.860
1532,6.784130e-01,,4.077993e-04,100.00,13.856
1533,6.921406e-01,,4.073661e-04,100.00,13.854
1534,6.737427e-01,,4.069328e-04,100.00,13.855
1535,7.270972e-01,,4.064996e-04,100.00,13.856
1536,7.019383e-01,,4.060663e-04,100.00,13.855
1537,6.683935e-01,,4.056330e-04,100.00,13.854
1538,6.581429e-01,,4.051997e-04,100.00,13.857
1539,7.032827e-01,,4.047664e-04,100.00,13.859
1540,6.326100e-01,,4.043331e-04,100.00,13.851
1541,7.416007e-01,,4.038998e-04,100.00,13.855
1542,6.339851e-01,,4.034665e-04,100.00,13.857
1543,7.273085e-01,,4.030332e-04,100.00,13.855
1544,6.904203e-01,,4.025999e-04,100.00,13.857
1545,6.606324e-01,,4.021666e-04,100.00,13.857
1546,7.436899e-01,,4.017333e-04,100.00,13.856
1547,6.115564e-01,,4.013000e-04,100.00,13.850
1548,7.418085e-01,,4.008666e-04,100.00,13.857
1549,6.687848e-01,,4.004333e-04,100.00,13.853
1550,6.444874e-01,,4.000000e-04,100.00,13.855
1551,7.189591e-01,,3.995667e-04,100.00,13.853
1552,6.124605e-01,,3.991334e-04,100.00,13.857
1553,7.196447e-01,,3.987000e-04,100.00,13.855
1554,6.625638e-01,,3.982667e-04,100.00,13.852
1555,7.184565e-01,,3.978334e-04,100.00,13.857
1556,6.664585e-01,,3.974001e-04,100.00,13.858
1557,7.039715e-01,,3.969668e-04,100.00,13.854
1558,6.794430e-01,,3.965335e-04,100.00,13.854
1559,7.139694e-01,,3.961002e-04,100.00,13.856
1560,6.494725e-01,,3.956669e-04,100.00,13.856
1561,6.760785e-01,,3.952336e-04,100.00,13.859
1562,6.721673e-01,,3.948003e-04,100.00,13.856
1563,6.869461e-01,,3.943670e-04,100.00,13.856
1564,6.610811e-01,,3.939337e-04,100.00,13.854
1565,6.759363e-01,,3.935004e-04,100.00,14.029
1566,6.688337e-01,,3.930672e-04,100.00,14.060
1567,6.764286e-01,,3.926339e-04,100.00,14.064
1568,6.844964e-01,,3.922007e-04,100.00,14.067
1569,6.877433e-01,,3.917674e-04,100.00,14.066
1570,6.944967e-01,,3.913342e-04,100.00,14.055
1571,6.524568e-01,,3.909010e-04,100.00,13.864
1572,6.969462e-01,,3.904678e-04,100.00,13.865
1573,6.957517e-01,,3.900346e-04,100.00,13.864
1574,6.203171e-01,,3.896014e-04,100.00,13.864
1575,7.265613e-01,,3.891682e-04,100.00,13.864
1576,6.339422e-01,,3.887351e-04,100.00,13.866
1577,6.797069e-01,,3.883019e-04,100.00,13.968
1578,6.815960e-01,,3.878688e-04,100.00,14.048
1579,6.696538e-01,,3.874357e-04,100.00,14.057
1580,7.011883e-01,,3.870026e-04,100.00,14.053
1581,6.476262e-01,,3.865695e-04,100.00,14.048
1582,7.220692e-01,,3.861364e-04,100.00,14.058
1583,6.633134e-01,,3.857034e-04,100.00,13.994
1584,6.574774e-01,,3.852703e-04,100.00,13.858
1585,6.877146e-01,,3.848373e-04,100.00,13.866
1586,6.488182e-01,,3.844043e-04,100.00,13.858
1587,7.197531e-01,,3.839713e-04,100.00,13.853
1588,6.354800e-01,,3.835384e-04,100.00,13.857
1589,6.527361e-01,,3.831054e-04,100.00,13.857
1590,6.929598e-01,,3.826725e-04,100.00,13.858
1591,6.754809e-01,,3.822396e-04,100.00,13.859
1592,6.557427e-01,,3.818067e-04,100.00,13.859
1593,6.759566e-01,,3.813738e-04,100.00,13.866
1594,6.482025e-01,,3.809410e-04,100.00,13.868
1595,6.975161e-01,,3.805082e-04,100.00,13.871
1596,6.561680e-01,,3.800754e-04,100.00,13.869
1597,6.557735e-01,,3.796426e-04,100.00,13.861
1598,6.472859e-01,,3.792099e-04,100.00,13.860
1599,6.660736e-01,6.756591e-01,3.787771e-04,44.00,16.172
1600,6.800714e-01,,3.783444e-04,100.00,13.870
1601,6.618160e-01,,3.779118e-04,100.00,13.870
1602,6.787910e-01,,3.774791e-04,100.00,13.870
1603,6.587724e-01,,3.770465e-04,100.00,13.867
1604,6.464875e-01,,3.766139e-04,100.00,13.872
1605,6.918777e-01,,3.761813e-04,100.00,13.869
1606,6.304323e-01,,3.757488e-04,100.00,13.869
1607,6.511311e-01,,3.753163e-04,100.00,13.870
1608,6.641321e-01,,3.748838e-04,100.00,13.883
1609,6.402361e-01,,3.744513e-04,100.00,14.028
1610,7.007726e-01,,3.740189e-04,100.00,13.872
1611,6.758643e-01,,3.735865e-04,100.00,14.057
1612,6.461111e-01,,3.731542e-04,100.00,14.061
1613,6.483084e-01,,3.727218e-04,100.00,14.061
1614,7.009288e-01,,3.722895e-04,100.00,14.057
1615,6.262976e-01,,3.718573e-04,100.00,14.057
1616,6.756410e-01,,3.714250e-04,100.00,14.062
1617,6.475034e-01,,3.709928e-04,100.00,14.063
1618,6.625717e-01,,3.705607e-04,100.00,14.158
1619,6.893408e-01,,3.701285e-04,100.00,14.146
1620,6.574806e-01,,3.696964e-04,100.00,14.064
1621,6.564254e-01,,3.692644e-04,100.00,14.064
1622,6.808579e-01,,3.688324e-04,100.00,14.064
1623,6.383842e-01,,3.684004e-04,100.00,14.064
1624,6.776732e-01,,3.679684e-04,100.00,14.064
1625,6.737137e-01,,3.675365e-04,100.00,14.032
1626,6.754936e-01,,3.671046e-04,100.00,13.854
1627,6.302898e-01,,3.666728e-04,100.00,13.849
1628,6.559025e-01,,3.662410e-04,100.00,13.846
1629,6.635705e-01,,3.658092e-04,100.00,13.851
1630,6.659715e-01,,3.653775e-04,100.00,13.858
1631,6.511553e-01,,3.649459e-04,100.00,13.855
1632,6.169252e-01,,3.645142e-04,100.00,14.010
1633,6.644457e-01,,3.640826e-04,100.00,14.038
1634,6.564333e-01,,3.636511e-04,100.00,14.036
1635,6.359901e-01,,3.632196e-04,100.00,14.036
1636,6.679711e-01,,3.627881e-04,100.00,14.040
1637,6.568297e-01,,3.623567e-04,100.00,14.041
1638,6.539984e-01,,3.619253e-04,100.00,14.059
1639,6.451134e-01,,3.614940e-04,100.00,14.046
1640,6.315205e-01,,3.610627e-04,100.00,14.040
1641,7.155799e-01,,3.606314e-04,100.00,14.040
1642,6.019709e-01,,3.602002e-04,100.00,14.049
1643,6.897109e-01,,3.597691e-04,100.00,14.051
1644,6.113828e-01,,3.593380e-04,100.00,14.045
1645,6.512981e-01,,3.589069e-04,100.00,14.044
1646,6.226822e-01,,3.584759e-04,100.00,14.047
1647,6.709740e-01,,3.580450e-04,100.00,14.043
1648,5.905022e-01,,3.576141e-04,100.00,14.046
1649,6.803210e-01,,3.571832e-04,100.00,14.044
1650,6.319232e-01,,3.567524e-04,100.00,14.043
1651,6.406866e-01,,3.563216e-04,100.00,14.046
1652,6.482683e-01,,3.558909e-04,100.00,14.050
1653,6.488380e-01,,3.554603e-04,100.00,14.047
1654,6.336746e-01,,3.550297e-04,100.00,14.043
1655,6.336825e-01,,3.545991e-04,100.00,14.049
1656,6.713027e-01,,3.541686e-04,100.00,13.917
1657,6.692260e-01,,3.537382e-04,100.00,13.858
1658,6.142978e-01,,3.533078e-04,100.00,13.858
1659,6.809276e-01,,3.528775e-04,100.00,13.863
1660,5.826372e-01,,3.524472e-04,100.00,13.864
1661,6.882089e-01,,3.520170e-04,100.00,13.863
1662,6.171453e-01,,3.515868e-04,100.00,13.861
1663,6.380890e-01,,3.511567e-04,100.00,13.863
1664,6.493385e-01,,3.507266e-04,100.00,13.863
1665,6.491620e-01,,3.502966e-04,100.00,13.864
1666,6.726293e-01,,3.498667e-04,100.00,13.863
1667,5.959061e-01,,3.494368e-04,100.00,13.858
1668,6.768841e-01,,3.490070e-04,100.00,13.977
1669,6.251641e-01,,3.485773e-04,100.00,13.857
1670,6.572241e-01,,3.481476e-04,100.00,13.864
1671,6.626973e-01,,3.477179e-04,100.00,13.865
1672,6.286591e-01,,3.472883e-04,100.00,13.866
1673,6.479962e-01,,3.468588e-04,100.00,13.864
1674,6.577881e-01,,3.464294e-04,100.00,13.865
1675,6.553389e-01,,3.460000e-04,100.00,13.863
1676,6.354043e-01,,3.455707e-04,100.00,13.861
1677,6.397064e-01,,3.451414e-04,100.00,13.865
1678,6.355531e-01,,3.447122e-04,100.00,13.860
1679,6.137469e-01,,3.442831e-04,100.00,13.865
1680,6.380598e-01,,3.438540e-04,100.00,13.860
1681,6.323764e-01,,3.434250e-04,100.00,13.864
1682,6.639819e-01,,3.429961e-04,100.00,13.862
1683,6.416015e-01,,3.425672e-04,100.00,13.860
1684,6.148034e-01,,3.421384e-04,100.00,13.865
1685,6.656509e-01,,3.417097e-04,100.00,13.867
1686,6.046191e-01,,3.412810e-04,100.00,13.866
1687,6.668136e-01,,3.408524e-04,100.00,13.981
1688,6.213649e-01,,3.404239e-04,100.00,14.056
1689,6.720599e-01,,3.399954e-04,100.00,14.063
1690,5.869951e-01,,3.395671e-04,100.00,14.061
1691,6.327804e-01,,3.391387e-04,100.00,14.068
1692,6.585741e-01,,3.387105e-04,100.00,14.063
1693,6.437101e-01,,3.382823e-04,100.00,14.066
1694,6.484579e-01,,3.378542e-04,100.00,14.060
1695,6.683801e-01,,3.374262e-04,100.00,14.047
1696,6.295345e-01,,3.369983e-04,100.00,14.044
1697,6.359335e-01,,3.365704e-04,100.00,14.044
1698,6.355126e-01,,3.361426e-04,100.00,14.049
1699,6.336305e-01,6.466368e-01,3.357149e-04,13.00,16.514
1700,6.558450e-01,,3.352872e-04,100.00,14.044
1701,6.061388e-01,,3.348596e-04,100.00,14.037
1702,6.350999e-01,,3.344321e-04,100.00,14.041
1703,6.308700e-01,,3.340047e-04,100.00,14.040
1704,5.935262e-01,,3.335774e-04,100.00,14.039
1705,6.174268e-01,,3.331501e-04,100.00,14.042
1706,6.178874e-01,,3.327229e-04,100.00,14.043
1707,6.543097e-01,,3.322958e-04,100.00,14.046
1708,6.378237e-01,,3.318688e-04,100.00,14.045
1709,6.495682e-01,,3.314418e-04,100.00,14.043
1710,6.178983e-01,,3.310149e-04,100.00,14.042
1711,6.446679e-01,,3.305881e-04,100.00,14.042
1712,5.706620e-01,,3.301614e-04,100.00,14.041
1713,6.661429e-01,,3.297348e-04,100.00,14.043
1714,6.003916e-01,,3.293083e-04,100.00,14.044
1715,6.286813e-01,,3.288818e-04,100.00,14.214
1716,6.056453e-01,,3.284554e-04,100.00,14.051
1717,6.456822e-01,,3.280291e-04,100.00,14.044
1718,6.062777e-01,,3.276029e-04,100.00,14.043
1719,6.176538e-01,,3.271768e-04,100.00,14.046
1720,5.944754e-01,,3.267508e-04,100.00,14.044
1721,6.203618e-01,,3.263248e-04,100.00,14.045
1722,6.691782e-01,,3.258989e-04,100.00,14.044
1723,5.913097e-01,,3.254732e-04,100.00,14.044
1724,6.366101e-01,,3.250475e-04,100.00,14.047
1725,6.156226e-01,,3.246219e-04,100.00,14.046
1726,6.230999e-01,,3.241964e-04,100.00,13.922
1727,6.285526e-01,,3.237709e-04,100.00,13.860
1728,6.450692e-01,,3.233456e-04,100.00,13.864
1729,5.865589e-01,,3.229203e-04,100.00,13.862
1730,6.158516e-01,,3.224952e-04,100.00,13.867
1731,6.152661e-01,,3.220701e-04,100.00,13.867
1732,6.185395e-01,,3.216451e-04,100.00,13.870
1733,6.649587e-01,,3.212203e-04,100.00,13.866
1734,5.857548e-01,,3.207955e-04,100.00,13.867
1735,6.526446e-01,,3.203708e-04,100.00,13.865
1736,6.109900e-01,,3.199462e-04,100.00,13.867
1737,6.204493e-01,,3.195217e-04,100.00,13.870
1738,5.862111e-01,,3.190973e-04,100.00,13.865
1739,6.132264e-01,,3.186729e-04,100.00,13.867
1740,6.361418e-01,,3.182487e-04,100.00,13.865
1741,6.114411e-01,,3.178246e-04,100.00,13.867
1742,6.315057e-01,,3.174005e-04,100.00,13.867
1743,6.194866e-01,,3.169766e-04,100.00,13.865
1744,6.327047e-01,,3.165528e-04,100.00,13.864
1745,6.164150e-01,,3.161290e-04,100.00,13.866
1746,5.997364e-01,,3.157054e-04,100.00,13.869
1747,5.947555e-01,,3.152819e-04,100.00,13.865
1748,6.117781e-01,,3.148584e-04,100.00,14.035
1749,6.123442e-01,,3.144351e-04,100.00,14.072
1750,6.268435e-01,,3.140118e-04,100.00,14.063
1751,6.154301e-01,,3.135887e-04,100.00,14.063
1752,6.129243e-01,,3.131656e-04,100.00,14.064
1753,6.172643e-01,,3.127427e-04,100.00,14.062
1754,6.324766e-01,,3.123199e-04,100.00,14.059
1755,5.945177e-01,,3.118971e-04,100.00,14.063
1756,6.178758e-01,,3.114745e-04,100.00,14.064
1757,6.089391e-01,,3.110520e-04,100.00,14.066
1758,6.218896e-01,,3.106296e-04,100.00,14.067
1759,6.178481e-01,,3.102072e-04,100.00,14.068
1760,6.152482e-01,,3.097850e-04,100.00,14.064
1761,6.241116e-01,,3.093629e-04,100.00,14.066
1762,6.200801e-01,,3.089409e-04,100.00,14.069
1763,6.319433e-01,,3.085190e-04,100.00,14.067
1764,6.132605e-01,,3.080972e-04,100.00,14.066
1765,6.267274e-01,,3.076756e-04,100.00,14.064
1766,6.119990e-01,,3.072540e-04,100.00,14.067
1767,6.190061e-01,,3.068325e-04,100.00,14.068
1768,5.918418e-01,,3.064112e-04,100.00,14.066
1769,6.005547e-01,,3.059900e-04,100.00,14.066
1770,6.276910e-01,,3.055688e-04,100.00,14.064
1771,6.164216e-01,,3.051478e-04,100.00,14.068
1772,6.153666e-01,,3.047269e-04,100.00,13.893
1773,5.951328e-01,,3.043061e-04,100.00,13.874
1774,5.791200e-01,,3.038854e-04,100.00,13.873
1775,6.414652e-01,,3.034648e-04,100.00,13.873
1776,5.860491e-01,,3.030444e-04,100.00,13.870
1777,5.821924e-01,,3.026240e-04,100.00,13.868
1778,6.383239e-01,,3.022038e-04,100.00,13.872
1779,5.871804e-01,,3.017837e-04,100.00,13.868
1780,6.049783e-01,,3.013637e-04,100.00,13.871
1781,6.300170e-01,,3.009438e-04,100.00,13.869
1782,5.516241e-01,,3.005240e-04,100.00,13.871
1783,6.209872e-01,,3.001044e-04,100.00,13.870
1784,6.075361e-01,,2.996849e-04,100.00,13.927
1785,5.957866e-01,,2.992654e-04,100.00,14.064
1786,6.036521e-01,,2.988461e-04,100.00,14.070
1787,6.231738e-01,,2.984270e-04,100.00,14.065
1788,6.040597e-01,,2.980079e-04,100.00,14.060
1789,5.893546e-01,,2.975890e-04,100.00,14.061
1790,6.074016e-01,,2.971701e-04,100.00,14.053
1791,6.416620e-01,,2.967514e-04,100.00,14.055
1792,5.975245e-01,,2.963329e-04,100.00,14.056
1793,6.088371e-01,,2.959144e-04,100.00,14.117
1794,5.918119e-01,,2.954961e-04,100.00,14.162
1795,6.022952e-01,,2.950779e-04,100.00,14.056
1796,6.244365e-01,,2.946598e-04,100.00,14.054
1797,6.159387e-01,,2.942418e-04,100.00,14.056
1798,5.967527e-01,,2.938240e-04,100.00,14.052
1799,5.912525e-01,6.180967e-01,2.934063e-04,54.00,16.530
1800,6.248742e-01,,2.929887e-04,100.00,14.052
1801,5.935872e-01,,2.925712e-04,100.00,14.056
1802,6.209166e-01,,2.921539e-04,100.00,14.054
1803,5.711331e-01,,2.917366e-04,100.00,14.056
1804,6.025330e-01,,2.913196e-04,100.00,14.056
1805,6.217675e-01,,2.909026e-04,100.00,14.057
1806,5.740434e-01,,2.904858e-04,100.00,14.057
1807,6.023882e-01,,2.900691e-04,100.00,14.057
1808,5.885236e-01,,2.896525e-04,100.00,13.965
1809,5.902748e-01,,2.892361e-04,100.00,13.861
1810,5.972112e-01,,2.888197e-04,100.00,13.858
1811,5.595939e-01,,2.884036e-04,100.00,13.857
1812,6.390516e-01,,2.879875e-04,100.00,13.859
1813,5.599047e-01,,2.875716e-04,100.00,13.861
1814,6.338206e-01,,2.871558e-04,100.00,13.862
1815,5.879565e-01,,2.867401e-04,100.00,13.862
1816,5.867950e-01,,2.863246e-04,100.00,13.861
1817,6.274799e-01,,2.859092e-04,100.00,14.000
1818,5.514076e-01,,2.854940e-04,100.00,13.894
1819,5.905538e-01,,2.850789e-04,100.00,13.859
1820,6.169639e-01,,2.846639e-04,100.00,13.858
1821,5.515023e-01,,2.842490e-04,100.00,13.862
1822,6.178642e-01,,2.838343e-04,100.00,13.862
1823,6.093518e-01,,2.834197e-04,100.00,13.856
1824,5.746819e-01,,2.830053e-04,100.00,13.860
1825,6.030796e-01,,2.825910e-04,100.00,13.860
1826,6.018406e-01,,2.821768e-04,100.00,13.856
1827,6.061590e-01,,2.817628e-04,100.00,13.859
1828,5.771615e-01,,2.813489e-04,100.00,13.857
1829,5.981412e-01,,2.809351e-04,100.00,13.859
1830,6.170328e-01,,2.805215e-04,100.00,13.993
1831,5.590783e-01,,2.801081e-04,100.00,14.066
1832,6.054043e-01,,2.796947e-04,100.00,14.062
1833,5.969018e-01,,2.792815e-04,100.00,14.068
1834,6.010907e-01,,2.788685e-04,100.00,14.065
1835,6.026443e-01,,2.784556e-04,100.00,14.064
1836,5.931818e-01,,2.780428e-04,100.00,14.065
1837,6.256874e-01,,2.776302e-04,100.00,14.066
1838,5.746054e-01,,2.772177e-04,100.00,14.066
1839,6.281681e-01,,2.768054e-04,100.00,13.897
1840,5.675403e-01,,2.763932e-04,100.00,13.863
1841,5.977039e-01,,2.759812e-04,100.00,13.863
1842,5.627258e-01,,2.755693e-04,100.00,13.861
1843,5.937665e-01,,2.751575e-04,100.00,13.862
1844,5.768511e-01,,2.747459e-04,100.00,13.869
1845,5.949558e-01,,2.743345e-04,100.00,13.866
1846,5.775333e-01,,2.739231e-04,100.00,13.862
1847,5.722426e-01,,2.735120e-04,100.00,13.865
1848,5.740949e-01,,2.731010e-04,100.00,13.932
1849,5.926774e-01,,2.726901e-04,100.00,14.059
1850,5.678927e-01,,2.722794e-04,100.00,14.061
1851,5.924786e-01,,2.718688e-04,100.00,14.072
1852,5.893963e-01,,2.714584e-04,100.00,14.073
1853,5.579275e-01,,2.710481e-04,100.00,14.071
1854,6.164545e-01,,2.706380e-04,100.00,14.069
1855,6.233663e-01,,2.702281e-04,100.00,14.072
1856,6.028158e-01,,2.698183e-04,100.00,14.071
1857,5.888414e-01,,2.694086e-04,100.00,13.970
1858,6.543327e-01,,2.689991e-04,100.00,13.849
1859,5.998992e-01,,2.685898e-04,100.00,13.850
1860,6.055619e-01,,2.681806e-04,100.00,13.855
1861,6.189470e-01,,2.677715e-04,100.00,13.865
1862,6.042492e-01,,2.673626e-04,100.00,13.868
1863,5.963011e-01,,2.669539e-04,100.00,13.864
1864,6.557358e-01,,2.665453e-04,100.00,13.858
1865,6.894275e-01,,2.661369e-04,100.00,13.861
1866,6.278605e-01,,2.657287e-04,100.00,13.858
1867,6.505476e-01,,2.653206e-04,100.00,13.860
1868,6.275322e-01,,2.649126e-04,100.00,13.860
1869,6.593080e-01,,2.645048e-04,100.00,13.860
1870,6.563219e-01,,2.640972e-04,100.00,13.863
1871,6.637071e-01,,2.636897e-04,100.00,13.859
1872,6.294608e-01,,2.632824e-04,100.00,13.863
1873,5.975150e-01,,2.628753e-04,100.00,13.860
1874,5.818703e-01,,2.624683e-04,100.00,13.860
1875,6.557121e-01,,2.620615e-04,100.00,13.859
1876,6.095869e-01,,2.616548e-04,100.00,13.859
1877,6.569810e-01,,2.612483e-04,100.00,13.859
1878,6.612528e-01,,2.608420e-04,100.00,13.861
1879,6.061687e-01,,2.604358e-04,100.00,13.860
1880,6.186293e-01,,2.600298e-04,100.00,13.862
1881,5.981511e-01,,2.596240e-04,100.00,13.861
1882,6.278588e-01,,2.592183e-04,100.00,13.861
1883,6.362701e-01,,2.588128e-04,100.00,13.862
1884,5.853573e-01,,2.584074e-04,100.00,13.860
1885,6.411149e-01,,2.580022e-04,100.00,13.863
1886,6.362201e-01,,2.575972e-04,100.00,13.861
1887,6.436008e-01,,2.571924e-04,100.00,13.859
1888,6.132610e-01,,2.567877e-04,100.00,13.860
1889,5.462935e-01,,2.563832e-04,100.00,13.859
1890,6.030679e-01,,2.559788e-04,100.00,13.861
1891,5.671191e-01,,2.555746e-04,100.00,13.859
1892,5.936485e-01,,2.551706e-04,100.00,13.857
1893,6.109862e-01,,2.547668e-04,100.00,13.857
1894,5.727023e-01,,2.543631e-04,100.00,13.917
1895,6.388756e-01,,2.539596e-04,100.00,14.063
1896,5.863094e-01,,2.535563e-04,100.00,14.064
1897,5.798676e-01,,2.531532e-04,100.00,14.061
1898,6.414680e-01,,2.527502e-04,100.00,14.063
1899,6.052715e-01,6.043668e-01,2.523474e-04,82.00,16.540
1900,6.180266e-01,,2.519447e-04,100.00,14.135
1901,5.875392e-01,,2.515423e-04,100.00,14.158
1902,5.710282e-01,,2.511400e-04,100.00,14.062
1903,6.268338e-01,,2.507379e-04,100.00,13.933
1904,5.680577e-01,,2.503359e-04,100.00,13.859
1905,5.992799e-01,,2.499342e-04,100.00,13.853
1906,5.954472e-01,,2.495326e-04,100.00,13.853
1907,5.633617e-01,,2.491312e-04,100.00,13.864
1908,6.390876e-01,,2.487300e-04,100.00,13.862
1909,5.611417e-01,,2.483289e-04,100.00,13.864
1910,5.645225e-01,,2.479280e-04,100.00,13.861
1911,6.087734e-01,,2.475273e-04,100.00,13.862
1912,5.653588e-01,,2.471268e-04,100.00,13.863
1913,5.911088e-01,,2.467265e-04,100.00,13.862
1914,5.777241e-01,,2.463263e-04,100.00,13.861
1915,5.872280e-01,,2.459263e-04,100.00,13.864
1916,5.853168e-01,,2.455265e-04,100.00,13.861
1917,5.732398e-01,,2.451269e-04,100.00,13.863
1918,6.027164e-01,,2.447275e-04,100.00,13.862
1919,5.928634e-01,,2.443282e-04,100.00,13.862
1920,6.023591e-01,,2.439292e-04,100.00,13.904
1921,5.939322e-01,,2.435303e-04,100.00,13.994
1922,5.662791e-01,,2.431316e-04,100.00,13.862
1923,5.968489e-01,,2.427331e-04,100.00,13.862
1924,5.502036e-01,,2.423347e-04,100.00,13.863
1925,5.830114e-01,,2.419366e-04,100.00,13.860
1926,5.823930e-01,,2.415386e-04,100.00,13.863
1927,5.509622e-01,,2.411408e-04,100.00,13.863
1928,5.919766e-01,,2.407433e-04,100.00,13.865
1929,5.599337e-01,,2.403458e-04,100.00,13.861
1930,5.582077e-01,,2.399486e-04,100.00,13.865
1931,6.045971e-01,,2.395516e-04,100.00,13.863
1932,5.430043e-01,,2.391548e-04,100.00,13.860
1933,5.656905e-01,,2.387581e-04,100.00,13.861
1934,6.079452e-01,,2.383616e-04,100.00,13.862
1935,5.583286e-01,,2.379654e-04,100.00,13.862
1936,5.965534e-01,,2.375693e-04,100.00,13.860
1937,5.757387e-01,,2.371734e-04,100.00,13.864
1938,5.766531e-01,,2.367777e-04,100.00,13.864
1939,5.755676e-01,,2.363822e-04,100.00,13.864
1940,5.646115e-01,,2.359869e-04,100.00,13.858
1941,5.582375e-01,,2.355917e-04,100.00,13.862
1942,5.875485e-01,,2.351968e-04,100.00,13.858
1943,5.747848e-01,,2.348021e-04,100.00,13.860
1944,5.858966e-01,,2.344075e-04,100.00,13.864
1945,5.620456e-01,,2.340132e-04,100.00,13.862
1946,5.974177e-01,,2.336190e-04,100.00,13.864
1947,5.545119e-01,,2.332251e-04,100.00,13.866
1948,5.842206e-01,,2.328313e-04,100.00,13.862
1949,5.415613e-01,,2.324377e-04,100.00,13.864
1950,5.608941e-01,,2.320444e-04,100.00,13.861
1951,5.855135e-01,,2.316512e-04,100.00,13.862
1952,5.249796e-01,,2.312582e-04,100.00,13.865
1953,5.506832e-01,,2.308654e-04,100.00,13.863
1954,5.940505e-01,,2.304728e-04,100.00,13.862
1955,5.399881e-01,,2.300805e-04,100.00,13.861
1956,5.922927e-01,,2.296883e-04,100.00,13.865
1957,5.338600e-01,,2.292963e-04,100.00,13.860
1958,6.009479e-01,,2.289045e-04,100.00,13.861
1959,5.571945e-01,,2.285129e-04,100.00,13.863
1960,5.651273e-01,,2.281216e-04,100.00,13.863
1961,5.891713e-01,,2.277304e-04,100.00,13.862
1962,5.363334e-01,,2.273394e-04,100.00,13.860
1963,6.010883e-01,,2.269486e-04,100.00,13.864
1964,5.295186e-01,,2.265581e-04,100.00,13.858
1965,5.933359e-01,,2.261677e-04,100.00,13.863
1966,5.429558e-01,,2.257775e-04,100.00,13.858
1967,5.587930e-01,,2.253876e-04,100.00,13.863
1968,5.460453e-01,,2.249978e-04,100.00,13.857
1969,5.503958e-01,,2.246083e-04,100.00,13.864
1970,5.787816e-01,,2.242189e-04,100.00,13.861
1971,5.481485e-01,,2.238298e-04,100.00,13.863
1972,5.381839e-01,,2.234409e-04,100.00,13.863
1973,5.978842e-01,,2.230521e-04,100.00,13.866
1974,5.271615e-01,,2.226636e-04,100.00,13.861
1975,5.837847e-01,,2.222753e-04,100.00,13.860
1976,5.371911e-01,,2.218872e-04,100.00,13.863
1977,5.470404e-01,,2.214993e-04,100.00,13.863
1978,5.649942e-01,,2.211117e-04,100.00,13.866
1979,5.355713e-01,,2.207242e-04,100.00,13.862
1980,5.508612e-01,,2.203369e-04,100.00,13.862
1981,5.423641e-01,,2.199499e-04,100.00,13.861
1982,5.217910e-01,,2.195630e-04,100.00,13.862
1983,5.747656e-01,,2.191764e-04,100.00,13.864
1984,5.333865e-01,,2.187900e-04,100.00,13.863
1985,5.632624e-01,,2.184038e-04,100.00,13.863
1986,5.673402e-01,,2.180178e-04,100.00,13.929
1987,5.139769e-01,,2.176320e-04,100.00,14.073
1988,5.530984e-01,,2.172465e-04,100.00,14.077
1989,5.769832e-01,,2.168611e-04,100.00,14.084
1990,5.287500e-01,,2.164760e-04,100.00,14.088
1991,5.635994e-01,,2.160911e-04,100.00,14.088
1992,5.542673e-01,,2.157064e-04,100.00,14.080
1993,5.593870e-01,,2.153219e-04,100.00,14.080
1994,5.629582e-01,,2.149376e-04,100.00,14.074
1995,5.463050e-01,,2.145536e-04,100.00,14.079
1996,5.478316e-01,,2.141698e-04,100.00,14.075
1997,5.618621e-01,,2.137861e-04,100.00,14.076
1998,5.595110e-01,,2.134028e-04,100.00,14.074
1999,5.372413e-01,5.453268e-01,2.130196e-04,12.00,16.557
2000,5.493728e-01,,2.126366e-04,100.00,14.070
2001,5.498734e-01,,2.122539e-04,100.00,14.003
2002,5.501009e-01,,2.118714e-04,100.00,13.878
2003,5.471885e-01,,2.114891e-04,100.00,13.862
2004,5.461135e-01,,2.111070e-04,100.00,14.036
2005,5.316831e-01,,2.107252e-04,100.00,13.854
2006,5.527672e-01,,2.103435e-04,100.00,13.849
2007,5.780297e-01,,2.099621e-04,100.00,13.849
2008,5.171722e-01,,2.095809e-04,100.00,13.842
2009,5.615528e-01,,2.092000e-04,100.00,13.852
2010,5.695206e-01,,2.088192e-04,100.00,13.854
2011,5.293632e-01,,2.084387e-04,100.00,13.853
2012,5.672528e-01,,2.080584e-04,100.00,13.851
2013,5.533492e-01,,2.076784e-04,100.00,13.850
2014,5.440401e-01,,2.072985e-04,100.00,13.848
2015,5.622781e-01,,2.069189e-04,100.00,13.847
2016,5.292984e-01,,2.065395e-04,100.00,13.850
2017,5.497951e-01,,2.061604e-04,100.00,13.851
2018,5.451618e-01,,2.057814e-04,100.00,13.851
2019,5.427522e-01,,2.054027e-04,100.00,13.851
2020,5.457276e-01,,2.050243e-04,100.00,13.853
2021,5.320976e-01,,2.046460e-04,100.00,13.855
2022,5.617010e-01,,2.042680e-04,100.00,13.855
2023,5.461630e-01,,2.038902e-04,100.00,14.031
2024,5.307250e-01,,2.035127e-04,100.00,14.070
2025,5.429326e-01,,2.031353e-04,100.00,14.223
2026,5.554092e-01,,2.027583e-04,100.00,14.071
2027,5.400099e-01,,2.023814e-04,100.00,14.069
2028,5.463332e-01,,2.020048e-04,100.00,14.065
2029,5.361161e-01,,2.016284e-04,100.00,14.058
2030,5.527949e-01,,2.012522e-04,100.00,14.050
2031,5.312020e-01,,2.008763e-04,100.00,14.048
2032,5.293165e-01,,2.005006e-04,100.00,14.061
2033,5.614431e-01,,2.001251e-04,100.00,14.058
2034,5.329024e-01,,1.997499e-04,100.00,14.056
2035,5.451783e-01,,1.993749e-04,100.00,14.052
2036,5.399640e-01,,1.990001e-04,100.00,14.058
2037,5.385022e-01,,1.986256e-04,100.00,14.056
2038,5.414276e-01,,1.982513e-04,100.00,14.054
2039,5.465984e-01,,1.978773e-04,100.00,14.056
2040,5.292593e-01,,1.975034e-04,100.00,14.055
2041,5.555290e-01,,1.971299e-04,100.00,14.051
2042,5.336237e-01,,1.967565e-04,100.00,14.056
2043,5.350397e-01,,1.963834e-04,100.00,14.051
2044,5.332273e-01,,1.960106e-04,100.00,14.057
2045,5.577885e-01,,1.956380e-04,100.00,14.057
2046,5.095806e-01,,1.952656e-04,100.00,14.060
2047,5.538007e-01,,1.948934e-04,100.00,13.886
2048,5.323453e-01,,1.945215e-04,100.00,13.852
2049,5.225694e-01,,1.941499e-04,100.00,13.853
2050,5.384735e-01,,1.937785e-04,100.00,13.854
2051,5.431518e-01,,1.934073e-04,100.00,13.852
2052,5.185399e-01,,1.930363e-04,100.00,13.856
2053,5.392373e-01,,1.926657e-04,100.00,13.849
2054,5.397088e-01,,1.922952e-04,100.00,13.853
2055,5.238143e-01,,1.919250e-04,100.00,13.856
2056,5.395824e-01,,1.915551e-04,100.00,13.852
2057,5.367570e-01,,1.911853e-04,100.00,13.854
2058,5.183725e-01,,1.908159e-04,100.00,13.852
2059,5.203662e-01,,1.904466e-04,100.00,13.855
2060,5.369562e-01,,1.900777e-04,100.00,13.853
2061,5.271133e-01,,1.897089e-04,100.00,13.853
2062,5.153773e-01,,1.893405e-04,100.00,13.853
2063,5.394423e-01,,1.889722e-04,100.00,13.853
2064,5.359508e-01,,1.886042e-04,100.00,13.851
2065,5.146410e-01,,1.882365e-04,100.00,13.851
2066,5.436442e-01,,1.878690e-04,100.00,13.855
2067,5.358973e-01,,1.875018e-04,100.00,13.851
2068,5.240684e-01,,1.871348e-04,100.00,13.857
2069,5.087895e-01,,1.867680e-04,100.00,13.852
2070,5.298051e-01,,1.864015e-04,100.00,13.855
2071,5.373159e-01,,1.860353e-04,100.00,13.854
2072,5.332069e-01,,1.856693e-04,100.00,13.856
2073,5.203082e-01,,1.853035e-04,100.00,13.857
2074,5.384355e-01,,1.849381e-04,100.00,13.857
2075,5.277953e-01,,1.845728e-04,100.00,13.855
2076,5.357862e-01,,1.842078e-04,100.00,13.859
2077,5.281293e-01,,1.838431e-04,100.00,13.856
2078,5.049523e-01,,1.834786e-04,100.00,13.853
2079,5.188221e-01,,1.831144e-04,100.00,13.857
2080,5.278370e-01,,1.827504e-04,100.00,13.854
2081,5.459310e-01,,1.823867e-04,100.00,13.856
2082,5.218083e-01,,1.820233e-04,100.00,13.857
2083,5.324023e-01,,1.816601e-04,100.00,13.855
2084,5.173677e-01,,1.812971e-04,100.00,13.855
2085,5.227870e-01,,1.809344e-04,100.00,13.857
2086,5.483334e-01,,1.805720e-04,100.00,13.857
2087,5.158613e-01,,1.802098e-04,100.00,13.856
2088,5.191498e-01,,1.798479e-04,100.00,13.855
2089,5.243322e-01,,1.794862e-04,100.00,13.860
2090,5.212759e-01,,1.791248e-04,100.00,13.857
2091,5.372425e-01,,1.787637e-04,100.00,13.855
2092,5.319787e-01,,1.784028e-04,100.00,13.857
2093,5.101481e-01,,1.780422e-04,100.00,13.855
2094,5.277112e-01,,1.776818e-04,100.00,13.862
2095,5.223406e-01,,1.773217e-04,100.00,13.857
2096,5.427546e-01,,1.769619e-04,100.00,13.858
2097,5.210985e-01,,1.766023e-04,100.00,13.854
2098,5.227134e-01,,1.762430e-04,100.00,13.857
2099,5.127395e-01,5.394776e-01,1.758840e-04,14.00,16.297
2100,5.316216e-01,,1.755252e-04,100.00,13.859
2101,5.177704e-01,,1.751666e-04,100.00,13.859
2102,5.173522e-01,,1.748084e-04,100.00,13.860
2103,5.267331e-01,,1.744504e-04,100.00,13.857
2104,5.274780e-01,,1.740927e-04,100.00,13.854
2105,5.269210e-01,,1.737352e-04,100.00,13.906
2106,5.159393e-01,,1.733780e-04,100.00,14.211
2107,5.172643e-01,,1.730211e-04,100.00,14.091
2108,5.303439e-01,,1.726644e-04,100.00,14.057
2109,5.106833e-01,,1.723080e-04,100.00,14.064
2110,5.208562e-01,,1.719518e-04,100.00,14.062
2111,5.272977e-01,,1.715960e-04,100.00,14.061
2112,5.308874e-01,,1.712404e-04,100.00,14.066
2113,5.089527e-01,,1.708850e-04,100.00,14.068
2114,5.418644e-01,,1.705300e-04,100.00,14.065
2115,5.208780e-01,,1.701752e-04,100.00,14.066
2116,5.119221e-01,,1.698207e-04,100.00,14.067
2117,5.183543e-01,,1.694664e-04,100.00,14.068
2118,5.230325e-01,,1.691124e-04,100.00,14.070
2119,5.222399e-01,,1.687587e-04,100.00,14.070
2120,5.190455e-01,,1.684053e-04,100.00,13.994
2121,5.164106e-01,,1.680521e-04,100.00,13.874
2122,5.127111e-01,,1.676992e-04,100.00,13.878
2123,5.316466e-01,,1.673466e-04,100.00,13.876
2124,5.112681e-01,,1.669942e-04,100.00,13.876
2125,5.136026e-01,,1.666422e-04,100.00,13.922
2126,5.258260e-01,,1.662904e-04,100.00,14.006
2127,4.997650e-01,,1.659388e-04,100.00,13.877
2128,5.092369e-01,,1.655876e-04,100.00,13.879
2129,5.182152e-01,,1.652366e-04,100.00,13.878
2130,5.076006e-01,,1.648859e-04,100.00,13.878
2131,5.174573e-01,,1.645355e-04,100.00,13.877
2132,5.072182e-01,,1.641853e-04,100.00,13.878
2133,5.004615e-01,,1.638354e-04,100.00,13.877
2134,5.189091e-01,,1.634858e-04,100.00,13.878
2135,5.071249e-01,,1.631365e-04,100.00,13.876
2136,5.078683e-01,,1.627875e-04,100.00,13.876
2137,4.997160e-01,,1.624387e-04,100.00,13.877
2138,5.135442e-01,,1.620902e-04,100.00,13.878
2139,5.121146e-01,,1.617420e-04,100.00,13.876
2140,5.020254e-01,,1.613941e-04,100.00,13.874
2141,5.132607e-01,,1.610465e-04,100.00,13.880
2142,5.129867e-01,,1.606991e-04,100.00,13.879
2143,5.055497e-01,,1.603520e-04,100.00,13.876
2144,5.047636e-01,,1.600052e-04,100.00,13.878
2145,5.152247e-01,,1.596587e-04,100.00,13.877
2146,5.100250e-01,,1.593124e-04,100.00,13.879
2147,5.162257e-01,,1.589665e-04,100.00,13.875
2148,5.124282e-01,,1.586208e-04,100.00,13.876
2149,5.001806e-01,,1.582754e-04,100.00,13.877
2150,5.086052e-01,,1.579303e-04,100.00,13.879
2151,5.052853e-01,,1.575855e-04,100.00,13.875
2152,5.287615e-01,,1.572410e-04,100.00,13.877
2153,5.192761e-01,,1.568967e-04,100.00,13.878
2154,5.055977e-01,,1.565527e-04,100.00,13.881
2155,5.165280e-01,,1.562090e-04,100.00,13.877
2156,5.115925e-01,,1.558656e-04,100.00,13.877
2157,4.976197e-01,,1.555225e-04,100.00,13.876
2158,5.115794e-01,,1.551797e-04,100.00,13.880
2159,5.114380e-01,,1.548372e-04,100.00,13.878
2160,5.043962e-01,,1.544949e-04,100.00,13.900
2161,5.047182e-01,,1.541530e-04,100.00,14.064
2162,5.087275e-01,,1.538113e-04,100.00,14.056
2163,5.136409e-01,,1.534699e-04,100.00,14.064
2164,5.106994e-01,,1.531288e-04,100.00,14.061
2165,5.028902e-01,,1.527880e-04,100.00,14.060
2166,5.033612e-01,,1.524475e-04,100.00,14.060
2167,4.994228e-01,,1.521073e-04,100.00,14.063
2168,4.991300e-01,,1.517673e-04,100.00,14.065
2169,5.072857e-01,,1.514277e-04,100.00,14.056
2170,5.135346e-01,,1.510884e-04,100.00,14.053
2171,4.997253e-01,,1.507493e-04,100.00,14.054
2172,5.133212e-01,,1.504105e-04,100.00,14.052
2173,5.057245e-01,,1.500721e-04,100.00,14.053
2174,4.975306e-01,,1.497339e-04,100.00,14.054
2175,5.040651e-01,,1.493960e-04,100.00,14.056
2176,5.082684e-01,,1.490584e-04,100.00,14.050
2177,5.045517e-01,,1.487211e-04,100.00,14.051
2178,5.068870e-01,,1.483841e-04,100.00,14.018
2179,5.095129e-01,,1.480474e-04,100.00,13.856
2180,5.026359e-01,,1.477110e-04,100.00,13.861
2181,5.101163e-01,,1.473749e-04,100.00,13.864
2182,5.114700e-01,,1.470391e-04,100.00,13.859
2183,5.103628e-01,,1.467035e-04,100.00,13.857
2184,5.059353e-01,,1.463683e-04,100.00,13.861
2185,5.034571e-01,,1.460334e-04,100.00,13.859
2186,5.033401e-01,,1.456988e-04,100.00,13.857
2187,5.072363e-01,,1.453644e-04,100.00,13.857
2188,4.997694e-01,,1.450304e-04,100.00,13.857
2189,5.166454e-01,,1.446967e-04,100.00,13.856
2190,5.011671e-01,,1.443632e-04,100.00,13.859
2191,4.967291e-01,,1.440301e-04,100.00,13.859
2192,4.945759e-01,,1.436973e-04,100.00,13.857
2193,5.014847e-01,,1.433647e-04,100.00,13.860
2194,5.016975e-01,,1.430325e-04,100.00,13.857
2195,4.973223e-01,,1.427006e-04,100.00,13.858
2196,4.975943e-01,,1.423690e-04,100.00,13.853
2197,5.092861e-01,,1.420376e-04,100.00,13.860
2198,5.015647e-01,,1.417066e-04,100.00,13.857
2199,5.075590e-01,5.041843e-01,1.413759e-04,13.00,16.297
2200,5.082519e-01,,1.410455e-04,100.00,13.858
2201,5.059702e-01,,1.407154e-04,100.00,13.860
2202,5.014690e-01,,1.403856e-04,100.00,13.860
2203,4.991141e-01,,1.400561e-04,100.00,13.863
2204,5.127735e-01,,1.397269e-04,100.00,13.861
2205,5.003333e-01,,1.393980e-04,100.00,13.860
2206,5.022497e-01,,1.390694e-04,100.00,13.943
2207,5.052869e-01,,1.387411e-04,100.00,14.056
2208,5.054647e-01,,1.384131e-04,100.00,14.059
2209,5.077133e-01,,1.380855e-04,100.00,14.056
2210,5.023823e-01,,1.377581e-04,100.00,14.058
2211,4.948104e-01,,1.374311e-04,100.00,14.062
2212,5.039096e-01,,1.371043e-04,100.00,14.245
2213,5.085386e-01,,1.367779e-04,100.00,14.056
2214,5.022428e-01,,1.364518e-04,100.00,14.057
2215,5.000503e-01,,1.361260e-04,100.00,14.060
2216,5.041915e-01,,1.358004e-04,100.00,14.058
2217,5.037160e-01,,1.354753e-04,100.00,14.058
2218,4.977596e-01,,1.351504e-04,100.00,14.060
2219,4.988186e-01,,1.348258e-04,100.00,14.058
2220,5.088531e-01,,1.345015e-04,100.00,14.060
2221,4.924042e-01,,1.341776e-04,100.00,14.055
2222,5.010523e-01,,1.338539e-04,100.00,14.057
2223,4.950069e-01,,1.335306e-04,100.00,14.058
2224,4.946036e-01,,1.332076e-04,100.00,14.056
2225,4.883223e-01,,1.328849e-04,100.00,14.058
2226,4.920808e-01,,1.325625e-04,100.00,14.057
2227,4.968545e-01,,1.322404e-04,100.00,14.059
2228,4.974339e-01,,1.319187e-04,100.00,14.057
2229,4.938170e-01,,1.315972e-04,100.00,14.150
2230,5.007392e-01,,1.312761e-04,100.00,14.141
2231,4.987346e-01,,1.309553e-04,100.00,14.060
2232,4.972014e-01,,1.306348e-04,100.00,14.057
2233,4.894462e-01,,1.303146e-04,100.00,14.055
2234,4.947856e-01,,1.299947e-04,100.00,14.059
2235,4.953538e-01,,1.296752e-04,100.00,14.063
2236,4.925594e-01,,1.293560e-04,100.00,14.061
2237,4.931670e-01,,1.290370e-04,100.00,14.059
2238,4.940192e-01,,1.287184e-04,100.00,14.058
2239,4.946802e-01,,1.284002e-04,100.00,14.058
2240,4.887001e-01,,1.280822e-04,100.00,14.060
2241,4.987637e-01,,1.277646e-04,100.00,14.054
2242,4.918558e-01,,1.274472e-04,100.00,14.062
2243,4.914279e-01,,1.271302e-04,100.00,14.058
2244,4.922232e-01,,1.268136e-04,100.00,14.060
2245,4.928514e-01,,1.264972e-04,100.00,14.061
2246,4.946344e-01,,1.261812e-04,100.00,14.063
2247,4.946610e-01,,1.258654e-04,100.00,14.060
2248,4.918370e-01,,1.255500e-04,100.00,14.056
2249,4.944564e-01,,1.252350e-04,100.00,14.058
2250,4.985583e-01,,1.249202e-04,100.00,14.061
2251,4.897230e-01,,1.246058e-04,100.00,14.060
2252,4.961839e-01,,1.242917e-04,100.00,14.059
2253,4.986590e-01,,1.239779e-04,100.00,14.058
2254,4.943122e-01,,1.236644e-04,100.00,14.056
2255,5.005753e-01,,1.233513e-04,100.00,14.058
2256,4.919783e-01,,1.230385e-04,100.00,14.054
2257,5.046897e-01,,1.227260e-04,100.00,14.060
2258,4.909187e-01,,1.224139e-04,100.00,14.055
2259,5.002686e-01,,1.221020e-04,100.00,14.057
2260,4.953968e-01,,1.217905e-04,100.00,14.055
2261,4.920547e-01,,1.214793e-04,100.00,14.058
2262,4.884272e-01,,1.211685e-04,100.00,14.057
2263,4.947784e-01,,1.208580e-04,100.00,14.058
2264,4.861268e-01,,1.205478e-04,100.00,14.058
2265,4.932276e-01,,1.202379e-04,100.00,14.056
2266,4.934411e-01,,1.199283e-04,100.00,14.057
2267,4.871544e-01,,1.196191e-04,100.00,14.053
2268,4.918383e-01,,1.193102e-04,100.00,14.060
2269,4.912871e-01,,1.190017e-04,100.00,14.057
2270,4.901691e-01,,1.186935e-04,100.00,14.056
2271,4.901570e-01,,1.183856e-04,100.00,14.055
2272,4.921631e-01,,1.180780e-04,100.00,14.060
2273,4.903546e-01,,1.177708e-04,100.00,14.055
2274,4.912576e-01,,1.174639e-04,100.00,14.058
2275,4.928838e-01,,1.171573e-04,100.00,14.058
2276,4.922350e-01,,1.168510e-04,100.00,14.057
2277,4.853631e-01,,1.165451e-04,100.00,14.058
2278,4.889350e-01,,1.162396e-04,100.00,14.059
2279,4.900934e-01,,1.159343e-04,100.00,14.056
2280,4.911853e-01,,1.156294e-04,100.00,14.060
2281,4.938955e-01,,1.153248e-04,100.00,14.058
2282,4.902512e-01,,1.150206e-04,100.00,14.057
2283,4.977398e-01,,1.147167e-04,100.00,14.057
2284,4.956173e-01,,1.144131e-04,100.00,14.057
2285,4.911324e-01,,1.141099e-04,100.00,14.057
2286,4.985403e-01,,1.138070e-04,100.00,14.056
2287,4.937894e-01,,1.135044e-04,100.00,14.057
2288,4.919551e-01,,1.132022e-04,100.00,14.058
2289,4.923821e-01,,1.129003e-04,100.00,14.059
2290,4.904143e-01,,1.125987e-04,100.00,14.058
2291,4.915409e-01,,1.122975e-04,100.00,14.060
2292,4.883236e-01,,1.119966e-04,100.00,14.057
2293,4.851976e-01,,1.116961e-04,100.00,14.060
2294,4.939372e-01,,1.113959e-04,100.00,13.913
2295,4.864040e-01,,1.110960e-04,100.00,13.855
2296,4.935269e-01,,1.107965e-04,100.00,13.853
2297,4.900253e-01,,1.104973e-04,100.00,13.858
2298,4.974152e-01,,1.101985e-04,100.00,13.857
2299,4.904452e-01,4.981561e-01,1.099000e-04,24.00,16.295
2300,5.030642e-01,,1.096018e-04,100.00,13.859
2301,4.937465e-01,,1.093040e-04,100.00,13.855
2302,4.976478e-01,,1.090065e-04,100.00,13.860
2303,4.959651e-01,,1.087094e-04,100.00,13.856
2304,4.911428e-01,,1.084125e-04,100.00,13.855
2305,4.932967e-01,,1.081161e-04,100.00,13.854
2306,4.889166e-01,,1.078200e-04,100.00,13.856
2307,4.900872e-01,,1.075242e-04,100.00,13.855
2308,4.908984e-01,,1.072288e-04,100.00,13.857
2309,4.931531e-01,,1.069337e-04,100.00,13.898
2310,4.877395e-01,,1.066389e-04,100.00,14.068
2311,4.892448e-01,,1.063445e-04,100.00,14.062
2312,4.916624e-01,,1.060505e-04,100.00,14.064
2313,4.880099e-01,,1.057568e-04,100.00,14.059
2314,4.902720e-01,,1.054634e-04,100.00,14.055
2315,4.898956e-01,,1.051704e-04,100.00,14.051
2316,4.877947e-01,,1.048777e-04,100.00,14.049
2317,4.849643e-01,,1.045854e-04,100.00,14.053
2318,4.907259e-01,,1.042934e-04,100.00,14.057
2319,4.920053e-01,,1.040018e-04,100.00,14.057
2320,4.911017e-01,,1.037105e-04,100.00,14.052
2321,4.870865e-01,,1.034196e-04,100.00,14.053
2322,4.928363e-01,,1.031290e-04,100.00,14.050
2323,4.890498e-01,,1.028387e-04,100.00,14.160
2324,4.858684e-01,,1.025488e-04,100.00,14.109
2325,4.906714e-01,,1.022593e-04,100.00,14.052
2326,4.885994e-01,,1.019701e-04,100.00,14.052
2327,4.866641e-01,,1.016813e-04,100.00,14.052
2328,4.881144e-01,,1.013928e-04,100.00,14.053
2329,4.834933e-01,,1.011046e-04,100.00,14.051
2330,4.863541e-01,,1.008168e-04,100.00,14.049
2331,4.855268e-01,,1.005294e-04,100.00,14.053
2332,4.880084e-01,,1.002423e-04,100.00,14.109
2333,4.873636e-01,,9.995557e-05,100.00,14.165
2334,4.802720e-01,,9.966919e-05,100.00,14.052
2335,4.856428e-01,,9.938315e-05,100.00,14.051
2336,4.838015e-01,,9.909747e-05,100.00,14.053
2337,4.883015e-01,,9.881215e-05,100.00,14.049
2338,4.858215e-01,,9.852717e-05,100.00,14.054
2339,4.891705e-01,,9.824255e-05,100.00,14.011
2340,4.895938e-01,,9.795829e-05,100.00,13.858
2341,4.894606e-01,,9.767437e-05,100.00,13.855
2342,4.924468e-01,,9.739082e-05,100.00,13.966
2343,4.883680e-01,,9.710762e-05,100.00,13.960
2344,4.851667e-01,,9.682477e-05,100.00,13.967
2345,4.870086e-01,,9.654228e-05,100.00,13.961
2346,4.869315e-01,,9.626015e-05,100.00,14.009
2347,4.910007e-01,,9.597837e-05,100.00,14.050
2348,4.873059e-01,,9.569695e-05,100.00,14.050
2349,4.903988e-01,,9.541588e-05,100.00,14.056
2350,4.890777e-01,,9.513518e-05,100.00,14.057
2351,4.898404e-01,,9.485483e-05,100.00,14.057
2352,4.927060e-01,,9.457484e-05,100.00,14.052
2353,4.866488e-01,,9.429521e-05,100.00,14.055
2354,4.842510e-01,,9.401593e-05,100.00,14.053
2355,4.840981e-01,,9.373702e-05,100.00,14.054
2356,4.853093e-01,,9.345847e-05,100.00,14.055
2357,4.829631e-01,,9.318027e-05,100.00,14.051
2358,4.878430e-01,,9.290244e-05,100.00,14.053
2359,4.861627e-01,,9.262496e-05,100.00,14.051
2360,4.829651e-01,,9.234785e-05,100.00,14.052
2361,4.832115e-01,,9.207109e-05,100.00,14.055
2362,4.836792e-01,,9.179470e-05,100.00,14.052
2363,4.882632e-01,,9.151867e-05,100.00,14.052
2364,4.845026e-01,,9.124301e-05,100.00,14.054
2365,4.855705e-01,,9.096770e-05,100.00,14.051
2366,4.814573e-01,,9.069276e-05,100.00,14.057
2367,4.919038e-01,,9.041818e-05,100.00,14.052
2368,4.936445e-01,,9.014396e-05,100.00,14.054
2369,4.831404e-01,,8.987011e-05,100.00,14.054
2370,4.831317e-01,,8.959662e-05,100.00,14.053
2371,4.803775e-01,,8.932350e-05,100.00,14.049
2372,4.826345e-01,,8.905074e-05,100.00,14.049
2373,4.838357e-01,,8.877834e-05,100.00,14.050
2374,4.855117e-01,,8.850631e-05,100.00,14.055
2375,4.849328e-01,,8.823465e-05,100.00,14.055
2376,4.862409e-01,,8.796335e-05,100.00,14.053
2377,4.839131e-01,,8.769242e-05,100.00,14.052
2378,4.818652e-01,,8.742185e-05,100.00,14.053
2379,4.849917e-01,,8.715165e-05,100.00,14.053
2380,4.846307e-01,,8.688182e-05,100.00,14.051
2381,4.842379e-01,,8.661236e-05,100.00,14.054
2382,4.865528e-01,,8.634326e-05,100.00,14.051
2383,4.827124e-01,,8.607453e-05,100.00,14.054
2384,4.826034e-01,,8.580617e-05,100.00,14.050
2385,4.831373e-01,,8.553818e-05,100.00,14.054
2386,4.832614e-01,,8.527056e-05,100.00,14.052
2387,4.822219e-01,,8.500331e-05,100.00,14.055
2388,4.841750e-01,,8.473642e-05,100.00,14.054
2389,4.805466e-01,,8.446991e-05,100.00,14.053
2390,4.830850e-01,,8.420377e-05,100.00,14.053
2391,4.826473e-01,,8.393800e-05,100.00,14.054
2392,4.840528e-01,,8.367259e-05,100.00,14.054
2393,4.855453e-01,,8.340756e-05,100.00,14.053
2394,4.826611e-01,,8.314291e-05,100.00,14.051
2395,4.806892e-01,,8.287862e-05,100.00,14.051
2396,4.854217e-01,,8.261470e-05,100.00,14.057
2397,4.820892e-01,,8.235116e-05,100.00,14.050
2398,4.834809e-01,,8.208799e-05,100.00,14.053
2399,4.818148e-01,4.751781e-01,8.182520e-05,67.00,16.526
2400,4.836108e-01,,8.156277e-05,100.00,14.055
2401,4.813359e-01,,8.130072e-05,100.00,14.051
2402,4.826416e-01,,8.103905e-05,100.00,14.054
2403,4.890942e-01,,8.077775e-05,100.00,13.934
2404,4.858170e-01,,8.051682e-05,100.00,13.857
2405,4.850121e-01,,8.025627e-05,100.00,13.864
2406,4.815226e-01,,7.999610e-05,100.00,13.854
2407,4.790873e-01,,7.973630e-05,100.00,13.847
2408,4.793325e-01,,7.947687e-05,100.00,13.849
2409,4.764981e-01,,7.921782e-05,100.00,13.851
2410,4.816127e-01,,7.895915e-05,100.00,13.854
2411,4.805827e-01,,7.870086e-05,100.00,13.862
2412,4.809230e-01,,7.844294e-05,100.00,13.861
2413,4.765922e-01,,7.818540e-05,100.00,13.946
2414,4.812140e-01,,7.792823e-05,100.00,13.958
2415,4.855518e-01,,7.767145e-05,100.00,13.862
2416,4.826748e-01,,7.741504e-05,100.00,13.863
2417,4.833179e-01,,7.715901e-05,100.00,13.864
2418,4.798468e-01,,7.690336e-05,100.00,13.862
2419,4.832628e-01,,7.664809e-05,100.00,13.866
2420,4.825394e-01,,7.639320e-05,100.00,13.861
2421,4.830973e-01,,7.613869e-05,100.00,13.863
2422,4.841832e-01,,7.588456e-05,100.00,13.863
2423,4.872951e-01,,7.563081e-05,100.00,13.862
2424,4.830829e-01,,7.537744e-05,100.00,13.863
2425,4.844478e-01,,7.512445e-05,100.00,13.920
2426,4.840542e-01,,7.487184e-05,100.00,13.983
2427,4.807478e-01,,7.461962e-05,100.00,13.861
2428,4.841136e-01,,7.436777e-05,100.00,13.865
2429,4.823823e-01,,7.411631e-05,100.00,13.866
2430,4.774607e-01,,7.386523e-05,100.00,13.866
2431,4.839887e-01,,7.361453e-05,100.00,13.864
2432,4.775020e-01,,7.336422e-05,100.00,13.865
2433,4.842319e-01,,7.311429e-05,100.00,13.860
2434,4.802757e-01,,7.286474e-05,100.00,13.865
2435,4.830308e-01,,7.261558e-05,100.00,13.865
2436,4.833457e-01,,7.236680e-05,100.00,13.863
2437,4.820583e-01,,7.211841e-05,100.00,13.862
2438,4.810155e-01,,7.187040e-05,100.00,13.864
2439,4.795293e-01,,7.162277e-05,100.00,13.867
2440,4.834772e-01,,7.137553e-05,100.00,13.862
2441,4.793734e-01,,7.112868e-05,100.00,13.863
2442,4.848654e-01,,7.088221e-05,100.00,13.862
2443,4.798429e-01,,7.063613e-05,100.00,13.931
2444,4.834667e-01,,7.039044e-05,100.00,14.059
2445,4.794983e-01,,7.014513e-05,100.00,14.065
2446,4.787732e-01,,6.990021e-05,100.00,14.037
2447,4.861769e-01,,6.965567e-05,100.00,13.943
2448,4.842892e-01,,6.941153e-05,100.00,13.952
2449,4.836380e-01,,6.916777e-05,100.00,13.900
2450,4.806677e-01,,6.892440e-05,100.00,13.833
2451,4.802351e-01,,6.868142e-05,100.00,13.844
2452,4.813560e-01,,6.843883e-05,100.00,13.847
2453,4.821074e-01,,6.819662e-05,100.00,13.842
2454,4.765466e-01,,6.795481e-05,100.00,13.840
2455,4.780725e-01,,6.771339e-05,100.00,13.844
2456,4.786556e-01,,6.747235e-05,100.00,13.845
2457,4.809780e-01,,6.723171e-05,100.00,13.840
2458,4.764575e-01,,6.699146e-05,100.00,13.843
2459,4.753677e-01,,6.675159e-05,100.00,13.843
2460,4.805748e-01,,6.651212e-05,100.00,13.844
2461,4.832053e-01,,6.627304e-05,100.00,13.844
2462,4.794166e-01,,6.603435e-05,100.00,13.841
2463,4.834171e-01,,6.579606e-05,100.00,13.841
2464,4.802056e-01,,6.555815e-05,100.00,13.842
2465,4.808238e-01,,6.532064e-05,100.00,13.845
2466,4.764729e-01,,6.508352e-05,100.00,13.843
2467,4.776143e-01,,6.484680e-05,100.00,13.842
2468,4.807348e-01,,6.461046e-05,100.00,13.856
2469,4.854798e-01,,6.437452e-05,100.00,14.057
2470,4.766919e-01,,6.413898e-05,100.00,14.058
2471,4.808435e-01,,6.390383e-05,100.00,14.062
2472,4.835891e-01,,6.366907e-05,100.00,14.058
2473,4.814237e-01,,6.343471e-05,100.00,14.062
2474,4.787635e-01,,6.320074e-05,100.00,14.060
2475,4.828987e-01,,6.296717e-05,100.00,14.063
2476,4.836860e-01,,6.273399e-05,100.00,14.063
2477,4.785113e-01,,6.250121e-05,100.00,14.065
2478,4.743655e-01,,6.226883e-05,100.00,14.059
2479,4.760776e-01,,6.203684e-05,100.00,14.060
2480,4.829843e-01,,6.180525e-05,100.00,14.064
2481,4.774272e-01,,6.157406e-05,100.00,14.061
2482,4.813653e-01,,6.134326e-05,100.00,14.060
2483,4.841222e-01,,6.111286e-05,100.00,14.058
2484,4.765744e-01,,6.088286e-05,100.00,14.060
2485,4.752701e-01,,6.065325e-05,100.00,14.060
2486,4.807215e-01,,6.042405e-05,100.00,14.059
2487,4.845864e-01,,6.019524e-05,100.00,14.061
2488,4.782044e-01,,5.996683e-05,100.00,14.058
2489,4.774233e-01,,5.973882e-05,100.00,14.061
2490,4.792397e-01,,5.951121e-05,100.00,14.056
2491,4.788299e-01,,5.928400e-05,100.00,14.063
2492,4.747102e-01,,5.905719e-05,100.00,14.061
2493,4.774696e-01,,5.883078e-05,100.00,14.056
2494,4.773693e-01,,5.860477e-05,100.00,14.060
2495,4.831893e-01,,5.837916e-05,100.00,14.061
2496,4.740404e-01,,5.815395e-05,100.00,14.065
2497,4.784352e-01,,5.792914e-05,100.00,14.059
2498,4.824711e-01,,5.770474e-05,100.00,14.061
2499,4.767472e-01,4.836288e-01,5.748073e-05,15.00,16.404
2500,4.783580e-01,,5.725713e-05,100.00,14.063
2501,4.773124e-01,,5.703393e-05,100.00,14.061
2502,4.802308e-01,,5.681113e-05,100.00,14.062
2503,4.790184e-01,,5.658874e-05,100.00,14.070
2504,4.850500e-01,,5.636674e-05,100.00,13.900
2505,4.725160e-01,,5.614516e-05,100.00,13.866
2506,4.778179e-01,,5.592397e-05,100.00,13.862
2507,4.764030e-01,,5.570319e-05,100.00,13.859
2508,4.785402e-01,,5.548281e-05,100.00,13.862
2509,4.800835e-01,,5.526284e-05,100.00,13.851
2510,4.787719e-01,,5.504327e-05,100.00,13.846
2511,4.839033e-01,,5.482411e-05,100.00,13.851
2512,4.862454e-01,,5.460535e-05,100.00,13.850
2513,4.792746e-01,,5.438699e-05,100.00,13.848
2514,4.792574e-01,,5.416905e-05,100.00,14.011
2515,4.756030e-01,,5.395151e-05,100.00,13.863
2516,4.795524e-01,,5.373437e-05,100.00,13.853
2517,4.799060e-01,,5.351764e-05,100.00,13.851
2518,4.759942e-01,,5.330132e-05,100.00,13.852
2519,4.774315e-01,,5.308540e-05,100.00,13.850
2520,4.741294e-01,,5.286989e-05,100.00,13.854
2521,4.748621e-01,,5.265479e-05,100.00,13.851
2522,4.755011e-01,,5.244010e-05,100.00,13.849
2523,4.760003e-01,,5.222581e-05,100.00,13.851
2524,4.748553e-01,,5.201193e-05,100.00,13.849
2525,4.793331e-01,,5.179847e-05,100.00,13.850
2526,4.776232e-01,,5.158540e-05,100.00,13.871
2527,4.753343e-01,,5.137275e-05,100.00,14.008
2528,4.756925e-01,,5.116051e-05,100.00,13.852
2529,4.776723e-01,,5.094868e-05,100.00,13.855
2530,4.745513e-01,,5.073725e-05,100.00,13.853
2531,4.771597e-01,,5.052624e-05,100.00,13.853
2532,4.767197e-01,,5.031564e-05,100.00,13.852
2533,4.765804e-01,,5.010544e-05,100.00,13.851
2534,4.789623e-01,,4.989566e-05,100.00,13.851
2535,4.832289e-01,,4.968629e-05,100.00,14.004
2536,4.772078e-01,,4.947733e-05,100.00,14.064
2537,4.783739e-01,,4.926878e-05,100.00,14.065
2538,4.743998e-01,,4.906064e-05,100.00,14.066
2539,4.794536e-01,,4.885292e-05,100.00,14.065
2540,4.778075e-01,,4.864560e-05,100.00,14.065
2541,4.762417e-01,,4.843870e-05,100.00,14.064
2542,4.767068e-01,,4.823221e-05,100.00,14.064
2543,4.758763e-01,,4.802614e-05,100.00,14.066
2544,4.804002e-01,,4.782047e-05,100.00,13.879
2545,4.783518e-01,,4.761522e-05,100.00,13.861
2546,4.765198e-01,,4.741039e-05,100.00,13.863
2547,4.749255e-01,,4.720596e-05,100.00,13.864
2548,4.723213e-01,,4.700196e-05,100.00,13.864
2549,4.816137e-01,,4.679836e-05,100.00,13.863
2550,4.800235e-01,,4.659518e-05,100.00,13.861
2551,4.827251e-01,,4.639242e-05,100.00,13.864
2552,4.759960e-01,,4.619007e-05,100.00,13.856
2553,4.800593e-01,,4.598813e-05,100.00,13.861
2554,4.753241e-01,,4.578661e-05,100.00,13.860
2555,4.764935e-01,,4.558551e-05,100.00,13.861
2556,4.770603e-01,,4.538482e-05,100.00,13.859
2557,4.776282e-01,,4.518455e-05,100.00,13.862
2558,4.758116e-01,,4.498470e-05,100.00,13.857
2559,4.714924e-01,,4.478526e-05,100.00,13.863
2560,4.783178e-01,,4.458624e-05,100.00,13.861
2561,4.748447e-01,,4.438763e-05,100.00,13.863
2562,4.762414e-01,,4.418945e-05,100.00,13.859
2563,4.761707e-01,,4.399168e-05,100.00,13.862
2564,4.774985e-01,,4.379432e-05,100.00,13.859
2565,4.792690e-01,,4.359739e-05,100.00,13.861
2566,4.757427e-01,,4.340087e-05,100.00,13.860
2567,4.732587e-01,,4.320478e-05,100.00,13.860
2568,4.710176e-01,,4.300910e-05,100.00,13.863
2569,4.778279e-01,,4.281384e-05,100.00,13.863
2570,4.736962e-01,,4.261900e-05,100.00,13.860
2571,4.811648e-01,,4.242458e-05,100.00,13.857
2572,4.742687e-01,,4.223058e-05,100.00,13.861
2573,4.810143e-01,,4.203700e-05,100.00,13.858
2574,4.806160e-01,,4.184384e-05,100.00,13.860
2575,4.759128e-01,,4.165110e-05,100.00,13.861
2576,4.733546e-01,,4.145878e-05,100.00,13.859
2577,4.752277e-01,,4.126688e-05,100.00,13.860
2578,4.733850e-01,,4.107540e-05,100.00,13.859
2579,4.683624e-01,,4.088434e-05,100.00,13.859
2580,4.768333e-01,,4.069370e-05,100.00,13.859
2581,4.725796e-01,,4.050349e-05,100.00,13.966
2582,4.802610e-01,,4.031370e-05,100.00,13.997
2583,4.770730e-01,,4.012433e-05,100.00,14.003
2584,4.748226e-01,,3.993538e-05,100.00,13.983
2585,4.741362e-01,,3.974685e-05,100.00,13.859
2586,4.759262e-01,,3.955875e-05,100.00,13.860
2587,4.740218e-01,,3.937107e-05,100.00,13.861
2588,4.712324e-01,,3.918382e-05,100.00,13.902
2589,4.701306e-01,,3.899698e-05,100.00,14.008
2590,4.803935e-01,,3.881057e-05,100.00,14.098
2591,4.769279e-01,,3.862459e-05,100.00,14.198
2592,4.745830e-01,,3.843903e-05,100.00,14.180
2593,4.733915e-01,,3.825389e-05,100.00,14.001
2594,4.738143e-01,,3.806918e-05,100.00,14.019
2595,4.784373e-01,,3.788489e-05,100.00,13.980
2596,4.770255e-01,,3.770103e-05,100.00,13.861
2597,4.721922e-01,,3.751759e-05,100.00,13.851
2598,4.741133e-01,,3.733458e-05,100.00,13.856
2599,4.752092e-01,4.741644e-01,3.715199e-05,78.00,16.356
2600,4.795210e-01,,3.696983e-05,100.00,13.977
2601,4.739892e-01,,3.678810e-05,100.00,13.857
2602,4.704845e-01,,3.660679e-05,100.00,14.043
2603,4.742810e-01,,3.642591e-05,100.00,13.859
2604,4.710865e-01,,3.624545e-05,100.00,13.864
2605,4.740926e-01,,3.606542e-05,100.00,13.867
2606,4.759122e-01,,3.588582e-05,100.00,13.866
2607,4.737392e-01,,3.570665e-05,100.00,13.870
2608,4.768295e-01,,3.552790e-05,100.00,13.936
2609,4.772611e-01,,3.534958e-05,100.00,14.053
2610,4.766426e-01,,3.517169e-05,100.00,14.056
2611,4.692008e-01,,3.499423e-05,100.00,14.060
2612,4.792394e-01,,3.481720e-05,100.00,14.054
2613,4.767932e-01,,3.464059e-05,100.00,14.061
2614,4.746224e-01,,3.446441e-05,100.00,14.126
2615,4.750179e-01,,3.428867e-05,100.00,14.201
2616,4.731185e-01,,3.411335e-05,100.00,14.194
2617,4.756237e-01,,3.393846e-05,100.00,14.198
2618,4.772077e-01,,3.376400e-05,100.00,14.202
2619,4.712253e-01,,3.358997e-05,100.00,14.196
2620,4.779217e-01,,3.341637e-05,100.00,14.192
2621,4.753161e-01,,3.324320e-05,100.00,14.208
2622,4.747834e-01,,3.307046e-05,100.00,14.187
2623,4.740540e-01,,3.289815e-05,100.00,14.058
2624,4.754977e-01,,3.272627e-05,100.00,14.059
2625,4.746779e-01,,3.255482e-05,100.00,14.060
2626,4.754411e-01,,3.238381e-05,100.00,14.060
2627,4.792685e-01,,3.221322e-05,100.00,14.058
2628,4.731636e-01,,3.204307e-05,100.00,14.059
2629,4.724133e-01,,3.187335e-05,100.00,14.058
2630,4.739756e-01,,3.170406e-05,100.00,14.057
2631,4.709917e-01,,3.153521e-05,100.00,14.057
2632,4.711158e-01,,3.136678e-05,100.00,14.059
2633,4.714242e-01,,3.119879e-05,100.00,14.057
2634,4.747705e-01,,3.103123e-05,100.00,14.058
2635,4.740786e-01,,3.086411e-05,100.00,13.974
2636,4.750347e-01,,3.069741e-05,100.00,13.850
2637,4.739376e-01,,3.053115e-05,100.00,13.852
2638,4.738615e-01,,3.036533e-05,100.00,13.849
2639,4.719106e-01,,3.019994e-05,100.00,13.861
2640,4.759998e-01,,3.003498e-05,100.00,13.864
2641,4.758473e-01,,2.987046e-05,100.00,13.864
2642,4.708207e-01,,2.970637e-05,100.00,13.862
2643,4.756027e-01,,2.954271e-05,100.00,13.860
2644,4.736759e-01,,2.937949e-05,100.00,13.864
2645,4.712360e-01,,2.921671e-05,100.00,13.863
2646,4.702809e-01,,2.905436e-05,100.00,13.859
2647,4.768538e-01,,2.889244e-05,100.00,13.859
2648,4.726331e-01,,2.873096e-05,100.00,13.863
2649,4.755734e-01,,2.856992e-05,100.00,13.858
2650,4.740462e-01,,2.840931e-05,100.00,13.865
2651,4.779805e-01,,2.824914e-05,100.00,13.864
2652,4.701611e-01,,2.808941e-05,100.00,13.862
2653,4.748001e-01,,2.793011e-05,100.00,13.860
2654,4.732418e-01,,2.777125e-05,100.00,13.862
2655,4.705265e-01,,2.761282e-05,100.00,13.862
2656,4.743186e-01,,2.745483e-05,100.00,13.862
2657,4.700074e-01,,2.729728e-05,100.00,13.861
2658,4.748946e-01,,2.714017e-05,100.00,13.867
2659,4.722133e-01,,2.698349e-05,100.00,13.861
2660,4.719857e-01,,2.682725e-05,100.00,13.865
2661,4.729438e-01,,2.667145e-05,100.00,13.936
2662,4.755824e-01,,2.651609e-05,100.00,14.059
2663,4.725192e-01,,2.636117e-05,100.00,14.065
2664,4.720008e-01,,2.620668e-05,100.00,14.057
2665,4.752664e-01,,2.605263e-05,100.00,14.053
2666,4.726293e-01,,2.589903e-05,100.00,14.055
2667,4.742786e-01,,2.574586e-05,100.00,14.056
2668,4.776610e-01,,2.559313e-05,100.00,14.054
2669,4.754347e-01,,2.544084e-05,100.00,14.060
2670,4.754630e-01,,2.528899e-05,100.00,14.056
2671,4.738720e-01,,2.513758e-05,100.00,14.060
2672,4.724850e-01,,2.498661e-05,100.00,14.053
2673,4.791054e-01,,2.483607e-05,100.00,14.053
2674,4.700006e-01,,2.468598e-05,100.00,14.052
2675,4.696642e-01,,2.453633e-05,100.00,14.053
2676,4.770242e-01,,2.438712e-05,100.00,14.053
2677,4.742113e-01,,2.423836e-05,100.00,14.054
2678,4.725186e-01,,2.409003e-05,100.00,14.057
2679,4.722338e-01,,2.394214e-05,100.00,14.056
2680,4.776690e-01,,2.379470e-05,100.00,14.055
2681,4.713776e-01,,2.364769e-05,100.00,14.055
2682,4.735829e-01,,2.350113e-05,100.00,14.054
2683,4.709604e-01,,2.335501e-05,100.00,14.054
2684,4.772878e-01,,2.320933e-05,100.00,14.055
2685,4.711008e-01,,2.306410e-05,100.00,14.053
2686,4.694677e-01,,2.291930e-05,100.00,14.054
2687,4.789888e-01,,2.277495e-05,100.00,14.052
2688,4.734806e-01,,2.263104e-05,100.00,14.055
2689,4.755231e-01,,2.248758e-05,100.00,14.051
2690,4.740854e-01,,2.234455e-05,100.00,14.050
2691,4.808601e-01,,2.220197e-05,100.00,14.050
2692,4.737947e-01,,2.205984e-05,100.00,14.049
2693,4.735398e-01,,2.191815e-05,100.00,14.052
2694,4.737348e-01,,2.177690e-05,100.00,14.051
2695,4.738543e-01,,2.163609e-05,100.00,14.048
2696,4.742901e-01,,2.149573e-05,100.00,14.051
2697,4.728605e-01,,2.135581e-05,100.00,14.052
2698,4.713432e-01,,2.121634e-05,100.00,14.050
2699,4.678386e-01,4.828257e-01,2.107731e-05,56.00,16.296
2700,4.753190e-01,,2.093873e-05,100.00,13.850
2701,4.707697e-01,,2.080059e-05,100.00,13.851
2702,4.699179e-01,,2.066290e-05,100.00,13.850
2703,4.689652e-01,,2.052565e-05,100.00,13.851
2704,4.720488e-01,,2.038885e-05,100.00,13.852
2705,4.729043e-01,,2.025249e-05,100.00,13.858
2706,4.653669e-01,,2.011658e-05,100.00,13.855
2707,4.755297e-01,,1.998111e-05,100.00,13.853
2708,4.727962e-01,,1.984609e-05,100.00,13.852
2709,4.713207e-01,,1.971152e-05,100.00,13.856
2710,4.705940e-01,,1.957739e-05,100.00,13.856
2711,4.735636e-01,,1.944371e-05,100.00,13.853
2712,4.696788e-01,,1.931048e-05,100.00,13.854
2713,4.738621e-01,,1.917769e-05,100.00,13.854
2714,4.713096e-01,,1.904535e-05,100.00,13.815
2715,4.709376e-01,,1.891346e-05,100.00,13.687
2716,4.776292e-01,,1.878201e-05,100.00,13.690
2717,4.684991e-01,,1.865101e-05,100.00,13.681
2718,4.728896e-01,,1.852046e-05,100.00,13.931
2719,4.755223e-01,,1.839036e-05,100.00,14.060
2720,4.733827e-01,,1.826070e-05,100.00,14.057
2721,4.689916e-01,,1.813149e-05,100.00,14.069
2722,4.727104e-01,,1.800273e-05,100.00,14.066
2723,4.760354e-01,,1.787442e-05,100.00,14.060
2724,4.763652e-01,,1.774656e-05,100.00,14.058
2725,4.787988e-01,,1.761914e-05,100.00,14.058
2726,4.714865e-01,,1.749218e-05,100.00,14.060
2727,4.785626e-01,,1.736566e-05,100.00,14.061
2728,4.738082e-01,,1.723959e-05,100.00,14.058
2729,4.747389e-01,,1.711397e-05,100.00,14.057
2730,4.755705e-01,,1.698880e-05,100.00,14.058
2731,4.729465e-01,,1.686408e-05,100.00,14.062
2732,4.714517e-01,,1.673981e-05,100.00,14.058
2733,4.695582e-01,,1.661599e-05,100.00,13.900
2734,4.766271e-01,,1.649262e-05,100.00,13.862
2735,4.723351e-01,,1.636970e-05,100.00,13.863
2736,4.769477e-01,,1.624723e-05,100.00,13.856
2737,4.718930e-01,,1.612521e-05,100.00,13.859
2738,4.686104e-01,,1.600364e-05,100.00,13.860
2739,4.683027e-01,,1.588253e-05,100.00,13.860
2740,4.708991e-01,,1.576186e-05,100.00,13.861
2741,4.748835e-01,,1.564164e-05,100.00,13.862
2742,4.736668e-01,,1.552187e-05,100.00,13.858
2743,4.709312e-01,,1.540256e-05,100.00,13.861
2744,4.657177e-01,,1.528370e-05,100.00,13.861
2745,4.775634e-01,,1.516529e-05,100.00,13.858
2746,4.683907e-01,,1.504732e-05,100.00,13.860
2747,4.717016e-01,,1.492982e-05,100.00,13.858
2748,4.683484e-01,,1.481276e-05,100.00,13.861
2749,4.696049e-01,,1.469616e-05,100.00,13.858
2750,4.717096e-01,,1.458000e-05,100.00,13.859
2751,4.717349e-01,,1.446430e-05,100.00,13.859
2752,4.685452e-01,,1.434906e-05,100.00,13.860
2753,4.719856e-01,,1.423426e-05,100.00,13.860
2754,4.708163e-01,,1.411992e-05,100.00,13.861
2755,4.746983e-01,,1.400603e-05,100.00,14.050
2756,4.772721e-01,,1.389259e-05,100.00,14.057
2757,4.748789e-01,,1.377961e-05,100.00,14.060
2758,4.719168e-01,,1.366708e-05,100.00,14.056
2759,4.729781e-01,,1.355500e-05,100.00,14.058
2760,4.686990e-01,,1.344338e-05,100.00,14.054
2761,4.692168e-01,,1.333221e-05,100.00,14.060
2762,4.728156e-01,,1.322149e-05,100.00,14.057
2763,4.748368e-01,,1.311123e-05,100.00,14.058
2764,4.755882e-01,,1.300142e-05,100.00,14.060
2765,4.721890e-01,,1.289207e-05,100.00,14.061
2766,4.740811e-01,,1.278317e-05,100.00,14.059
2767,4.676198e-01,,1.267473e-05,100.00,14.063
2768,4.690951e-01,,1.256674e-05,100.00,14.060
2769,4.657270e-01,,1.245920e-05,100.00,14.061
2770,4.746266e-01,,1.235212e-05,100.00,14.062
2771,4.692247e-01,,1.224549e-05,100.00,14.061
2772,4.724721e-01,,1.213932e-05,100.00,14.062
2773,4.718812e-01,,1.203361e-05,100.00,14.059
2774,4.734129e-01,,1.192835e-05,100.00,14.064
2775,4.729732e-01,,1.182354e-05,100.00,14.059
2776,4.722119e-01,,1.171919e-05,100.00,14.061
2777,4.679144e-01,,1.161530e-05,100.00,14.060
2778,4.671207e-01,,1.151186e-05,100.00,14.062
2779,4.711209e-01,,1.140888e-05,100.00,13.859
2780,4.731068e-01,,1.130635e-05,100.00,13.857
2781,4.720820e-01,,1.120428e-05,100.00,13.858
2782,4.771515e-01,,1.110267e-05,100.00,13.859
2783,4.690258e-01,,1.100151e-05,100.00,13.678
2784,4.729958e-01,,1.090081e-05,100.00,13.674
2785,4.741931e-01,,1.080057e-05,100.00,13.681
2786,4.744339e-01,,1.070078e-05,100.00,13.679
2787,4.735120e-01,,1.060145e-05,100.00,13.682
2788,4.742912e-01,,1.050257e-05,100.00,13.677
2789,4.745602e-01,,1.040416e-05,100.00,13.670
2790,4.697786e-01,,1.030620e-05,100.00,13.674
2791,4.693611e-01,,1.020870e-05,100.00,13.771
2792,4.675902e-01,,1.011165e-05,100.00,14.066
2793,4.745063e-01,,1.001507e-05,100.00,14.067
2794,4.713361e-01,,9.918936e-06,100.00,14.070
2795,4.715138e-01,,9.823264e-06,100.00,14.071
2796,4.722044e-01,,9.728051e-06,100.00,14.069
2797,4.684056e-01,,9.633295e-06,100.00,14.070
2798,4.681481e-01,,9.538998e-06,100.00,14.067
2799,4.681346e-01,4.770040e-01,9.445159e-06,11.00,16.413
2800,4.670549e-01,,9.351778e-06,100.00,14.072
2801,4.730685e-01,,9.258855e-06,100.00,14.070
2802,4.711726e-01,,9.166391e-06,100.00,14.071
2803,4.744015e-01,,9.074386e-06,100.00,14.189
2804,4.650288e-01,,8.982840e-06,100.00,14.206
2805,4.736204e-01,,8.891752e-06,100.00,14.208
2806,4.699067e-01,,8.801124e-06,100.00,14.207
2807,4.775918e-01,,8.710954e-06,100.00,14.203
2808,4.715242e-01,,8.621244e-06,100.00,14.205
2809,4.684251e-01,,8.531993e-06,100.00,14.188
2810,4.757681e-01,,8.443201e-06,100.00,14.198
2811,4.725870e-01,,8.354869e-06,100.00,14.178
2812,4.705583e-01,,8.266997e-06,100.00,14.201
2813,4.787076e-01,,8.179584e-06,100.00,14.207
2814,4.739357e-01,,8.092631e-06,100.00,14.202
2815,4.735375e-01,,8.006138e-06,100.00,14.214
2816,4.779046e-01,,7.920106e-06,100.00,14.241
2817,4.747083e-01,,7.834533e-06,100.00,14.066
2818,4.725700e-01,,7.749420e-06,100.00,13.949
2819,4.743969e-01,,7.664768e-06,100.00,13.852
2820,4.771669e-01,,7.580576e-06,100.00,13.853
2821,4.716791e-01,,7.496845e-06,100.00,13.860
2822,4.690338e-01,,7.413574e-06,100.00,13.855
2823,4.673016e-01,,7.330764e-06,100.00,13.856
2824,4.698875e-01,,7.248415e-06,100.00,13.856
2825,4.714223e-01,,7.166527e-06,100.00,13.858
2826,4.680185e-01,,7.085100e-06,100.00,13.854
2827,4.759272e-01,,7.004134e-06,100.00,13.857
2828,4.661871e-01,,6.923629e-06,100.00,13.856
2829,4.698186e-01,,6.843585e-06,100.00,13.859
2830,4.752040e-01,,6.764003e-06,100.00,13.854
2831,4.712418e-01,,6.684882e-06,100.00,13.854
2832,4.721343e-01,,6.606223e-06,100.00,13.848
2833,4.702678e-01,,6.528026e-06,100.00,13.849
2834,4.750079e-01,,6.450290e-06,100.00,13.852
2835,4.682361e-01,,6.373016e-06,100.00,13.852
2836,4.788600e-01,,6.296204e-06,100.00,13.858
2837,4.732297e-01,,6.219854e-06,100.00,13.859
2838,4.694020e-01,,6.143967e-06,100.00,13.859
2839,4.694550e-01,,6.068541e-06,100.00,13.857
2840,4.692329e-01,,5.993578e-06,100.00,13.856
2841,4.685271e-01,,5.919077e-06,100.00,13.853
2842,4.662846e-01,,5.845039e-06,100.00,13.854
2843,4.711423e-01,,5.771463e-06,100.00,13.856
2844,4.683307e-01,,5.698350e-06,100.00,13.856
2845,4.704744e-01,,5.625699e-06,100.00,13.854
2846,4.707846e-01,,5.553512e-06,100.00,13.855
2847,4.725534e-01,,5.481787e-06,100.00,13.858
2848,4.711186e-01,,5.410525e-06,100.00,13.853
2849,4.738367e-01,,5.339726e-06,100.00,13.856
2850,4.752048e-01,,5.269391e-06,100.00,13.854
2851,4.723180e-01,,5.199519e-06,100.00,13.859
2852,4.724012e-01,,5.130110e-06,100.00,13.855
2853,4.729697e-01,,5.061164e-06,100.00,13.853
2854,4.706189e-01,,4.992682e-06,100.00,13.854
2855,4.678734e-01,,4.924664e-06,100.00,13.853
2856,4.651093e-01,,4.857109e-06,100.00,13.853
2857,4.690923e-01,,4.790018e-06,100.00,13.849
2858,4.684233e-01,,4.723390e-06,100.00,13.891
2859,4.773413e-01,,4.657227e-06,100.00,14.041
2860,4.735543e-01,,4.591528e-06,100.00,14.047
2861,4.739439e-01,,4.526292e-06,100.00,14.038
2862,4.712110e-01,,4.461521e-06,100.00,14.042
2863,4.700858e-01,,4.397214e-06,100.00,14.041
2864,4.726991e-01,,4.333371e-06,100.00,14.043
2865,4.746680e-01,,4.269992e-06,100.00,14.041
2866,4.706765e-01,,4.207078e-06,100.00,14.042
2867,4.729301e-01,,4.144628e-06,100.00,14.040
2868,4.722628e-01,,4.082643e-06,100.00,13.859
2869,4.754930e-01,,4.021123e-06,100.00,13.871
2870,4.754385e-01,,3.960067e-06,100.00,13.866
2871,4.666916e-01,,3.899476e-06,100.00,13.859
2872,4.694783e-01,,3.839350e-06,100.00,13.865
2873,4.735843e-01,,3.779689e-06,100.00,13.873
2874,4.765138e-01,,3.720493e-06,100.00,13.866
2875,4.695008e-01,,3.661761e-06,100.00,13.864
2876,4.681992e-01,,3.603495e-06,100.00,13.859
2877,4.744875e-01,,3.545694e-06,100.00,13.868
2878,4.686773e-01,,3.488359e-06,100.00,13.866
2879,4.716789e-01,,3.431489e-06,100.00,13.867
2880,4.737603e-01,,3.375084e-06,100.00,13.865
2881,4.703408e-01,,3.319144e-06,100.00,13.869
2882,4.738370e-01,,3.263670e-06,100.00,13.868
2883,4.737595e-01,,3.208662e-06,100.00,13.869
2884,4.736134e-01,,3.154119e-06,100.00,13.867
2885,4.680866e-01,,3.100043e-06,100.00,13.868
2886,4.709563e-01,,3.046431e-06,100.00,13.871
2887,4.728541e-01,,2.993286e-06,100.00,13.865
2888,4.765898e-01,,2.940607e-06,100.00,13.868
2889,4.697899e-01,,2.888393e-06,100.00,13.866
2890,4.746811e-01,,2.836646e-06,100.00,13.868
2891,4.754944e-01,,2.785365e-06,100.00,13.866
2892,4.711405e-01,,2.734550e-06,100.00,13.964
2893,4.706179e-01,,2.684201e-06,100.00,14.065
2894,4.725016e-01,,2.634318e-06,100.00,14.070
2895,4.719124e-01,,2.584902e-06,100.00,14.067
2896,4.750742e-01,,2.535952e-06,100.00,14.067
2897,4.706665e-01,,2.487468e-06,100.00,14.067
2898,4.699776e-01,,2.439451e-06,100.00,14.064
2899,4.759205e-01,4.645696e-01,2.391901e-06,75.00,16.547
2900,4.668377e-01,,2.344817e-06,100.00,14.062
2901,4.695515e-01,,2.298200e-06,100.00,14.059
2902,4.705726e-01,,2.252050e-06,100.00,14.063
2903,4.661277e-01,,2.206366e-06,100.00,14.062
2904,4.704994e-01,,2.161149e-06,100.00,14.060
2905,4.718478e-01,,2.116399e-06,100.00,14.059
2906,4.684112e-01,,2.072116e-06,100.00,14.062
2907,4.755359e-01,,2.028300e-06,100.00,14.067
2908,4.737809e-01,,1.984951e-06,100.00,14.060
2909,4.694959e-01,,1.942070e-06,100.00,13.971
2910,4.674425e-01,,1.899655e-06,100.00,13.949
2911,4.759542e-01,,1.857707e-06,100.00,13.957
2912,4.748264e-01,,1.816227e-06,100.00,13.955
2913,4.750409e-01,,1.775214e-06,100.00,13.954
2914,4.695437e-01,,1.734669e-06,100.00,13.954
2915,4.666990e-01,,1.694590e-06,100.00,13.954
2916,4.713862e-01,,1.654979e-06,100.00,13.954
2917,4.709981e-01,,1.615836e-06,100.00,13.948
2918,4.718979e-01,,1.577160e-06,100.00,13.946
2919,4.792071e-01,,1.538952e-06,100.00,13.951
2920,4.720858e-01,,1.501211e-06,100.00,13.952
2921,4.713492e-01,,1.463939e-06,100.00,13.949
2922,4.754070e-01,,1.427133e-06,100.00,13.951
2923,4.693843e-01,,1.390796e-06,100.00,13.947
2924,4.712765e-01,,1.354926e-06,100.00,13.952
2925,4.775998e-01,,1.319524e-06,100.00,13.951
2926,4.756876e-01,,1.284590e-06,100.00,13.952
2927,4.740074e-01,,1.250124e-06,100.00,13.954
2928,4.680460e-01,,1.216126e-06,100.00,13.957
2929,4.724535e-01,,1.182596e-06,100.00,13.956
2930,4.682766e-01,,1.149534e-06,100.00,13.956
2931,4.695750e-01,,1.116940e-06,100.00,13.956
2932,4.646922e-01,,1.084814e-06,100.00,14.041
2933,4.732619e-01,,1.053156e-06,100.00,14.058
2934,4.747375e-01,,1.021966e-06,100.00,14.056
2935,4.716962e-01,,9.912450e-07,100.00,14.058
2936,4.689504e-01,,9.609919e-07,100.00,14.053
2937,4.733342e-01,,9.312071e-07,100.00,14.062
2938,4.705061e-01,,9.018906e-07,100.00,14.056
2939,4.692767e-01,,8.730425e-07,100.00,14.060
2940,4.727632e-01,,8.446627e-07,100.00,14.051
2941,4.668588e-01,,8.167515e-07,100.00,14.057
2942,4.710931e-01,,7.893086e-07,100.00,14.055
2943,4.727956e-01,,7.623343e-07,100.00,14.057
2944,4.698238e-01,,7.358285e-07,100.00,14.056
2945,4.731997e-01,,7.097913e-07,100.00,14.056
2946,4.724575e-01,,6.842226e-07,100.00,14.055
2947,4.703048e-01,,6.591226e-07,100.00,14.057
2948,4.691765e-01,,6.344912e-07,100.00,14.057
2949,4.750327e-01,,6.103285e-07,100.00,14.057
2950,4.665146e-01,,5.866345e-07,100.00,14.059
2951,4.736879e-01,,5.634092e-07,100.00,14.058
2952,4.696956e-01,,5.406527e-07,100.00,14.061
2953,4.703831e-01,,5.183650e-07,100.00,14.054
2954,4.710206e-01,,4.965461e-07,100.00,14.068
2955,4.691758e-01,,4.751960e-07,100.00,14.185
2956,4.710322e-01,,4.543148e-07,100.00,14.081
2957,4.638377e-01,,4.339025e-07,100.00,14.062
2958,4.732183e-01,,4.139591e-07,100.00,14.095
2959,4.702770e-01,,3.944846e-07,100.00,14.091
2960,4.721753e-01,,3.754791e-07,100.00,14.089
2961,4.691825e-01,,3.569426e-07,100.00,14.114
2962,4.651464e-01,,3.388751e-07,100.00,14.110
2963,4.750263e-01,,3.212766e-07,100.00,13.956
2964,4.725476e-01,,3.041471e-07,100.00,13.959
2965,4.784754e-01,,2.874867e-07,100.00,13.958
2966,4.716009e-01,,2.712954e-07,100.00,13.956
2967,4.688977e-01,,2.555732e-07,100.00,13.963
2968,4.699993e-01,,2.403202e-07,100.00,13.959
2969,4.718098e-01,,2.255362e-07,100.00,13.959
2970,4.695613e-01,,2.112215e-07,100.00,13.958
2971,4.703726e-01,,1.973759e-07,100.00,13.961
2972,4.599440e-01,,1.839994e-07,100.00,13.958
2973,4.679368e-01,,1.710922e-07,100.00,13.956
2974,4.689621e-01,,1.586543e-07,100.00,13.957
2975,4.729244e-01,,1.466855e-07,100.00,13.963
2976,4.729564e-01,,1.351860e-07,100.00,13.960
2977,4.708873e-01,,1.241558e-07,100.00,13.983
2978,4.716206e-01,,1.135948e-07,100.00,14.059
2979,4.669339e-01,,1.035032e-07,100.00,14.060
2980,4.727844e-01,,9.388079e-08,100.00,14.061
2981,4.754667e-01,,8.472774e-08,100.00,14.059
2982,4.731962e-01,,7.604401e-08,100.00,14.056
2983,4.686909e-01,,6.782961e-08,100.00,14.061
2984,4.781747e-01,,6.008455e-08,100.00,14.064
2985,4.719761e-01,,5.280885e-08,100.00,14.059
2986,4.699073e-01,,4.600251e-08,100.00,14.060
2987,4.730132e-01,,3.966553e-08,100.00,14.056
2988,4.696130e-01,,3.379793e-08,100.00,14.060
2989,4.670101e-01,,2.839971e-08,100.00,14.228
2990,4.765142e-01,,2.347089e-08,100.00,14.062
2991,4.739609e-01,,1.901145e-08,100.00,14.059
2992,4.671385e-01,,1.502142e-08,100.00,14.062
2993,4.675947e-01,,1.150079e-08,100.00,14.061
2994,4.712951e-01,,8.449572e-09,100.00,14.057
2995,4.723662e-01,,5.867765e-09,100.00,14.061
2996,4.703996e-01,,3.755373e-09,100.00,14.058
2997,4.702295e-01,,2.112399e-09,100.00,14.064
2998,4.688339e-01,,9.388443e-10,100.00,14.059
2999,4.741432e-01,4.678372e-01,2.347111e-10,16.00,16.403
