epoch,train_loss,validation_loss,lr,gpu_utillization,per_epoch_time
0,7.501755e+02,,5.000000e-07,100.00,109.889
1,6.288066e+02,,1.004000e-04,100.00,14.909
2,4.085615e+02,,2.003000e-04,100.00,13.659
3,6.537649e+02,,3.002000e-04,100.00,13.387
4,4.049987e+02,,4.001000e-04,100.00,13.386
5,3.189342e+02,,5.000000e-04,100.00,13.389
6,2.902983e+02,,4.877641e-04,100.00,13.390
7,1.431750e+02,,4.522542e-04,100.00,13.388
8,1.992266e+02,,3.969463e-04,100.00,13.391
9,1.120471e+02,,3.272542e-04,100.00,13.393
10,1.276435e+02,,2.500000e-04,100.00,13.392
11,9.158766e+01,,1.727458e-04,100.00,13.390
12,6.659409e+01,,1.030537e-04,100.00,13.390
13,7.024478e+01,,4.774575e-05,100.00,13.384
14,7.085017e+01,,1.223587e-05,100.00,13.387
15,6.688781e+01,,5.000000e-04,100.00,13.386
16,8.737522e+01,,4.969221e-04,100.00,13.385
17,6.568708e+01,,4.877641e-04,100.00,13.385
18,5.300503e+01,,4.727516e-04,100.00,13.385
19,5.665531e+01,4.767741e+01,4.522542e-04,1.00,33.270
20,4.337334e+01,,4.267767e-04,100.00,13.558
21,3.883757e+01,,3.969463e-04,100.00,13.680
22,3.719852e+01,,3.634976e-04,100.00,13.877
23,3.180357e+01,,3.272542e-04,100.00,13.840
24,3.028784e+01,,2.891086e-04,100.00,13.860
25,2.752976e+01,,2.500000e-04,100.00,13.841
26,2.495936e+01,,2.108914e-04,100.00,13.843
27,2.426725e+01,,1.727458e-04,100.00,13.828
28,2.198336e+01,,1.365024e-04,100.00,13.832
29,2.207424e+01,,1.030537e-04,100.00,13.824
30,2.030294e+01,,7.322330e-05,100.00,13.822
31,2.025316e+01,,4.774575e-05,100.00,13.828
32,2.022184e+01,,2.724837e-05,100.00,13.824
33,1.974786e+01,,1.223587e-05,100.00,13.827
34,1.978677e+01,,3.077915e-06,100.00,13.822
35,2.724409e+01,,5.000000e-04,100.00,13.817
36,2.908776e+01,,4.992293e-04,100.00,13.817
37,2.431869e+01,,4.969221e-04,100.00,13.817
38,2.059870e+01,,4.930925e-04,100.00,13.816
39,1.973073e+01,1.487662e+01,4.877641e-04,53.00,16.502
40,1.774168e+01,,4.809699e-04,100.00,13.811
41,1.614292e+01,,4.727516e-04,100.00,13.805
42,1.544296e+01,,4.631600e-04,100.00,13.803
43,1.563072e+01,,4.522542e-04,100.00,13.810
44,1.313933e+01,,4.401015e-04,100.00,13.815
45,1.343795e+01,,4.267767e-04,100.00,13.816
46,1.244674e+01,,4.123620e-04,100.00,13.824
47,1.169578e+01,,3.969463e-04,100.00,13.853
48,1.172581e+01,,3.806246e-04,100.00,13.886
49,1.070046e+01,,3.634976e-04,100.00,13.882
50,1.104432e+01,,3.456709e-04,100.00,13.882
51,9.854988e+00,,3.272542e-04,100.00,13.882
52,1.018584e+01,,3.083613e-04,100.00,13.884
53,9.282178e+00,,2.891086e-04,100.00,13.881
54,9.451197e+00,,2.696148e-04,100.00,13.883
55,8.913186e+00,,2.500000e-04,100.00,13.884
56,8.996309e+00,,2.303852e-04,100.00,13.887
57,8.650449e+00,,2.108914e-04,100.00,13.893
58,8.430882e+00,,1.916387e-04,100.00,13.892
59,8.268534e+00,8.275362e+00,1.727458e-04,14.00,16.408
60,7.996452e+00,,1.543291e-04,100.00,13.901
61,7.916552e+00,,1.365024e-04,100.00,13.902
62,7.917166e+00,,1.193754e-04,100.00,13.895
63,7.944947e+00,,1.030537e-04,100.00,13.893
64,7.799090e+00,,8.763799e-05,100.00,13.897
65,7.764125e+00,,7.322330e-05,100.00,13.899
66,7.678211e+00,,5.989851e-05,100.00,13.899
67,7.832784e+00,,4.774575e-05,100.00,13.898
68,7.672595e+00,,3.683996e-05,100.00,13.899
69,7.631718e+00,,2.724837e-05,100.00,13.899
70,7.529344e+00,,1.903012e-05,100.00,13.895
71,7.686653e+00,,1.223587e-05,100.00,13.897
72,7.765400e+00,,6.907520e-06,100.00,13.894
73,7.681886e+00,,3.077915e-06,100.00,13.897
74,7.614795e+00,,7.706666e-07,100.00,13.896
75,7.945245e+00,,5.000000e-04,100.00,13.893
76,1.554002e+01,,4.998073e-04,100.00,13.895
77,1.126543e+01,,4.992293e-04,100.00,13.871
78,1.265059e+01,,4.982671e-04,100.00,13.815
79,1.450014e+01,8.094026e+00,4.969221e-04,84.00,16.268
80,8.402018e+00,,4.951963e-04,100.00,13.820
81,1.278773e+01,,4.930925e-04,100.00,13.811
82,1.461187e+01,,4.906138e-04,100.00,13.813
83,1.707041e+01,,4.877641e-04,100.00,13.816
84,2.227306e+01,,4.845478e-04,100.00,13.820
85,2.026489e+01,,4.809699e-04,100.00,13.823
86,1.752195e+01,,4.770358e-04,100.00,13.823
87,2.843261e+01,,4.727516e-04,100.00,13.818
88,1.329933e+01,,4.681240e-04,100.00,13.826
89,8.740123e+00,,4.631600e-04,100.00,13.827
90,1.142622e+01,,4.578674e-04,100.00,13.806
91,1.178766e+01,,4.522542e-04,100.00,13.795
92,1.212939e+01,,4.463292e-04,100.00,13.799
93,9.359091e+00,,4.401015e-04,100.00,13.799
94,1.066235e+01,,4.335806e-04,100.00,13.799
95,1.029011e+01,,4.267767e-04,100.00,13.802
96,6.514670e+00,,4.197002e-04,100.00,13.798
97,8.705641e+00,,4.123620e-04,100.00,13.802
98,8.183984e+00,,4.047735e-04,100.00,13.800
99,8.112851e+00,6.251228e+00,3.969463e-04,18.00,16.257
100,6.773869e+00,,3.888926e-04,100.00,13.811
101,8.330683e+00,,3.806246e-04,100.00,13.835
102,8.912328e+00,,3.721553e-04,100.00,13.835
103,8.462770e+00,,3.634976e-04,100.00,13.840
104,6.897723e+00,,3.546649e-04,100.00,13.838
105,7.774714e+00,,3.456709e-04,100.00,13.838
106,9.179403e+00,,3.365293e-04,100.00,13.826
107,8.625241e+00,,3.272542e-04,100.00,13.828
108,1.020382e+01,,3.178601e-04,100.00,13.838
109,1.156291e+01,,3.083613e-04,100.00,13.832
110,9.445719e+00,,2.987726e-04,100.00,13.839
111,8.086169e+00,,2.891086e-04,100.00,13.837
112,9.344483e+00,,2.793843e-04,100.00,13.839
113,8.988758e+00,,2.696148e-04,100.00,13.836
114,8.434527e+00,,2.598150e-04,100.00,13.833
115,8.799166e+00,,2.500000e-04,100.00,13.828
116,8.171957e+00,,2.401850e-04,100.00,13.832
117,7.090369e+00,,2.303852e-04,100.00,13.817
118,7.223160e+00,,2.206157e-04,100.00,13.812
119,7.370904e+00,7.884696e+00,2.108914e-04,15.00,16.126
120,6.902959e+00,,2.012274e-04,100.00,13.812
121,5.874812e+00,,1.916387e-04,100.00,13.802
122,5.691834e+00,,1.821399e-04,100.00,13.800
123,6.028496e+00,,1.727458e-04,100.00,13.796
124,5.908373e+00,,1.634707e-04,100.00,13.802
125,5.505241e+00,,1.543291e-04,100.00,13.811
126,5.185607e+00,,1.453351e-04,100.00,13.801
127,4.851774e+00,,1.365024e-04,100.00,13.803
128,4.916069e+00,,1.278447e-04,100.00,13.803
129,4.753423e+00,,1.193754e-04,100.00,13.805
130,4.616317e+00,,1.111074e-04,100.00,13.803
131,4.441751e+00,,1.030537e-04,100.00,13.808
132,4.302869e+00,,9.522651e-05,100.00,13.808
133,4.194511e+00,,8.763799e-05,100.00,13.842
134,4.123064e+00,,8.029981e-05,100.00,13.971
135,4.013356e+00,,7.322330e-05,100.00,13.971
136,4.030802e+00,,6.641937e-05,100.00,13.978
137,4.003128e+00,,5.989851e-05,100.00,13.892
138,3.977633e+00,,5.367077e-05,100.00,13.931
139,3.929228e+00,4.164900e+00,4.774575e-05,74.00,16.254
140,3.881193e+00,,4.213260e-05,100.00,13.804
141,3.956049e+00,,3.683996e-05,100.00,13.804
142,3.954676e+00,,3.187600e-05,100.00,13.800
143,3.928651e+00,,2.724837e-05,100.00,13.801
144,3.910696e+00,,2.296421e-05,100.00,13.797
145,3.907831e+00,,1.903012e-05,100.00,13.796
146,3.866091e+00,,1.545217e-05,100.00,13.798
147,3.871390e+00,,1.223587e-05,100.00,13.796
148,3.835321e+00,,9.386191e-06,100.00,13.795
149,3.913706e+00,,6.907520e-06,100.00,13.799
150,3.914127e+00,,4.803680e-06,100.00,13.796
151,3.830184e+00,,3.077915e-06,100.00,13.818
152,3.894329e+00,,1.732886e-06,100.00,13.817
153,3.876776e+00,,7.706666e-07,100.00,13.815
154,3.800234e+00,,1.927409e-07,100.00,13.816
155,5.142719e+00,,5.000000e-04,100.00,13.806
156,1.154844e+01,,4.999518e-04,100.00,13.806
157,3.087580e+01,,4.998073e-04,100.00,13.805
158,2.384934e+01,,4.995664e-04,100.00,13.806
159,4.786824e+01,4.967492e+00,4.992293e-04,13.00,16.122
160,2.502286e+01,,4.987962e-04,100.00,13.806
161,6.022733e+01,,4.982671e-04,100.00,13.809
162,2.548935e+01,,4.976423e-04,100.00,13.811
163,3.653409e+01,,4.969221e-04,100.00,13.811
164,2.321690e+01,,4.961066e-04,100.00,13.810
165,4.515524e+01,,4.951963e-04,100.00,13.809
166,2.381435e+01,,4.941915e-04,100.00,13.813
167,4.582482e+01,,4.930925e-04,100.00,13.807
168,2.715309e+01,,4.918998e-04,100.00,13.812
169,3.202715e+01,,4.906138e-04,100.00,13.810
170,4.840018e+01,,4.892351e-04,100.00,13.822
171,2.471593e+01,,4.877641e-04,100.00,13.816
172,3.246469e+01,,4.862015e-04,100.00,13.821
173,1.827742e+01,,4.845478e-04,100.00,13.819
174,2.585714e+01,,4.828037e-04,100.00,13.820
175,2.119908e+01,,4.809699e-04,100.00,13.819
176,1.554544e+01,,4.790470e-04,100.00,13.820
177,1.815220e+01,,4.770358e-04,100.00,13.820
178,1.301508e+01,,4.749371e-04,100.00,13.806
179,1.223377e+01,1.765849e+01,4.727516e-04,17.00,16.126
180,1.236678e+01,,4.704803e-04,100.00,13.800
181,1.769656e+01,,4.681240e-04,100.00,13.801
182,1.183046e+01,,4.656836e-04,100.00,13.800
183,1.275582e+01,,4.631600e-04,100.00,13.800
184,1.561790e+01,,4.605543e-04,100.00,13.797
185,1.062409e+01,,4.578674e-04,100.00,13.802
186,1.397136e+01,,4.551004e-04,100.00,13.798
187,1.046130e+01,,4.522542e-04,100.00,13.799
188,9.304934e+00,,4.493302e-04,100.00,13.801
189,9.905167e+00,,4.463292e-04,100.00,13.805
190,1.472425e+01,,4.432526e-04,100.00,13.803
191,8.761149e+00,,4.401015e-04,100.00,13.802
192,8.081080e+00,,4.368771e-04,100.00,13.808
193,1.066179e+01,,4.335806e-04,100.00,13.806
194,8.685212e+00,,4.302134e-04,100.00,13.805
195,1.038790e+01,,4.267767e-04,100.00,13.801
196,1.342529e+01,,4.232718e-04,100.00,13.804
197,8.473340e+00,,4.197002e-04,100.00,13.807
198,9.015146e+00,,4.160631e-04,100.00,13.806
199,8.789268e+00,4.520513e+00,4.123620e-04,41.00,16.119
200,7.143977e+00,,4.085983e-04,100.00,13.814
201,7.687567e+00,,4.047735e-04,100.00,13.805
202,1.124281e+01,,4.008890e-04,100.00,13.810
203,8.256479e+00,,3.969463e-04,100.00,13.811
204,9.133793e+00,,3.929470e-04,100.00,13.811
205,9.769597e+00,,3.888926e-04,100.00,13.811
206,6.999699e+00,,3.847846e-04,100.00,13.810
207,8.506670e+00,,3.806246e-04,100.00,13.815
208,1.034019e+01,,3.764143e-04,100.00,13.806
209,7.239881e+00,,3.721553e-04,100.00,13.809
210,7.612378e+00,,3.678492e-04,100.00,13.806
211,8.932002e+00,,3.634976e-04,100.00,13.808
212,6.770174e+00,,3.591023e-04,100.00,13.805
213,7.934354e+00,,3.546649e-04,100.00,13.811
214,8.511753e+00,,3.501872e-04,100.00,13.806
215,6.595942e+00,,3.456709e-04,100.00,13.806
216,7.501664e+00,,3.411176e-04,100.00,13.807
217,9.322629e+00,,3.365293e-04,100.00,13.907
218,5.972742e+00,,3.319075e-04,100.00,13.894
219,5.330199e+00,7.101198e+00,3.272542e-04,16.00,16.225
220,7.280615e+00,,3.225712e-04,100.00,13.988
221,5.900849e+00,,3.178601e-04,100.00,13.811
222,7.801569e+00,,3.131229e-04,100.00,13.951
223,7.407836e+00,,3.083613e-04,100.00,13.888
224,5.460514e+00,,3.035773e-04,100.00,13.968
225,5.767427e+00,,2.987726e-04,100.00,13.961
226,7.223211e+00,,2.939491e-04,100.00,13.951
227,5.507494e+00,,2.891086e-04,100.00,13.961
228,6.691840e+00,,2.842531e-04,100.00,13.959
229,6.824624e+00,,2.793843e-04,100.00,13.807
230,5.202775e+00,,2.745043e-04,100.00,13.807
231,5.861917e+00,,2.696148e-04,100.00,13.808
232,6.680582e+00,,2.647177e-04,100.00,13.810
233,4.770209e+00,,2.598150e-04,100.00,13.813
234,5.263695e+00,,2.549084e-04,100.00,13.808
235,6.052209e+00,,2.500000e-04,100.00,13.813
236,4.731974e+00,,2.450916e-04,100.00,13.809
237,5.575279e+00,,2.401850e-04,100.00,13.811
238,6.128355e+00,,2.352823e-04,100.00,13.812
239,4.279026e+00,5.271681e+00,2.303852e-04,17.00,16.124
240,4.495299e+00,,2.254957e-04,100.00,13.890
241,5.088710e+00,,2.206157e-04,100.00,13.933
242,4.167397e+00,,2.157469e-04,100.00,13.932
243,4.717103e+00,,2.108914e-04,100.00,13.920
244,5.351671e+00,,2.060509e-04,100.00,13.935
245,3.929319e+00,,2.012274e-04,100.00,13.921
246,4.285242e+00,,1.964227e-04,100.00,13.941
247,4.630892e+00,,1.916387e-04,100.00,13.932
248,3.698003e+00,,1.868771e-04,100.00,13.933
249,4.242961e+00,,1.821399e-04,100.00,13.915
250,4.583905e+00,,1.774288e-04,100.00,13.909
251,3.667026e+00,,1.727458e-04,100.00,13.926
252,4.138301e+00,,1.680925e-04,100.00,13.917
253,4.080571e+00,,1.634707e-04,100.00,13.859
254,3.368407e+00,,1.588824e-04,100.00,13.918
255,3.687299e+00,,1.543291e-04,100.00,13.925
256,4.087668e+00,,1.498128e-04,100.00,13.924
257,3.232660e+00,,1.453351e-04,100.00,13.929
258,3.819677e+00,,1.408977e-04,100.00,13.928
259,3.530002e+00,2.945487e+00,1.365024e-04,27.00,16.412
260,3.012888e+00,,1.321508e-04,100.00,13.936
261,3.240142e+00,,1.278447e-04,100.00,13.924
262,3.245503e+00,,1.235857e-04,100.00,13.931
263,2.798716e+00,,1.193754e-04,100.00,13.927
264,2.870122e+00,,1.152154e-04,100.00,13.924
265,3.049513e+00,,1.111074e-04,100.00,13.930
266,2.673037e+00,,1.070530e-04,100.00,13.933
267,2.647928e+00,,1.030537e-04,100.00,13.915
268,2.751205e+00,,9.911101e-05,100.00,13.923
269,2.588510e+00,,9.522651e-05,100.00,13.910
270,2.454035e+00,,9.140168e-05,100.00,13.913
271,2.434454e+00,,8.763799e-05,100.00,13.930
272,2.470027e+00,,8.393689e-05,100.00,13.931
273,2.386312e+00,,8.029981e-05,100.00,13.927
274,2.379561e+00,,7.672816e-05,100.00,13.934
275,2.383416e+00,,7.322330e-05,100.00,13.931
276,2.388017e+00,,6.978660e-05,100.00,13.918
277,2.349144e+00,,6.641937e-05,100.00,13.914
278,2.342148e+00,,6.312292e-05,100.00,13.919
279,2.342052e+00,2.278731e+00,5.989851e-05,60.00,16.362
280,2.316837e+00,,5.674739e-05,100.00,13.928
281,2.312318e+00,,5.367077e-05,100.00,13.940
282,2.298887e+00,,5.066984e-05,100.00,13.937
283,2.300075e+00,,4.774575e-05,100.00,13.924
284,2.293061e+00,,4.489964e-05,100.00,13.877
285,2.298506e+00,,4.213260e-05,100.00,13.927
286,2.306233e+00,,3.944569e-05,100.00,13.905
287,2.263522e+00,,3.683996e-05,100.00,13.925
288,2.281721e+00,,3.431640e-05,100.00,13.916
289,2.314962e+00,,3.187600e-05,100.00,13.922
290,2.300759e+00,,2.951968e-05,100.00,13.925
291,2.320668e+00,,2.724837e-05,100.00,13.939
292,2.311218e+00,,2.506293e-05,100.00,13.939
293,2.259625e+00,,2.296421e-05,100.00,13.928
294,2.270458e+00,,2.095301e-05,100.00,13.923
295,2.279324e+00,,1.903012e-05,100.00,13.923
296,2.258614e+00,,1.719627e-05,100.00,13.931
297,2.277674e+00,,1.545217e-05,100.00,13.925
298,2.270141e+00,,1.379849e-05,100.00,13.915
299,2.253948e+00,2.246824e+00,1.223587e-05,82.00,16.411
300,2.290018e+00,,1.076492e-05,100.00,133.518
301,2.296959e+00,,9.386191e-06,100.00,15.447
302,2.288986e+00,,8.100227e-06,100.00,14.088
303,2.252681e+00,,6.907520e-06,100.00,13.397
304,2.274836e+00,,5.808530e-06,100.00,13.399
305,2.338796e+00,,4.803680e-06,100.00,13.404
306,2.265807e+00,,3.893358e-06,100.00,13.404
307,2.264199e+00,,3.077915e-06,100.00,13.401
308,2.299272e+00,,2.357665e-06,100.00,13.402
309,2.289119e+00,,1.732886e-06,100.00,13.401
310,2.270511e+00,,1.203818e-06,100.00,13.403
311,2.324728e+00,,7.706666e-07,100.00,13.402
312,2.255869e+00,,4.335975e-07,100.00,13.399
313,2.277950e+00,,1.927409e-07,100.00,13.400
314,2.273355e+00,,4.818988e-08,100.00,13.400
315,2.377347e+00,,5.000000e-04,100.00,13.404
316,3.041562e+00,,4.999880e-04,100.00,13.395
317,4.087255e+00,,4.999518e-04,100.00,13.394
318,4.162392e+00,,4.998916e-04,100.00,13.396
319,4.617301e+00,3.155643e+00,4.998073e-04,61.00,69.953
320,4.553612e+00,,4.996989e-04,100.00,13.596
321,3.699605e+00,,4.995664e-04,100.00,13.408
322,4.620263e+00,,4.994099e-04,100.00,13.408
323,4.632742e+00,,4.992293e-04,100.00,13.401
324,3.760749e+00,,4.990248e-04,100.00,13.405
325,4.389637e+00,,4.987962e-04,100.00,13.402
326,4.236584e+00,,4.985436e-04,100.00,13.404
327,3.962071e+00,,4.982671e-04,100.00,13.407
328,4.339060e+00,,4.979667e-04,100.00,13.407
329,3.225941e+00,,4.976423e-04,100.00,13.405
330,3.932047e+00,,4.972941e-04,100.00,13.405
331,4.427781e+00,,4.969221e-04,100.00,13.405
332,3.501399e+00,,4.965262e-04,100.00,13.403
333,4.058495e+00,,4.961066e-04,100.00,13.480
334,3.411415e+00,,4.956633e-04,100.00,13.971
335,4.568726e+00,,4.951963e-04,100.00,13.964
336,3.953743e+00,,4.947057e-04,100.00,13.926
337,3.503990e+00,,4.941915e-04,100.00,13.817
338,4.538751e+00,,4.936537e-04,100.00,13.819
339,3.038360e+00,5.256629e+00,4.930925e-04,32.00,16.386
340,4.187588e+00,,4.925078e-04,100.00,13.832
341,4.496419e+00,,4.918998e-04,100.00,13.846
342,5.529463e+00,,4.912684e-04,100.00,13.843
343,5.315478e+00,,4.906138e-04,100.00,13.838
344,7.201981e+00,,4.899360e-04,100.00,13.840
345,5.247014e+00,,4.892351e-04,100.00,13.847
346,4.928636e+00,,4.885111e-04,100.00,13.846
347,3.616772e+00,,4.877641e-04,100.00,13.845
348,3.759331e+00,,4.869942e-04,100.00,13.847
349,3.952915e+00,,4.862015e-04,100.00,13.852
350,3.022967e+00,,4.853860e-04,100.00,13.850
351,3.028050e+00,,4.845478e-04,100.00,13.850
352,3.975233e+00,,4.836870e-04,100.00,13.851
353,3.978106e+00,,4.828037e-04,100.00,13.847
354,3.946027e+00,,4.818980e-04,100.00,13.848
355,4.130234e+00,,4.809699e-04,100.00,13.850
356,4.049636e+00,,4.800195e-04,100.00,13.847
357,3.699259e+00,,4.790470e-04,100.00,13.846
358,4.285645e+00,,4.780524e-04,100.00,13.842
359,3.624987e+00,5.276214e+00,4.770358e-04,15.00,16.213
360,4.147123e+00,,4.759973e-04,100.00,13.839
361,3.876133e+00,,4.749371e-04,100.00,13.837
362,4.049555e+00,,4.738551e-04,100.00,13.843
363,4.342612e+00,,4.727516e-04,100.00,13.835
364,3.650854e+00,,4.716267e-04,100.00,13.835
365,3.998931e+00,,4.704803e-04,100.00,13.833
366,3.726426e+00,,4.693127e-04,100.00,13.833
367,3.877831e+00,,4.681240e-04,100.00,13.835
368,3.661758e+00,,4.669143e-04,100.00,13.833
369,4.122803e+00,,4.656836e-04,100.00,13.831
370,3.868996e+00,,4.644322e-04,100.00,13.831
371,3.334067e+00,,4.631600e-04,100.00,13.836
372,3.490303e+00,,4.618674e-04,100.00,13.834
373,4.925310e+00,,4.605543e-04,100.00,13.829
374,8.107998e+00,,4.592209e-04,100.00,13.830
375,6.802093e+00,,4.578674e-04,100.00,13.837
376,4.495751e+00,,4.564938e-04,100.00,13.837
377,6.325338e+00,,4.551004e-04,100.00,13.827
378,6.438727e+00,,4.536871e-04,100.00,13.824
379,5.312006e+00,6.273209e+00,4.522542e-04,15.00,16.151
380,5.614179e+00,,4.508019e-04,100.00,13.824
381,7.110412e+00,,4.493302e-04,100.00,13.815
382,4.058935e+00,,4.478392e-04,100.00,13.817
383,5.599075e+00,,4.463292e-04,100.00,13.813
384,7.303013e+00,,4.448003e-04,100.00,13.819
385,4.518259e+00,,4.432526e-04,100.00,13.835
386,4.664721e+00,,4.416863e-04,100.00,13.826
387,7.185834e+00,,4.401015e-04,100.00,13.828
388,4.911233e+00,,4.384984e-04,100.00,13.823
389,5.103589e+00,,4.368771e-04,100.00,13.820
390,5.205914e+00,,4.352378e-04,100.00,13.818
391,5.439662e+00,,4.335806e-04,100.00,13.817
392,5.249272e+00,,4.319058e-04,100.00,13.815
393,4.893442e+00,,4.302134e-04,100.00,13.818
394,5.354711e+00,,4.285036e-04,100.00,13.823
395,5.642463e+00,,4.267767e-04,100.00,13.820
396,4.208531e+00,,4.250327e-04,100.00,13.822
397,5.922201e+00,,4.232718e-04,100.00,13.821
398,3.122522e+00,,4.214943e-04,100.00,13.820
399,5.175331e+00,6.302190e+00,4.197002e-04,13.00,16.141
400,6.597163e+00,,4.178897e-04,100.00,13.822
401,4.042518e+00,,4.160631e-04,100.00,13.824
402,4.560625e+00,,4.142205e-04,100.00,13.823
403,6.496423e+00,,4.123620e-04,100.00,13.824
404,3.365867e+00,,4.104879e-04,100.00,13.823
405,5.258092e+00,,4.085983e-04,100.00,13.817
406,5.205791e+00,,4.066935e-04,100.00,13.820
407,3.668502e+00,,4.047735e-04,100.00,13.821
408,5.542573e+00,,4.028386e-04,100.00,13.820
409,4.200403e+00,,4.008890e-04,100.00,13.824
410,4.246017e+00,,3.989248e-04,100.00,13.823
411,5.952400e+00,,3.969463e-04,100.00,13.822
412,2.839973e+00,,3.949536e-04,100.00,13.820
413,4.522339e+00,,3.929470e-04,100.00,13.826
414,6.212088e+00,,3.909266e-04,100.00,13.829
415,3.059251e+00,,3.888926e-04,100.00,13.823
416,2.588720e+00,,3.868452e-04,100.00,13.825
417,3.063194e+00,,3.847846e-04,100.00,13.828
418,2.587163e+00,,3.827110e-04,100.00,13.825
419,3.550366e+00,3.822847e+00,3.806246e-04,14.00,16.151
420,3.772266e+00,,3.785257e-04,100.00,13.824
421,3.665927e+00,,3.764143e-04,100.00,13.828
422,3.912703e+00,,3.742908e-04,100.00,13.830
423,4.060132e+00,,3.721553e-04,100.00,13.834
424,4.401490e+00,,3.700080e-04,100.00,13.831
425,4.255320e+00,,3.678492e-04,100.00,13.831
426,3.636794e+00,,3.656790e-04,100.00,13.830
427,3.633655e+00,,3.634976e-04,100.00,13.832
428,3.825401e+00,,3.613053e-04,100.00,13.826
429,3.836405e+00,,3.591023e-04,100.00,13.942
430,3.561785e+00,,3.568888e-04,100.00,13.828
431,3.671127e+00,,3.546649e-04,100.00,13.824
432,3.727722e+00,,3.524310e-04,100.00,13.822
433,3.541918e+00,,3.501872e-04,100.00,13.822
434,3.559047e+00,,3.479338e-04,100.00,13.821
435,3.913854e+00,,3.456709e-04,100.00,13.822
436,3.491309e+00,,3.433987e-04,100.00,13.824
437,3.325634e+00,,3.411176e-04,100.00,13.823
438,3.809003e+00,,3.388277e-04,100.00,13.819
439,3.536433e+00,2.742454e+00,3.365293e-04,14.00,16.142
440,3.315371e+00,,3.342225e-04,100.00,13.825
441,3.374965e+00,,3.319075e-04,100.00,13.824
442,3.370643e+00,,3.295847e-04,100.00,13.825
443,3.277872e+00,,3.272542e-04,100.00,13.822
444,3.667536e+00,,3.249163e-04,100.00,13.824
445,3.371035e+00,,3.225712e-04,100.00,13.822
446,3.189833e+00,,3.202190e-04,100.00,13.820
447,3.364338e+00,,3.178601e-04,100.00,13.817
448,3.178441e+00,,3.154947e-04,100.00,13.828
449,3.179423e+00,,3.131229e-04,100.00,13.827
450,3.388140e+00,,3.107450e-04,100.00,13.823
451,3.050007e+00,,3.083613e-04,100.00,13.820
452,3.049914e+00,,3.059720e-04,100.00,13.822
453,3.323789e+00,,3.035773e-04,100.00,13.823
454,3.186095e+00,,3.011774e-04,100.00,13.824
455,3.009782e+00,,2.987726e-04,100.00,13.822
456,3.027580e+00,,2.963631e-04,100.00,13.820
457,2.986234e+00,,2.939491e-04,100.00,13.823
458,2.986805e+00,,2.915308e-04,100.00,13.822
459,3.122518e+00,3.245637e+00,2.891086e-04,14.00,16.141
460,2.853089e+00,,2.866826e-04,100.00,13.820
461,2.924550e+00,,2.842531e-04,100.00,13.819
462,3.197284e+00,,2.818203e-04,100.00,13.822
463,2.889978e+00,,2.793843e-04,100.00,13.819
464,2.663016e+00,,2.769456e-04,100.00,13.821
465,2.977985e+00,,2.745043e-04,100.00,13.820
466,2.887594e+00,,2.720606e-04,100.00,13.821
467,2.727058e+00,,2.696148e-04,100.00,13.821
468,2.822684e+00,,2.671671e-04,100.00,13.820
469,2.674590e+00,,2.647177e-04,100.00,13.822
470,2.748022e+00,,2.622669e-04,100.00,13.820
471,2.889713e+00,,2.598150e-04,100.00,13.822
472,2.624142e+00,,2.573620e-04,100.00,13.820
473,2.581595e+00,,2.549084e-04,100.00,13.819
474,2.864432e+00,,2.524543e-04,100.00,13.820
475,2.644904e+00,,2.500000e-04,100.00,13.820
476,2.407023e+00,,2.475457e-04,100.00,13.816
477,2.740990e+00,,2.450916e-04,100.00,13.818
478,2.665567e+00,,2.426380e-04,100.00,13.816
479,2.214498e+00,1.606798e+00,2.401850e-04,3.00,16.462
480,2.431473e+00,,2.377331e-04,100.00,14.002
481,2.810550e+00,,2.352823e-04,100.00,13.815
482,2.408785e+00,,2.328329e-04,100.00,13.815
483,2.204577e+00,,2.303852e-04,100.00,13.818
484,2.459257e+00,,2.279394e-04,100.00,13.814
485,2.659472e+00,,2.254957e-04,100.00,13.820
486,2.251000e+00,,2.230544e-04,100.00,13.822
487,2.309735e+00,,2.206157e-04,100.00,13.821
488,2.527135e+00,,2.181797e-04,100.00,13.818
489,2.455828e+00,,2.157469e-04,100.00,13.821
490,2.226136e+00,,2.133174e-04,100.00,13.819
491,2.259680e+00,,2.108914e-04,100.00,13.820
492,2.355277e+00,,2.084692e-04,100.00,13.820
493,2.284171e+00,,2.060509e-04,100.00,13.816
494,2.193639e+00,,2.036369e-04,100.00,13.821
495,2.264600e+00,,2.012274e-04,100.00,13.818
496,2.312352e+00,,1.988226e-04,100.00,13.816
497,2.053690e+00,,1.964227e-04,100.00,13.821
498,2.176587e+00,,1.940280e-04,100.00,13.824
499,2.335278e+00,2.470133e+00,1.916387e-04,15.00,16.141
500,2.109377e+00,,1.892550e-04,100.00,13.826
501,1.915316e+00,,1.868771e-04,100.00,13.824
502,2.194805e+00,,1.845053e-04,100.00,13.821
503,2.310696e+00,,1.821399e-04,100.00,13.822
504,2.040770e+00,,1.797810e-04,100.00,13.820
505,1.857346e+00,,1.774288e-04,100.00,13.825
506,2.029205e+00,,1.750837e-04,100.00,13.825
507,2.174137e+00,,1.727458e-04,100.00,13.821
508,2.110182e+00,,1.704153e-04,100.00,13.822
509,1.853259e+00,,1.680925e-04,100.00,13.826
510,1.854908e+00,,1.657775e-04,100.00,13.824
511,2.021898e+00,,1.634707e-04,100.00,13.825
512,2.019273e+00,,1.611723e-04,100.00,13.829
513,1.918213e+00,,1.588824e-04,100.00,13.828
514,1.899014e+00,,1.566013e-04,100.00,13.865
515,1.979687e+00,,1.543291e-04,100.00,13.928
516,1.846061e+00,,1.520662e-04,100.00,13.936
517,1.837067e+00,,1.498128e-04,100.00,13.946
518,1.870707e+00,,1.475690e-04,100.00,13.946
519,1.904397e+00,1.767230e+00,1.453351e-04,17.00,16.282
520,1.758301e+00,,1.431112e-04,100.00,13.943
521,1.801543e+00,,1.408977e-04,100.00,13.941
522,1.887665e+00,,1.386947e-04,100.00,13.940
523,1.743582e+00,,1.365024e-04,100.00,13.937
524,1.593895e+00,,1.343210e-04,100.00,13.945
525,1.581696e+00,,1.321508e-04,100.00,13.940
526,1.624781e+00,,1.299920e-04,100.00,13.944
527,1.731714e+00,,1.278447e-04,100.00,13.939
528,1.786448e+00,,1.257092e-04,100.00,13.943
529,1.655342e+00,,1.235857e-04,100.00,13.942
530,1.581949e+00,,1.214743e-04,100.00,13.944
531,1.614818e+00,,1.193754e-04,100.00,13.940
532,1.674563e+00,,1.172890e-04,100.00,13.942
533,1.619990e+00,,1.152154e-04,100.00,13.939
534,1.555032e+00,,1.131548e-04,100.00,13.939
535,1.539994e+00,,1.111074e-04,100.00,13.922
536,1.582756e+00,,1.090734e-04,100.00,13.843
537,1.668504e+00,,1.070530e-04,100.00,13.841
538,1.622676e+00,,1.050464e-04,100.00,13.847
539,1.555221e+00,1.555463e+00,1.030537e-04,3.00,16.323
540,1.457670e+00,,1.010752e-04,100.00,13.854
541,1.435327e+00,,9.911101e-05,100.00,13.848
542,1.404492e+00,,9.716140e-05,100.00,13.855
543,1.391921e+00,,9.522651e-05,100.00,13.850
544,1.387325e+00,,9.330654e-05,100.00,13.857
545,1.424456e+00,,9.140168e-05,100.00,13.847
546,1.386956e+00,,8.951210e-05,100.00,13.846
547,1.359278e+00,,8.763799e-05,100.00,13.846
548,1.377632e+00,,8.577953e-05,100.00,13.847
549,1.359990e+00,,8.393689e-05,100.00,13.844
550,1.347121e+00,,8.211026e-05,100.00,13.847
551,1.352215e+00,,8.029981e-05,100.00,13.844
552,1.349360e+00,,7.850572e-05,100.00,13.853
553,1.330473e+00,,7.672816e-05,100.00,13.850
554,1.336912e+00,,7.496730e-05,100.00,13.848
555,1.345068e+00,,7.322330e-05,100.00,13.844
556,1.332635e+00,,7.149635e-05,100.00,13.848
557,1.319276e+00,,6.978660e-05,100.00,13.844
558,1.312856e+00,,6.809422e-05,100.00,13.847
559,1.292713e+00,1.332887e+00,6.641937e-05,67.00,16.310
560,1.286618e+00,,6.476222e-05,100.00,13.854
561,1.267297e+00,,6.312292e-05,100.00,13.849
562,1.275798e+00,,6.150163e-05,100.00,13.880
563,1.300355e+00,,5.989851e-05,100.00,13.948
564,1.273619e+00,,5.831371e-05,100.00,13.958
565,1.288209e+00,,5.674739e-05,100.00,13.959
566,1.296113e+00,,5.519969e-05,100.00,13.954
567,1.279580e+00,,5.367077e-05,100.00,13.947
568,1.285142e+00,,5.216077e-05,100.00,13.952
569,1.274915e+00,,5.066984e-05,100.00,13.953
570,1.261146e+00,,4.919812e-05,100.00,13.950
571,1.285986e+00,,4.774575e-05,100.00,13.946
572,1.264220e+00,,4.631288e-05,100.00,13.955
573,1.281167e+00,,4.489964e-05,100.00,13.954
574,1.262472e+00,,4.350617e-05,100.00,13.948
575,1.269105e+00,,4.213260e-05,100.00,13.950
576,1.275869e+00,,4.077906e-05,100.00,13.944
577,1.265022e+00,,3.944569e-05,100.00,13.948
578,1.282458e+00,,3.813262e-05,100.00,13.949
579,1.275692e+00,1.305137e+00,3.683996e-05,54.00,16.421
580,1.272327e+00,,3.556785e-05,100.00,13.946
581,1.264230e+00,,3.431640e-05,100.00,13.944
582,1.256414e+00,,3.308575e-05,100.00,13.945
583,1.270180e+00,,3.187600e-05,100.00,13.945
584,1.275077e+00,,3.068727e-05,100.00,13.944
585,1.272704e+00,,2.951968e-05,100.00,13.946
586,1.256045e+00,,2.837335e-05,100.00,13.946
587,1.254468e+00,,2.724837e-05,100.00,13.946
588,1.263407e+00,,2.614486e-05,100.00,13.943
589,1.267286e+00,,2.506293e-05,100.00,13.943
590,1.273194e+00,,2.400268e-05,100.00,13.820
591,1.268237e+00,,2.296421e-05,100.00,13.827
592,1.272269e+00,,2.194762e-05,100.00,13.832
593,1.259122e+00,,2.095301e-05,100.00,13.830
594,1.242164e+00,,1.998048e-05,100.00,13.831
595,1.269383e+00,,1.903012e-05,100.00,13.835
596,1.256702e+00,,1.810202e-05,100.00,13.832
597,1.255218e+00,,1.719627e-05,100.00,13.833
598,1.261381e+00,,1.631295e-05,100.00,13.833
599,1.233901e+00,1.276856e+00,1.545217e-05,78.00,16.292
600,1.235564e+00,,1.461398e-05,100.00,13.835
601,1.265929e+00,,1.379849e-05,100.00,13.831
602,1.282072e+00,,1.300576e-05,100.00,13.833
603,1.242647e+00,,1.223587e-05,100.00,13.839
604,1.257603e+00,,1.148890e-05,100.00,13.834
605,1.268601e+00,,1.076492e-05,100.00,13.912
606,1.260844e+00,,1.006399e-05,100.00,13.951
607,1.260053e+00,,9.386191e-06,100.00,13.942
608,1.266954e+00,,8.731582e-06,100.00,13.946
609,1.278952e+00,,8.100227e-06,100.00,13.949
610,1.245378e+00,,7.492187e-06,100.00,13.949
611,1.246815e+00,,6.907520e-06,100.00,13.945
612,1.234655e+00,,6.346283e-06,100.00,13.950
613,1.243063e+00,,5.808530e-06,100.00,13.947
614,1.271536e+00,,5.294312e-06,100.00,13.950
615,1.263240e+00,,4.803680e-06,100.00,13.949
616,1.265958e+00,,4.336680e-06,100.00,13.950
617,1.235118e+00,,3.893358e-06,100.00,13.947
618,1.247906e+00,,3.473756e-06,100.00,13.949
619,1.268223e+00,1.282273e+00,3.077915e-06,15.00,16.288
620,1.258236e+00,,2.705873e-06,100.00,13.956
621,1.259932e+00,,2.357665e-06,100.00,13.952
622,1.251767e+00,,2.033326e-06,100.00,13.948
623,1.233904e+00,,1.732886e-06,100.00,13.952
624,1.249284e+00,,1.456374e-06,100.00,13.951
625,1.249099e+00,,1.203818e-06,100.00,13.950
626,1.259292e+00,,9.752417e-07,100.00,13.872
627,1.244917e+00,,7.706666e-07,100.00,13.814
628,1.244456e+00,,5.901127e-07,100.00,13.826
629,1.251640e+00,,4.335975e-07,100.00,13.828
630,1.248454e+00,,3.011359e-07,100.00,13.822
631,1.263193e+00,,1.927409e-07,100.00,13.819
632,1.236631e+00,,1.084229e-07,100.00,13.823
633,1.261765e+00,,4.818988e-08,100.00,13.944
634,1.242915e+00,,1.204776e-08,100.00,13.942
635,1.345464e+00,,5.000000e-04,100.00,13.948
636,3.271755e+00,,4.999970e-04,100.00,13.940
637,4.977380e+00,,4.999880e-04,100.00,13.942
638,7.495815e+00,,4.999729e-04,100.00,13.942
639,5.618479e+00,6.582674e+00,4.999518e-04,14.00,16.276
640,6.995929e+00,,4.999247e-04,100.00,13.942
641,4.688332e+00,,4.998916e-04,100.00,13.945
642,6.092887e+00,,4.998524e-04,100.00,13.950
643,6.312451e+00,,4.998073e-04,100.00,13.942
644,6.182037e+00,,4.997561e-04,100.00,13.942
645,4.905256e+00,,4.996989e-04,100.00,13.942
646,5.639950e+00,,4.996356e-04,100.00,13.947
647,6.322374e+00,,4.995664e-04,100.00,13.946
648,5.129704e+00,,4.994912e-04,100.00,13.950
649,6.695757e+00,,4.994099e-04,100.00,13.952
650,4.459300e+00,,4.993226e-04,100.00,13.950
651,5.870673e+00,,4.992293e-04,100.00,13.947
652,7.066426e+00,,4.991300e-04,100.00,13.948
653,3.188757e+00,,4.990248e-04,100.00,13.948
654,5.593347e+00,,4.989135e-04,100.00,13.947
655,7.351425e+00,,4.987962e-04,100.00,13.950
656,4.162670e+00,,4.986729e-04,100.00,13.945
657,5.978227e+00,,4.985436e-04,100.00,13.947
658,4.996998e+00,,4.984084e-04,100.00,13.951
659,5.216793e+00,5.069685e+00,4.982671e-04,12.00,16.293
660,5.273165e+00,,4.981199e-04,100.00,13.949
661,4.256790e+00,,4.979667e-04,100.00,13.952
662,6.970808e+00,,4.978075e-04,100.00,13.945
663,3.093435e+00,,4.976423e-04,100.00,13.952
664,6.876818e+00,,4.974712e-04,100.00,13.948
665,5.256962e+00,,4.972941e-04,100.00,13.948
666,3.747451e+00,,4.971111e-04,100.00,13.952
667,6.326948e+00,,4.969221e-04,100.00,13.949
668,4.364899e+00,,4.967271e-04,100.00,13.947
669,5.861841e+00,,4.965262e-04,100.00,13.948
670,5.764486e+00,,4.963194e-04,100.00,13.946
671,3.517118e+00,,4.961066e-04,100.00,13.944
672,6.215795e+00,,4.958879e-04,100.00,13.947
673,4.431778e+00,,4.956633e-04,100.00,13.945
674,4.453106e+00,,4.954328e-04,100.00,13.944
675,4.771547e+00,,4.951963e-04,100.00,13.946
676,4.698461e+00,,4.949540e-04,100.00,13.946
677,5.117130e+00,,4.947057e-04,100.00,13.946
678,4.394444e+00,,4.944515e-04,100.00,13.958
679,4.896851e+00,4.960557e+00,4.941915e-04,29.00,16.303
680,5.051624e+00,,4.939255e-04,100.00,13.960
681,3.487101e+00,,4.936537e-04,100.00,13.956
682,5.609836e+00,,4.933760e-04,100.00,13.953
683,4.376393e+00,,4.930925e-04,100.00,13.955
684,5.068124e+00,,4.928031e-04,100.00,13.960
685,3.742734e+00,,4.925078e-04,100.00,13.959
686,5.929873e+00,,4.922067e-04,100.00,13.956
687,2.976557e+00,,4.918998e-04,100.00,13.956
688,4.909439e+00,,4.915870e-04,100.00,13.958
689,5.362413e+00,,4.912684e-04,100.00,13.959
690,3.292456e+00,,4.909440e-04,100.00,13.958
691,3.478592e+00,,4.906138e-04,100.00,13.912
692,4.862779e+00,,4.902778e-04,100.00,13.834
693,4.264310e+00,,4.899360e-04,100.00,13.840
694,3.677309e+00,,4.895884e-04,100.00,13.841
695,3.738115e+00,,4.892351e-04,100.00,13.837
696,4.517327e+00,,4.888760e-04,100.00,13.837
697,4.848520e+00,,4.885111e-04,100.00,13.839
698,4.315337e+00,,4.881405e-04,100.00,13.839
699,4.305401e+00,5.483301e+00,4.877641e-04,14.00,16.160
700,4.116140e+00,,4.873820e-04,100.00,13.838
701,3.832756e+00,,4.869942e-04,100.00,13.835
702,4.448206e+00,,4.866007e-04,100.00,13.831
703,4.445488e+00,,4.862015e-04,100.00,13.831
704,4.111890e+00,,4.857966e-04,100.00,13.830
705,4.170180e+00,,4.853860e-04,100.00,13.831
706,3.799418e+00,,4.849698e-04,100.00,13.833
707,3.694663e+00,,4.845478e-04,100.00,13.829
708,4.605583e+00,,4.841203e-04,100.00,13.829
709,4.403751e+00,,4.836870e-04,100.00,13.830
710,3.256152e+00,,4.832482e-04,100.00,13.832
711,3.149291e+00,,4.828037e-04,100.00,13.829
712,3.494283e+00,,4.823537e-04,100.00,13.833
713,3.966762e+00,,4.818980e-04,100.00,13.827
714,4.081131e+00,,4.814367e-04,100.00,13.831
715,3.815419e+00,,4.809699e-04,100.00,13.830
716,3.621285e+00,,4.804975e-04,100.00,13.829
717,3.884053e+00,,4.800195e-04,100.00,13.830
718,3.935269e+00,,4.795360e-04,100.00,13.834
719,3.939922e+00,3.968838e+00,4.790470e-04,16.00,16.160
720,3.929346e+00,,4.785524e-04,100.00,13.872
721,3.863008e+00,,4.780524e-04,100.00,13.948
722,3.884379e+00,,4.775468e-04,100.00,13.960
723,4.006908e+00,,4.770358e-04,100.00,13.963
724,3.969550e+00,,4.765193e-04,100.00,13.960
725,4.507641e+00,,4.759973e-04,100.00,13.955
726,4.641458e+00,,4.754699e-04,100.00,13.956
727,4.431209e+00,,4.749371e-04,100.00,13.958
728,5.829596e+00,,4.743988e-04,100.00,13.954
729,4.410839e+00,,4.738551e-04,100.00,13.957
730,3.330468e+00,,4.733061e-04,100.00,13.954
731,3.433735e+00,,4.727516e-04,100.00,13.946
732,4.113184e+00,,4.721918e-04,100.00,13.946
733,4.066364e+00,,4.716267e-04,100.00,13.944
734,3.533887e+00,,4.710561e-04,100.00,13.945
735,4.008676e+00,,4.704803e-04,100.00,13.949
736,4.023317e+00,,4.698992e-04,100.00,13.946
737,4.232662e+00,,4.693127e-04,100.00,13.943
738,3.489110e+00,,4.687210e-04,100.00,13.945
739,2.984979e+00,4.696772e+00,4.681240e-04,17.00,16.286
740,4.145474e+00,,4.675217e-04,100.00,13.947
741,4.582148e+00,,4.669143e-04,100.00,13.946
742,4.121093e+00,,4.663015e-04,100.00,13.940
743,5.048579e+00,,4.656836e-04,100.00,13.947
744,4.825933e+00,,4.650605e-04,100.00,14.077
745,2.813063e+00,,4.644322e-04,100.00,13.944
746,4.242916e+00,,4.637987e-04,100.00,13.944
747,4.856898e+00,,4.631600e-04,100.00,13.943
748,5.012587e+00,,4.625163e-04,100.00,13.942
749,3.763070e+00,,4.618674e-04,100.00,13.942
750,3.091665e+00,,4.612134e-04,100.00,13.942
751,4.574518e+00,,4.605543e-04,100.00,13.941
752,4.314382e+00,,4.598902e-04,100.00,13.945
753,4.799848e+00,,4.592209e-04,100.00,13.941
754,3.999058e+00,,4.585467e-04,100.00,13.939
755,3.842238e+00,,4.578674e-04,100.00,13.943
756,3.943847e+00,,4.571831e-04,100.00,13.948
757,4.051906e+00,,4.564938e-04,100.00,13.951
758,4.300089e+00,,4.557996e-04,100.00,13.949
759,4.328300e+00,4.441630e+00,4.551004e-04,15.00,16.290
760,4.551114e+00,,4.543962e-04,100.00,13.949
761,3.703031e+00,,4.536871e-04,100.00,13.949
762,4.279438e+00,,4.529731e-04,100.00,13.947
763,3.649929e+00,,4.522542e-04,100.00,13.948
764,4.346090e+00,,4.515305e-04,100.00,13.945
765,4.671420e+00,,4.508019e-04,100.00,13.946
766,3.445358e+00,,4.500684e-04,100.00,13.947
767,3.988144e+00,,4.493302e-04,100.00,13.940
768,3.574164e+00,,4.485871e-04,100.00,13.939
769,4.026631e+00,,4.478392e-04,100.00,13.945
770,5.153830e+00,,4.470866e-04,100.00,13.942
771,2.596888e+00,,4.463292e-04,100.00,13.942
772,4.590480e+00,,4.455671e-04,100.00,13.942
773,3.340561e+00,,4.448003e-04,100.00,13.943
774,3.767822e+00,,4.440288e-04,100.00,13.945
775,3.065693e+00,,4.432526e-04,100.00,13.947
776,5.673778e+00,,4.424718e-04,100.00,13.939
777,2.581126e+00,,4.416863e-04,100.00,13.940
778,2.603250e+00,,4.408962e-04,100.00,13.945
779,5.038959e+00,3.002616e+00,4.401015e-04,15.00,16.286
780,3.212081e+00,,4.393022e-04,100.00,13.952
781,3.012512e+00,,4.384984e-04,100.00,13.949
782,4.954113e+00,,4.376900e-04,100.00,13.949
783,3.401129e+00,,4.368771e-04,100.00,13.940
784,3.450672e+00,,4.360597e-04,100.00,13.938
785,3.586921e+00,,4.352378e-04,100.00,13.940
786,3.661880e+00,,4.344114e-04,100.00,13.936
787,3.222145e+00,,4.335806e-04,100.00,13.939
788,3.588022e+00,,4.327454e-04,100.00,13.938
789,3.885134e+00,,4.319058e-04,100.00,13.939
790,3.887146e+00,,4.310618e-04,100.00,13.938
791,2.914651e+00,,4.302134e-04,100.00,13.940
792,4.360260e+00,,4.293607e-04,100.00,13.942
793,2.499469e+00,,4.285036e-04,100.00,13.936
794,3.647171e+00,,4.276423e-04,100.00,13.937
795,4.128479e+00,,4.267767e-04,100.00,13.923
796,3.037885e+00,,4.259068e-04,100.00,13.838
797,3.297364e+00,,4.250327e-04,100.00,13.833
798,4.020833e+00,,4.241544e-04,100.00,13.839
799,2.724739e+00,3.755946e+00,4.232718e-04,16.00,16.160
800,3.623529e+00,,4.223851e-04,100.00,13.834
801,3.270201e+00,,4.214943e-04,100.00,13.825
802,4.130853e+00,,4.205993e-04,100.00,13.820
803,2.447417e+00,,4.197002e-04,100.00,13.821
804,4.366948e+00,,4.187970e-04,100.00,13.826
805,2.555348e+00,,4.178897e-04,100.00,13.817
806,3.297979e+00,,4.169784e-04,100.00,13.822
807,4.654371e+00,,4.160631e-04,100.00,13.821
808,2.371865e+00,,4.151438e-04,100.00,13.822
809,3.276729e+00,,4.142205e-04,100.00,13.825
810,4.356858e+00,,4.132932e-04,100.00,13.819
811,2.198511e+00,,4.123620e-04,100.00,13.818
812,2.218403e+00,,4.114269e-04,100.00,13.821
813,4.077355e+00,,4.104879e-04,100.00,13.824
814,3.344977e+00,,4.095450e-04,100.00,13.822
815,2.619142e+00,,4.085983e-04,100.00,13.824
816,3.182043e+00,,4.076478e-04,100.00,13.819
817,3.263107e+00,,4.066935e-04,100.00,13.819
818,3.227083e+00,,4.057353e-04,100.00,13.822
819,3.105061e+00,3.521482e+00,4.047735e-04,80.00,16.140
820,3.523224e+00,,4.038079e-04,100.00,13.815
821,2.254771e+00,,4.028386e-04,100.00,13.818
822,3.886078e+00,,4.018656e-04,100.00,13.814
823,2.486710e+00,,4.008890e-04,100.00,13.815
824,3.129018e+00,,3.999087e-04,100.00,13.815
825,2.626832e+00,,3.989248e-04,100.00,13.814
826,2.858021e+00,,3.979374e-04,100.00,13.820
827,3.141069e+00,,3.969463e-04,100.00,13.811
828,2.410385e+00,,3.959517e-04,100.00,13.815
829,2.935087e+00,,3.949536e-04,100.00,13.814
830,2.935529e+00,,3.939520e-04,100.00,13.813
831,2.233084e+00,,3.929470e-04,100.00,13.814
832,3.046341e+00,,3.919385e-04,100.00,13.817
833,2.887434e+00,,3.909266e-04,100.00,13.813
834,2.689329e+00,,3.899112e-04,100.00,13.814
835,2.209279e+00,,3.888926e-04,100.00,13.815
836,3.444185e+00,,3.878705e-04,100.00,13.816
837,2.513958e+00,,3.868452e-04,100.00,13.813
838,2.700677e+00,,3.858165e-04,100.00,13.818
839,2.799161e+00,2.797690e+00,3.847846e-04,15.00,16.134
840,2.687519e+00,,3.837494e-04,100.00,13.814
841,2.464931e+00,,3.827110e-04,100.00,13.809
842,2.921783e+00,,3.816694e-04,100.00,13.813
843,2.364690e+00,,3.806246e-04,100.00,13.817
844,2.825130e+00,,3.795767e-04,100.00,13.814
845,2.500586e+00,,3.785257e-04,100.00,13.810
846,2.348346e+00,,3.774716e-04,100.00,13.809
847,3.269936e+00,,3.764143e-04,100.00,13.813
848,2.020182e+00,,3.753541e-04,100.00,13.814
849,2.299782e+00,,3.742908e-04,100.00,13.932
850,3.653041e+00,,3.732245e-04,100.00,13.820
851,1.444098e+00,,3.721553e-04,100.00,13.816
852,2.425859e+00,,3.710831e-04,100.00,13.818
853,4.302672e+00,,3.700080e-04,100.00,13.818
854,3.637042e+00,,3.689300e-04,100.00,13.815
855,6.791812e+00,,3.678492e-04,100.00,13.816
856,4.038666e+00,,3.667655e-04,100.00,13.814
857,7.735571e+00,,3.656790e-04,100.00,13.813
858,4.135799e+00,,3.645897e-04,100.00,13.815
859,7.576102e+00,3.846022e+00,3.634976e-04,16.00,16.136
860,4.401394e+00,,3.624028e-04,100.00,13.819
861,5.466120e+00,,3.613053e-04,100.00,13.819
862,4.496392e+00,,3.602051e-04,100.00,13.815
863,3.608394e+00,,3.591023e-04,100.00,13.820
864,3.752619e+00,,3.579968e-04,100.00,13.818
865,3.293007e+00,,3.568888e-04,100.00,13.818
866,2.831240e+00,,3.557781e-04,100.00,13.817
867,2.996638e+00,,3.546649e-04,100.00,13.816
868,2.373145e+00,,3.535492e-04,100.00,13.819
869,2.161501e+00,,3.524310e-04,100.00,13.819
870,2.017090e+00,,3.513103e-04,100.00,13.817
871,2.033504e+00,,3.501872e-04,100.00,13.926
872,2.250214e+00,,3.490617e-04,100.00,13.957
873,2.428176e+00,,3.479338e-04,100.00,13.956
874,2.596478e+00,,3.468035e-04,100.00,13.956
875,2.373746e+00,,3.456709e-04,100.00,13.954
876,2.238175e+00,,3.445359e-04,100.00,13.953
877,2.353439e+00,,3.433987e-04,100.00,13.960
878,2.388686e+00,,3.422593e-04,100.00,13.956
879,2.312784e+00,2.188807e+00,3.411176e-04,15.00,16.300
880,2.285441e+00,,3.399738e-04,100.00,13.848
881,2.444444e+00,,3.388277e-04,100.00,13.825
882,2.322553e+00,,3.376796e-04,100.00,13.833
883,2.126428e+00,,3.365293e-04,100.00,13.832
884,2.224211e+00,,3.353769e-04,100.00,13.832
885,2.371374e+00,,3.342225e-04,100.00,13.835
886,2.774209e+00,,3.330660e-04,100.00,13.839
887,2.041377e+00,,3.319075e-04,100.00,13.833
888,2.206660e+00,,3.307471e-04,100.00,13.837
889,2.749867e+00,,3.295847e-04,100.00,13.835
890,2.031366e+00,,3.284204e-04,100.00,13.839
891,1.891352e+00,,3.272542e-04,100.00,13.836
892,2.689137e+00,,3.260862e-04,100.00,13.833
893,2.080496e+00,,3.249163e-04,100.00,13.835
894,2.230711e+00,,3.237446e-04,100.00,13.836
895,2.365171e+00,,3.225712e-04,100.00,13.835
896,2.128412e+00,,3.213960e-04,100.00,13.838
897,2.235236e+00,,3.202190e-04,100.00,13.836
898,2.260027e+00,,3.190404e-04,100.00,13.836
899,1.978088e+00,2.577724e+00,3.178601e-04,15.00,16.161
900,2.521564e+00,,3.166782e-04,100.00,13.834
901,2.071964e+00,,3.154947e-04,100.00,13.840
902,2.237305e+00,,3.143096e-04,100.00,13.831
903,2.068563e+00,,3.131229e-04,100.00,13.836
904,2.395013e+00,,3.119347e-04,100.00,13.839
905,1.846431e+00,,3.107450e-04,100.00,13.831
906,2.322190e+00,,3.095539e-04,100.00,13.833
907,2.226773e+00,,3.083613e-04,100.00,13.831
908,2.017809e+00,,3.071674e-04,100.00,13.830
909,2.319897e+00,,3.059720e-04,100.00,13.829
910,2.019877e+00,,3.047753e-04,100.00,13.830
911,1.769354e+00,,3.035773e-04,100.00,13.832
912,2.697864e+00,,3.023780e-04,100.00,13.832
913,1.806135e+00,,3.011774e-04,100.00,13.830
914,1.712975e+00,,2.999756e-04,100.00,13.828
915,2.674865e+00,,2.987726e-04,100.00,13.830
916,1.753513e+00,,2.975684e-04,100.00,13.830
917,1.774806e+00,,2.963631e-04,100.00,13.835
918,2.504901e+00,,2.951566e-04,100.00,13.826
919,1.923988e+00,1.985096e+00,2.939491e-04,17.00,16.156
920,1.930961e+00,,2.927405e-04,100.00,13.840
921,2.024036e+00,,2.915308e-04,100.00,13.838
922,2.218333e+00,,2.903202e-04,100.00,13.837
923,1.927659e+00,,2.891086e-04,100.00,13.840
924,2.190907e+00,,2.878961e-04,100.00,13.837
925,1.860206e+00,,2.866826e-04,100.00,13.839
926,2.201505e+00,,2.854683e-04,100.00,13.835
927,1.769300e+00,,2.842531e-04,100.00,13.838
928,2.090204e+00,,2.830371e-04,100.00,13.835
929,2.000490e+00,,2.818203e-04,100.00,13.836
930,1.996988e+00,,2.806027e-04,100.00,13.836
931,1.757139e+00,,2.793843e-04,100.00,13.834
932,2.339318e+00,,2.781653e-04,100.00,13.835
933,1.643638e+00,,2.769456e-04,100.00,13.842
934,2.114471e+00,,2.757253e-04,100.00,13.836
935,1.961473e+00,,2.745043e-04,100.00,13.837
936,1.729776e+00,,2.732827e-04,100.00,13.836
937,1.887356e+00,,2.720606e-04,100.00,13.837
938,2.346232e+00,,2.708379e-04,100.00,13.832
939,1.542350e+00,2.184189e+00,2.696148e-04,15.00,16.155
940,2.025768e+00,,2.683911e-04,100.00,13.836
941,1.992032e+00,,2.671671e-04,100.00,13.839
942,1.792345e+00,,2.659426e-04,100.00,13.836
943,1.921449e+00,,2.647177e-04,100.00,13.836
944,2.092168e+00,,2.634925e-04,100.00,13.835
945,1.326895e+00,,2.622669e-04,100.00,13.840
946,2.110134e+00,,2.610411e-04,100.00,13.841
947,1.992786e+00,,2.598150e-04,100.00,13.837
948,1.468455e+00,,2.585886e-04,100.00,13.835
949,2.382692e+00,,2.573620e-04,100.00,13.836
950,1.657235e+00,,2.561353e-04,100.00,13.839
951,1.482044e+00,,2.549084e-04,100.00,13.836
952,2.287954e+00,,2.536814e-04,100.00,13.836
953,1.661515e+00,,2.524543e-04,100.00,13.838
954,1.718066e+00,,2.512272e-04,100.00,13.836
955,1.954158e+00,,2.500000e-04,100.00,13.836
956,1.644711e+00,,2.487728e-04,100.00,13.830
957,1.796711e+00,,2.475457e-04,100.00,13.831
958,2.137082e+00,,2.463186e-04,100.00,13.834
959,1.587948e+00,2.235612e+00,2.450916e-04,14.00,16.158
960,2.057625e+00,,2.438647e-04,100.00,13.829
961,1.869140e+00,,2.426380e-04,100.00,13.831
962,1.701892e+00,,2.414114e-04,100.00,13.834
963,1.861963e+00,,2.401850e-04,100.00,13.840
964,1.949012e+00,,2.389589e-04,100.00,13.834
965,1.570929e+00,,2.377331e-04,100.00,13.831
966,2.033306e+00,,2.365075e-04,100.00,13.835
967,1.683763e+00,,2.352823e-04,100.00,13.839
968,1.869671e+00,,2.340574e-04,100.00,13.984
969,1.748058e+00,,2.328329e-04,100.00,13.840
970,1.754560e+00,,2.316089e-04,100.00,13.834
971,1.754253e+00,,2.303852e-04,100.00,13.835
972,1.987758e+00,,2.291621e-04,100.00,13.836
973,1.637585e+00,,2.279394e-04,100.00,13.830
974,1.876720e+00,,2.267173e-04,100.00,13.832
975,1.648432e+00,,2.254957e-04,100.00,13.834
976,1.664896e+00,,2.242747e-04,100.00,13.830
977,1.677771e+00,,2.230544e-04,100.00,13.831
978,1.847822e+00,,2.218347e-04,100.00,13.828
979,1.385943e+00,2.055252e+00,2.206157e-04,15.00,16.153
980,1.760356e+00,,2.193973e-04,100.00,13.833
981,1.912378e+00,,2.181797e-04,100.00,13.830
982,1.473229e+00,,2.169629e-04,100.00,13.830
983,1.733048e+00,,2.157469e-04,100.00,13.829
984,1.754442e+00,,2.145317e-04,100.00,13.831
985,1.444561e+00,,2.133174e-04,100.00,13.831
986,1.852468e+00,,2.121039e-04,100.00,13.827
987,1.585934e+00,,2.108914e-04,100.00,13.828
988,1.583893e+00,,2.096798e-04,100.00,13.828
989,1.573462e+00,,2.084692e-04,100.00,13.832
990,1.728222e+00,,2.072595e-04,100.00,13.833
991,1.620564e+00,,2.060509e-04,100.00,13.832
992,1.623292e+00,,2.048434e-04,100.00,13.830
993,1.385694e+00,,2.036369e-04,100.00,13.833
994,1.749375e+00,,2.024316e-04,100.00,13.831
995,1.624441e+00,,2.012274e-04,100.00,13.829
996,1.743646e+00,,2.000244e-04,100.00,13.832
997,1.438165e+00,,1.988226e-04,100.00,13.830
998,1.666592e+00,,1.976220e-04,100.00,13.831
999,1.670149e+00,1.641408e+00,1.964227e-04,13.00,16.153
1000,1.260961e+00,,1.952247e-04,100.00,99.114
1001,1.311303e+00,,1.940280e-04,100.00,13.953
1002,1.632910e+00,,1.928326e-04,100.00,13.821
1003,1.390895e+00,,1.916387e-04,100.00,13.514
1004,1.522807e+00,,1.904461e-04,100.00,13.522
1005,1.519587e+00,,1.892550e-04,100.00,13.520
1006,1.587104e+00,,1.880653e-04,100.00,13.521
1007,1.376599e+00,,1.868771e-04,100.00,13.520
1008,1.652853e+00,,1.856904e-04,100.00,13.517
1009,1.304481e+00,,1.845053e-04,100.00,13.590
1010,1.457875e+00,,1.833218e-04,100.00,13.679
1011,1.557578e+00,,1.821399e-04,100.00,13.686
1012,1.412209e+00,,1.809596e-04,100.00,13.687
1013,1.531847e+00,,1.797810e-04,100.00,13.683
1014,1.379714e+00,,1.786040e-04,100.00,13.688
1015,1.563641e+00,,1.774288e-04,100.00,13.689
1016,1.493280e+00,,1.762554e-04,100.00,13.687
1017,1.430372e+00,,1.750837e-04,100.00,13.685
1018,1.470150e+00,,1.739138e-04,100.00,13.685
1019,1.408550e+00,1.418592e+00,1.727458e-04,6.00,29.301
1020,1.479682e+00,,1.715796e-04,100.00,13.885
1021,1.347418e+00,,1.704153e-04,100.00,13.682
1022,1.481749e+00,,1.692529e-04,100.00,13.674
1023,1.381049e+00,,1.680925e-04,100.00,13.674
1024,1.499267e+00,,1.669340e-04,100.00,13.674
1025,1.379305e+00,,1.657775e-04,100.00,13.672
1026,1.442639e+00,,1.646231e-04,100.00,13.672
1027,1.403491e+00,,1.634707e-04,100.00,13.672
1028,1.436958e+00,,1.623204e-04,100.00,13.670
1029,1.379235e+00,,1.611723e-04,100.00,13.672
1030,1.435661e+00,,1.600262e-04,100.00,13.673
1031,1.412570e+00,,1.588824e-04,100.00,13.673
1032,1.305813e+00,,1.577407e-04,100.00,13.692
1033,1.341711e+00,,1.566013e-04,100.00,13.850
1034,1.460233e+00,,1.554641e-04,100.00,13.850
1035,1.270587e+00,,1.543291e-04,100.00,13.843
1036,1.446935e+00,,1.531965e-04,100.00,13.841
1037,1.258305e+00,,1.520662e-04,100.00,13.840
1038,1.382387e+00,,1.509383e-04,100.00,13.832
1039,1.336110e+00,1.286740e+00,1.498128e-04,11.00,16.173
1040,1.287155e+00,,1.486897e-04,100.00,13.811
1041,1.377778e+00,,1.475690e-04,100.00,13.669
1042,1.276328e+00,,1.464508e-04,100.00,13.670
1043,1.370649e+00,,1.453351e-04,100.00,13.670
1044,1.250228e+00,,1.442219e-04,100.00,13.663
1045,1.358709e+00,,1.431112e-04,100.00,13.666
1046,1.244754e+00,,1.420032e-04,100.00,13.675
1047,1.205508e+00,,1.408977e-04,100.00,13.670
1048,1.347139e+00,,1.397949e-04,100.00,13.668
1049,1.292965e+00,,1.386947e-04,100.00,13.671
1050,1.295291e+00,,1.375972e-04,100.00,13.670
1051,1.300408e+00,,1.365024e-04,100.00,13.673
1052,1.318418e+00,,1.354103e-04,100.00,13.669
1053,1.286678e+00,,1.343210e-04,100.00,13.670
1054,1.189899e+00,,1.332345e-04,100.00,13.674
1055,1.198964e+00,,1.321508e-04,100.00,13.675
1056,1.365000e+00,,1.310700e-04,100.00,13.673
1057,1.196360e+00,,1.299920e-04,100.00,13.675
1058,1.352778e+00,,1.289169e-04,100.00,13.673
1059,1.195730e+00,1.298948e+00,1.278447e-04,26.00,16.021
1060,1.326775e+00,,1.267755e-04,100.00,13.674
1061,1.252621e+00,,1.257092e-04,100.00,13.677
1062,1.158936e+00,,1.246459e-04,100.00,13.673
1063,1.285539e+00,,1.235857e-04,100.00,13.672
1064,1.207163e+00,,1.225284e-04,100.00,13.676
1065,1.261017e+00,,1.214743e-04,100.00,13.676
1066,1.211000e+00,,1.204233e-04,100.00,13.675
1067,1.217572e+00,,1.193754e-04,100.00,13.677
1068,1.294606e+00,,1.183306e-04,100.00,13.667
1069,1.185940e+00,,1.172890e-04,100.00,13.744
1070,1.153867e+00,,1.162506e-04,100.00,13.589
1071,1.146064e+00,,1.152154e-04,100.00,13.566
1072,1.232068e+00,,1.141835e-04,100.00,13.577
1073,1.199270e+00,,1.131548e-04,100.00,13.582
1074,1.223505e+00,,1.121295e-04,100.00,13.566
1075,1.161334e+00,,1.111074e-04,100.00,13.576
1076,1.165954e+00,,1.100888e-04,100.00,13.596
1077,1.169994e+00,,1.090734e-04,100.00,13.500
1078,1.158552e+00,,1.080615e-04,100.00,13.438
1079,1.177379e+00,1.209559e+00,1.070530e-04,82.00,15.824
1080,1.186869e+00,,1.060480e-04,100.00,13.432
1081,1.164114e+00,,1.050464e-04,100.00,13.437
1082,1.182212e+00,,1.040483e-04,100.00,13.513
1083,1.206281e+00,,1.030537e-04,100.00,13.639
1084,1.157364e+00,,1.020626e-04,100.00,13.641
1085,1.132653e+00,,1.010752e-04,100.00,13.644
1086,1.165270e+00,,1.000913e-04,100.00,13.639
1087,1.210313e+00,,9.911101e-05,100.00,13.641
1088,1.149269e+00,,9.813438e-05,100.00,13.644
1089,1.153287e+00,,9.716140e-05,100.00,13.803
1090,1.131345e+00,,9.619210e-05,100.00,13.818
1091,1.141477e+00,,9.522651e-05,100.00,13.710
1092,1.196700e+00,,9.426465e-05,100.00,13.646
1093,1.136448e+00,,9.330654e-05,100.00,13.649
1094,1.142768e+00,,9.235221e-05,100.00,13.647
1095,1.168384e+00,,9.140168e-05,100.00,13.645
1096,1.126055e+00,,9.045497e-05,100.00,13.647
1097,1.171913e+00,,8.951210e-05,100.00,13.647
1098,1.143572e+00,,8.857310e-05,100.00,13.646
1099,1.129106e+00,1.175695e+00,8.763799e-05,4.00,16.081
1100,1.157407e+00,,8.670679e-05,100.00,13.858
1101,1.137340e+00,,8.577953e-05,100.00,13.661
1102,1.132889e+00,,8.485622e-05,100.00,13.661
1103,1.132046e+00,,8.393689e-05,100.00,13.656
1104,1.138680e+00,,8.302156e-05,100.00,13.657
1105,1.126826e+00,,8.211026e-05,100.00,13.659
1106,1.115893e+00,,8.120300e-05,100.00,13.665
1107,1.131596e+00,,8.029981e-05,100.00,13.662
1108,1.132648e+00,,7.940071e-05,100.00,13.665
1109,1.131685e+00,,7.850572e-05,100.00,13.659
1110,1.125419e+00,,7.761486e-05,100.00,13.660
1111,1.122107e+00,,7.672816e-05,100.00,13.658
1112,1.116633e+00,,7.584563e-05,100.00,13.657
1113,1.118833e+00,,7.496730e-05,100.00,13.651
1114,1.118168e+00,,7.409318e-05,100.00,13.654
1115,1.127471e+00,,7.322330e-05,100.00,13.658
1116,1.116711e+00,,7.235769e-05,100.00,13.669
1117,1.121529e+00,,7.149635e-05,100.00,13.662
1118,1.118022e+00,,7.063931e-05,100.00,13.665
1119,1.116194e+00,1.098840e+00,6.978660e-05,75.00,16.096
1120,1.100319e+00,,6.893823e-05,100.00,13.674
1121,1.106227e+00,,6.809422e-05,100.00,13.666
1122,1.118047e+00,,6.725459e-05,100.00,13.669
1123,1.105393e+00,,6.641937e-05,100.00,13.789
1124,1.108443e+00,,6.558857e-05,100.00,13.665
1125,1.114386e+00,,6.476222e-05,100.00,13.835
1126,1.113502e+00,,6.394033e-05,100.00,13.849
1127,1.097437e+00,,6.312292e-05,100.00,13.689
1128,1.109021e+00,,6.231001e-05,100.00,13.669
1129,1.112855e+00,,6.150163e-05,100.00,13.670
1130,1.112592e+00,,6.069779e-05,100.00,13.665
1131,1.116541e+00,,5.989851e-05,100.00,13.667
1132,1.095580e+00,,5.910381e-05,100.00,13.675
1133,1.113426e+00,,5.831371e-05,100.00,13.675
1134,1.094415e+00,,5.752823e-05,100.00,13.676
1135,1.098865e+00,,5.674739e-05,100.00,13.674
1136,1.111186e+00,,5.597120e-05,100.00,13.675
1137,1.097221e+00,,5.519969e-05,100.00,13.674
1138,1.104609e+00,,5.443287e-05,100.00,13.675
1139,1.107561e+00,1.135307e+00,5.367077e-05,15.00,15.974
1140,1.079089e+00,,5.291339e-05,100.00,13.835
1141,1.101570e+00,,5.216077e-05,100.00,13.694
1142,1.097259e+00,,5.141291e-05,100.00,13.676
1143,1.095657e+00,,5.066984e-05,100.00,13.670
1144,1.097997e+00,,4.993157e-05,100.00,13.667
1145,1.098334e+00,,4.919812e-05,100.00,13.669
1146,1.095789e+00,,4.846951e-05,100.00,13.671
1147,1.094784e+00,,4.774575e-05,100.00,13.666
1148,1.096057e+00,,4.702687e-05,100.00,13.667
1149,1.095893e+00,,4.631288e-05,100.00,13.668
1150,1.107108e+00,,4.560380e-05,100.00,13.665
1151,1.093725e+00,,4.489964e-05,100.00,13.672
1152,1.093874e+00,,4.420042e-05,100.00,13.668
1153,1.116548e+00,,4.350617e-05,100.00,13.667
1154,1.103813e+00,,4.281689e-05,100.00,13.671
1155,1.105077e+00,,4.213260e-05,100.00,13.671
1156,1.100082e+00,,4.145332e-05,100.00,13.668
1157,1.106077e+00,,4.077906e-05,100.00,13.667
1158,1.100740e+00,,4.010985e-05,100.00,13.671
1159,1.092528e+00,1.140509e+00,3.944569e-05,13.00,15.972
1160,1.082292e+00,,3.878661e-05,100.00,13.669
1161,1.085652e+00,,3.813262e-05,100.00,13.664
1162,1.085000e+00,,3.748373e-05,100.00,13.669
1163,1.078210e+00,,3.683996e-05,100.00,13.671
1164,1.077580e+00,,3.620133e-05,100.00,13.666
1165,1.091335e+00,,3.556785e-05,100.00,13.664
1166,1.087947e+00,,3.493953e-05,100.00,13.671
1167,1.100203e+00,,3.431640e-05,100.00,13.664
1168,1.100941e+00,,3.369847e-05,100.00,13.669
1169,1.096657e+00,,3.308575e-05,100.00,13.671
1170,1.082092e+00,,3.247825e-05,100.00,13.665
1171,1.096253e+00,,3.187600e-05,100.00,13.665
1172,1.084068e+00,,3.127900e-05,100.00,13.669
1173,1.094059e+00,,3.068727e-05,100.00,13.666
1174,1.088945e+00,,3.010083e-05,100.00,13.666
1175,1.087953e+00,,2.951968e-05,100.00,13.668
1176,1.077009e+00,,2.894385e-05,100.00,13.668
1177,1.088218e+00,,2.837335e-05,100.00,13.669
1178,1.070705e+00,,2.780818e-05,100.00,13.667
1179,1.083403e+00,1.092420e+00,2.724837e-05,24.00,16.114
1180,1.087844e+00,,2.669392e-05,100.00,13.850
1181,1.087779e+00,,2.614486e-05,100.00,13.656
1182,1.076464e+00,,2.560119e-05,100.00,13.655
1183,1.095924e+00,,2.506293e-05,100.00,13.657
1184,1.086221e+00,,2.453009e-05,100.00,13.658
1185,1.082600e+00,,2.400268e-05,100.00,13.658
1186,1.087413e+00,,2.348071e-05,100.00,13.657
1187,1.075572e+00,,2.296421e-05,100.00,13.656
1188,1.075406e+00,,2.245317e-05,100.00,13.660
1189,1.094333e+00,,2.194762e-05,100.00,13.656
1190,1.072779e+00,,2.144756e-05,100.00,13.659
1191,1.076910e+00,,2.095301e-05,100.00,13.653
1192,1.071457e+00,,2.046398e-05,100.00,13.656
1193,1.074549e+00,,1.998048e-05,100.00,13.658
1194,1.078060e+00,,1.950252e-05,100.00,13.661
1195,1.070355e+00,,1.903012e-05,100.00,13.656
1196,1.088332e+00,,1.856328e-05,100.00,13.658
1197,1.085166e+00,,1.810202e-05,100.00,13.658
1198,1.081864e+00,,1.764634e-05,100.00,13.657
1199,1.095394e+00,1.062024e+00,1.719627e-05,85.00,16.086
1200,1.089293e+00,,1.675180e-05,100.00,13.656
1201,1.075468e+00,,1.631295e-05,100.00,13.660
1202,1.101145e+00,,1.587974e-05,100.00,13.654
1203,1.090758e+00,,1.545217e-05,100.00,13.659
1204,1.058446e+00,,1.503024e-05,100.00,13.656
1205,1.086532e+00,,1.461398e-05,100.00,13.655
1206,1.073408e+00,,1.420340e-05,100.00,13.658
1207,1.103176e+00,,1.379849e-05,100.00,13.659
1208,1.087443e+00,,1.339927e-05,100.00,13.655
1209,1.074488e+00,,1.300576e-05,100.00,13.656
1210,1.086756e+00,,1.261795e-05,100.00,13.656
1211,1.072053e+00,,1.223587e-05,100.00,13.653
1212,1.071438e+00,,1.185952e-05,100.00,13.658
1213,1.083764e+00,,1.148890e-05,100.00,13.656
1214,1.082127e+00,,1.112403e-05,100.00,13.656
1215,1.073253e+00,,1.076492e-05,100.00,13.657
1216,1.074941e+00,,1.041157e-05,100.00,13.658
1217,1.079750e+00,,1.006399e-05,100.00,13.656
1218,1.087366e+00,,9.722196e-06,100.00,13.657
1219,1.080426e+00,1.134146e+00,9.386191e-06,10.00,15.954
1220,1.084717e+00,,9.055984e-06,100.00,13.651
1221,1.076120e+00,,8.731582e-06,100.00,13.653
1222,1.072690e+00,,8.412994e-06,100.00,13.649
1223,1.101474e+00,,8.100227e-06,100.00,13.649
1224,1.089734e+00,,7.793289e-06,100.00,13.652
1225,1.072222e+00,,7.492187e-06,100.00,13.651
1226,1.078976e+00,,7.196928e-06,100.00,13.652
1227,1.066196e+00,,6.907520e-06,100.00,13.652
1228,1.085151e+00,,6.623969e-06,100.00,13.651
1229,1.093959e+00,,6.346283e-06,100.00,13.775
1230,1.083143e+00,,6.074467e-06,100.00,13.658
1231,1.096371e+00,,5.808530e-06,100.00,13.653
1232,1.068533e+00,,5.548476e-06,100.00,13.653
1233,1.086909e+00,,5.294312e-06,100.00,13.657
1234,1.080872e+00,,5.046045e-06,100.00,13.656
1235,1.081198e+00,,4.803680e-06,100.00,13.652
1236,1.078346e+00,,4.567223e-06,100.00,13.657
1237,1.065448e+00,,4.336680e-06,100.00,13.653
1238,1.082107e+00,,4.112057e-06,100.00,13.657
1239,1.083837e+00,1.109008e+00,3.893358e-06,15.00,15.951
1240,1.065002e+00,,3.680589e-06,100.00,13.654
1241,1.061941e+00,,3.473756e-06,100.00,13.654
1242,1.079872e+00,,3.272863e-06,100.00,13.656
1243,1.076040e+00,,3.077915e-06,100.00,13.651
1244,1.080211e+00,,2.888917e-06,100.00,13.655
1245,1.082251e+00,,2.705873e-06,100.00,13.657
1246,1.076917e+00,,2.528787e-06,100.00,13.661
1247,1.084307e+00,,2.357665e-06,100.00,13.663
1248,1.069378e+00,,2.192510e-06,100.00,13.663
1249,1.075109e+00,,2.033326e-06,100.00,13.664
1250,1.082333e+00,,1.880116e-06,100.00,13.664
1251,1.075860e+00,,1.732886e-06,100.00,13.665
1252,1.083347e+00,,1.591637e-06,100.00,13.662
1253,1.080456e+00,,1.456374e-06,100.00,13.666
1254,1.082839e+00,,1.327100e-06,100.00,13.661
1255,1.085225e+00,,1.203818e-06,100.00,13.663
1256,1.084397e+00,,1.086531e-06,100.00,13.665
1257,1.072328e+00,,9.752417e-07,100.00,13.664
1258,1.076491e+00,,8.699526e-07,100.00,13.665
1259,1.069949e+00,1.086655e+00,7.706666e-07,14.00,15.965
1260,1.089643e+00,,6.773858e-07,100.00,13.663
1261,1.081099e+00,,5.901127e-07,100.00,13.661
1262,1.063670e+00,,5.088492e-07,100.00,13.665
1263,1.078118e+00,,4.335975e-07,100.00,13.662
1264,1.082735e+00,,3.643591e-07,100.00,13.664
1265,1.079661e+00,,3.011359e-07,100.00,13.666
1266,1.074889e+00,,2.439294e-07,100.00,13.663
1267,1.084210e+00,,1.927409e-07,100.00,13.665
1268,1.085659e+00,,1.475717e-07,100.00,13.670
1269,1.086135e+00,,1.084229e-07,100.00,13.662
1270,1.073761e+00,,7.529533e-08,100.00,13.662
1271,1.072861e+00,,4.818988e-08,100.00,13.666
1272,1.072034e+00,,2.710719e-08,100.00,13.662
1273,1.085976e+00,,1.204776e-08,100.00,13.659
1274,1.095501e+00,,3.011958e-09,100.00,13.664
1275,1.199175e+00,,5.000000e-04,100.00,13.662
1276,4.942175e+00,,4.999992e-04,100.00,13.661
1277,5.286571e+00,,4.999970e-04,100.00,13.665
1278,4.458404e+00,,4.999932e-04,100.00,13.662
1279,4.842557e+00,4.923752e+00,4.999880e-04,16.00,15.960
1280,5.465419e+00,,4.999812e-04,100.00,13.663
1281,4.356326e+00,,4.999729e-04,100.00,13.664
1282,4.890118e+00,,4.999631e-04,100.00,13.663
1283,5.363982e+00,,4.999518e-04,100.00,13.660
1284,4.087109e+00,,4.999390e-04,100.00,13.662
1285,4.743908e+00,,4.999247e-04,100.00,13.667
1286,6.107839e+00,,4.999089e-04,100.00,13.662
1287,6.017876e+00,,4.998916e-04,100.00,13.662
1288,7.536679e+00,,4.998728e-04,100.00,13.664
1289,8.286381e+00,,4.998524e-04,100.00,13.663
1290,6.387847e+00,,4.998306e-04,100.00,13.663
1291,6.617697e+00,,4.998073e-04,100.00,13.660
1292,7.111346e+00,,4.997824e-04,100.00,13.662
1293,6.947805e+00,,4.997561e-04,100.00,13.666
1294,7.006262e+00,,4.997282e-04,100.00,13.666
1295,6.702862e+00,,4.996989e-04,100.00,13.662
1296,6.433738e+00,,4.996680e-04,100.00,13.662
1297,6.421564e+00,,4.996356e-04,100.00,13.664
1298,5.775249e+00,,4.996018e-04,100.00,13.663
1299,5.997915e+00,9.275201e+00,4.995664e-04,15.00,15.963
1300,6.065001e+00,,4.995295e-04,100.00,13.664
1301,5.309893e+00,,4.994912e-04,100.00,13.666
1302,6.131307e+00,,4.994513e-04,100.00,13.665
1303,5.861666e+00,,4.994099e-04,100.00,13.667
1304,5.895758e+00,,4.993670e-04,100.00,13.664
1305,5.933323e+00,,4.993226e-04,100.00,13.662
1306,5.589366e+00,,4.992767e-04,100.00,13.666
1307,5.799857e+00,,4.992293e-04,100.00,13.665
1308,5.418291e+00,,4.991804e-04,100.00,13.663
1309,5.774000e+00,,4.991300e-04,100.00,13.663
1310,5.100670e+00,,4.990782e-04,100.00,13.664
1311,5.381501e+00,,4.990248e-04,100.00,13.667
1312,5.349917e+00,,4.989699e-04,100.00,13.669
1313,5.271697e+00,,4.989135e-04,100.00,13.661
1314,5.671730e+00,,4.988556e-04,100.00,13.665
1315,6.796678e+00,,4.987962e-04,100.00,13.667
1316,6.029998e+00,,4.987353e-04,100.00,13.664
1317,7.046641e+00,,4.986729e-04,100.00,13.665
1318,7.431096e+00,,4.986090e-04,100.00,13.663
1319,6.640717e+00,6.742409e+00,4.985436e-04,45.00,15.960
1320,5.290925e+00,,4.984767e-04,100.00,13.665
1321,3.589182e+00,,4.984084e-04,100.00,13.668
1322,5.533683e+00,,4.983385e-04,100.00,13.666
1323,4.554765e+00,,4.982671e-04,100.00,13.788
1324,5.030413e+00,,4.981942e-04,100.00,13.668
1325,4.949047e+00,,4.981199e-04,100.00,13.665
1326,6.090352e+00,,4.980440e-04,100.00,13.664
1327,5.358122e+00,,4.979667e-04,100.00,13.670
1328,7.751096e+00,,4.978878e-04,100.00,13.667
1329,4.447767e+00,,4.978075e-04,100.00,13.670
1330,5.002274e+00,,4.977257e-04,100.00,13.671
1331,5.926265e+00,,4.976423e-04,100.00,13.669
1332,5.171227e+00,,4.975575e-04,100.00,13.673
1333,5.077078e+00,,4.974712e-04,100.00,13.669
1334,4.552465e+00,,4.973834e-04,100.00,13.667
1335,5.157070e+00,,4.972941e-04,100.00,13.671
1336,6.161087e+00,,4.972034e-04,100.00,13.668
1337,3.869208e+00,,4.971111e-04,100.00,13.668
1338,6.007431e+00,,4.970173e-04,100.00,13.670
1339,4.251932e+00,6.389187e+00,4.969221e-04,17.00,15.963
1340,6.002294e+00,,4.968254e-04,100.00,13.671
1341,3.326535e+00,,4.967271e-04,100.00,13.669
1342,6.316438e+00,,4.966274e-04,100.00,13.668
1343,4.316877e+00,,4.965262e-04,100.00,13.671
1344,4.602073e+00,,4.964236e-04,100.00,13.668
1345,5.624249e+00,,4.963194e-04,100.00,13.671
1346,4.250248e+00,,4.962138e-04,100.00,13.669
1347,4.831434e+00,,4.961066e-04,100.00,13.668
1348,5.936553e+00,,4.959980e-04,100.00,13.669
1349,2.724196e+00,,4.958879e-04,100.00,13.670
1350,6.452868e+00,,4.957764e-04,100.00,13.668
1351,3.707855e+00,,4.956633e-04,100.00,13.669
1352,4.588101e+00,,4.955488e-04,100.00,13.668
1353,6.379113e+00,,4.954328e-04,100.00,13.667
1354,3.417034e+00,,4.953153e-04,100.00,13.668
1355,3.673627e+00,,4.951963e-04,100.00,13.665
1356,6.209563e+00,,4.950759e-04,100.00,13.663
1357,3.688247e+00,,4.949540e-04,100.00,13.662
1358,3.444511e+00,,4.948306e-04,100.00,13.666
1359,3.451496e+00,1.863998e+00,4.947057e-04,15.00,15.961
1360,3.577075e+00,,4.945793e-04,100.00,13.663
1361,4.820834e+00,,4.944515e-04,100.00,13.668
1362,4.795791e+00,,4.943222e-04,100.00,13.663
1363,4.504459e+00,,4.941915e-04,100.00,13.664
1364,4.474133e+00,,4.940592e-04,100.00,13.667
1365,4.193805e+00,,4.939255e-04,100.00,13.661
1366,3.889120e+00,,4.937904e-04,100.00,13.664
1367,4.302368e+00,,4.936537e-04,100.00,13.665
1368,4.649890e+00,,4.935156e-04,100.00,13.665
1369,4.076828e+00,,4.933760e-04,100.00,13.664
1370,4.634245e+00,,4.932350e-04,100.00,13.663
1371,4.920790e+00,,4.930925e-04,100.00,13.665
1372,3.903306e+00,,4.929485e-04,100.00,13.666
1373,3.820587e+00,,4.928031e-04,100.00,13.667
1374,4.355566e+00,,4.926562e-04,100.00,13.664
1375,4.633669e+00,,4.925078e-04,100.00,13.665
1376,4.128397e+00,,4.923580e-04,100.00,13.667
1377,4.104591e+00,,4.922067e-04,100.00,13.667
1378,4.195813e+00,,4.920540e-04,100.00,13.665
1379,4.122562e+00,4.130687e+00,4.918998e-04,15.00,15.964
1380,4.258779e+00,,4.917441e-04,100.00,13.665
1381,4.299845e+00,,4.915870e-04,100.00,13.665
1382,3.991384e+00,,4.914284e-04,100.00,13.665
1383,4.013663e+00,,4.912684e-04,100.00,13.663
1384,3.962857e+00,,4.911069e-04,100.00,13.665
1385,4.003013e+00,,4.909440e-04,100.00,13.665
1386,3.978328e+00,,4.907796e-04,100.00,13.663
1387,3.819359e+00,,4.906138e-04,100.00,13.660
1388,4.029646e+00,,4.904465e-04,100.00,13.662
1389,3.997272e+00,,4.902778e-04,100.00,13.665
1390,3.874259e+00,,4.901076e-04,100.00,13.666
1391,3.938464e+00,,4.899360e-04,100.00,13.662
1392,3.897193e+00,,4.897629e-04,100.00,13.663
1393,3.796977e+00,,4.895884e-04,100.00,13.668
1394,3.736007e+00,,4.894125e-04,100.00,13.691
1395,3.827482e+00,,4.892351e-04,100.00,13.783
1396,3.683914e+00,,4.890562e-04,100.00,13.770
1397,3.768265e+00,,4.888760e-04,100.00,13.769
1398,3.831007e+00,,4.886943e-04,100.00,13.768
1399,3.811710e+00,4.324958e+00,4.885111e-04,10.00,16.083
1400,3.606824e+00,,4.883265e-04,100.00,13.772
1401,3.767168e+00,,4.881405e-04,100.00,13.777
1402,3.831981e+00,,4.879530e-04,100.00,13.773
1403,3.715125e+00,,4.877641e-04,100.00,13.774
1404,3.657104e+00,,4.875738e-04,100.00,13.702
1405,3.362173e+00,,4.873820e-04,100.00,13.677
1406,3.549721e+00,,4.871889e-04,100.00,13.674
1407,3.475718e+00,,4.869942e-04,100.00,13.676
1408,3.626298e+00,,4.867982e-04,100.00,13.675
1409,3.625026e+00,,4.866007e-04,100.00,13.676
1410,3.519593e+00,,4.864018e-04,100.00,13.678
1411,4.254682e+00,,4.862015e-04,100.00,13.674
1412,4.089813e+00,,4.859998e-04,100.00,13.675
1413,4.268597e+00,,4.857966e-04,100.00,13.675
1414,4.582652e+00,,4.855920e-04,100.00,13.675
1415,3.986795e+00,,4.853860e-04,100.00,13.676
1416,3.797162e+00,,4.851786e-04,100.00,13.676
1417,3.759920e+00,,4.849698e-04,100.00,13.674
1418,3.925588e+00,,4.847595e-04,100.00,13.673
1419,4.408524e+00,4.962375e+00,4.845478e-04,55.00,15.977
1420,3.606096e+00,,4.843348e-04,100.00,13.681
1421,3.693305e+00,,4.841203e-04,100.00,13.677
1422,4.154502e+00,,4.839044e-04,100.00,13.675
1423,3.764928e+00,,4.836870e-04,100.00,13.675
1424,3.956106e+00,,4.834683e-04,100.00,13.674
1425,3.681590e+00,,4.832482e-04,100.00,13.678
1426,3.726907e+00,,4.830267e-04,100.00,13.674
1427,4.094484e+00,,4.828037e-04,100.00,13.674
1428,3.619844e+00,,4.825794e-04,100.00,13.807
1429,6.987358e+00,,4.823537e-04,100.00,13.679
1430,4.959840e+00,,4.821265e-04,100.00,13.678
1431,6.402989e+00,,4.818980e-04,100.00,13.679
1432,5.988306e+00,,4.816681e-04,100.00,13.678
1433,5.165623e+00,,4.814367e-04,100.00,13.678
1434,5.187596e+00,,4.812040e-04,100.00,13.679
1435,7.180312e+00,,4.809699e-04,100.00,13.678
1436,5.352707e+00,,4.807344e-04,100.00,13.678
1437,5.510914e+00,,4.804975e-04,100.00,13.674
1438,7.804030e+00,,4.802592e-04,100.00,13.677
1439,5.286078e+00,7.361235e+00,4.800195e-04,15.00,15.975
1440,5.330822e+00,,4.797785e-04,100.00,13.676
1441,5.186825e+00,,4.795360e-04,100.00,13.673
1442,4.313726e+00,,4.792922e-04,100.00,13.679
1443,4.216544e+00,,4.790470e-04,100.00,13.674
1444,7.022678e+00,,4.788004e-04,100.00,13.674
1445,4.815544e+00,,4.785524e-04,100.00,13.676
1446,5.390537e+00,,4.783031e-04,100.00,13.676
1447,5.854760e+00,,4.780524e-04,100.00,13.674
1448,4.525465e+00,,4.778003e-04,100.00,13.674
1449,4.823481e+00,,4.775468e-04,100.00,13.676
1450,5.059945e+00,,4.772920e-04,100.00,13.673
1451,8.193877e+00,,4.770358e-04,100.00,13.679
1452,5.184251e+00,,4.767782e-04,100.00,13.676
1453,5.296813e+00,,4.765193e-04,100.00,13.674
1454,6.961141e+00,,4.762590e-04,100.00,13.675
1455,5.284746e+00,,4.759973e-04,100.00,13.673
1456,6.858297e+00,,4.757343e-04,100.00,13.669
1457,5.483305e+00,,4.754699e-04,100.00,13.672
1458,3.038049e+00,,4.752042e-04,100.00,13.674
1459,4.442052e+00,6.616697e+00,4.749371e-04,14.00,15.973
1460,5.977861e+00,,4.746686e-04,100.00,13.671
1461,5.091199e+00,,4.743988e-04,100.00,13.669
1462,3.020373e+00,,4.741276e-04,100.00,13.673
1463,2.369768e+00,,4.738551e-04,100.00,13.671
1464,4.082076e+00,,4.735813e-04,100.00,13.672
1465,4.227351e+00,,4.733061e-04,100.00,13.672
1466,2.553109e+00,,4.730295e-04,100.00,13.671
1467,3.236939e+00,,4.727516e-04,100.00,13.670
1468,4.704589e+00,,4.724724e-04,100.00,13.676
1469,2.524546e+00,,4.721918e-04,100.00,13.672
1470,2.900653e+00,,4.719099e-04,100.00,13.670
1471,4.440513e+00,,4.716267e-04,100.00,13.673
1472,2.440602e+00,,4.713421e-04,100.00,13.674
1473,2.286399e+00,,4.710561e-04,100.00,13.671
1474,3.454366e+00,,4.707689e-04,100.00,13.673
1475,3.004704e+00,,4.704803e-04,100.00,13.672
1476,4.589053e+00,,4.701904e-04,100.00,13.671
1477,3.248351e+00,,4.698992e-04,100.00,13.672
1478,3.489243e+00,,4.696066e-04,100.00,13.671
1479,3.044099e+00,3.799885e+00,4.693127e-04,9.00,15.966
1480,3.557224e+00,,4.690175e-04,100.00,13.676
1481,3.008419e+00,,4.687210e-04,100.00,13.672
1482,3.519592e+00,,4.684232e-04,100.00,13.671
1483,3.360607e+00,,4.681240e-04,100.00,13.671
1484,3.230823e+00,,4.678235e-04,100.00,13.671
1485,2.934194e+00,,4.675217e-04,100.00,13.670
1486,4.185676e+00,,4.672187e-04,100.00,13.667
1487,1.926057e+00,,4.669143e-04,100.00,13.669
1488,3.605204e+00,,4.666085e-04,100.00,13.671
1489,3.425425e+00,,4.663015e-04,100.00,13.671
1490,2.427121e+00,,4.659932e-04,100.00,13.672
1491,3.554404e+00,,4.656836e-04,100.00,13.670
1492,3.183536e+00,,4.653727e-04,100.00,13.671
1493,2.422051e+00,,4.650605e-04,100.00,13.670
1494,3.833713e+00,,4.647470e-04,100.00,13.670
1495,2.121499e+00,,4.644322e-04,100.00,13.673
1496,3.627989e+00,,4.641161e-04,100.00,13.669
1497,2.389986e+00,,4.637987e-04,100.00,13.670
1498,3.324243e+00,,4.634800e-04,100.00,13.670
1499,2.463309e+00,4.164377e+00,4.631600e-04,15.00,15.970
1500,4.066582e+00,,4.628388e-04,100.00,13.672
1501,1.619260e+00,,4.625163e-04,100.00,13.672
1502,3.163320e+00,,4.621925e-04,100.00,13.669
1503,3.634334e+00,,4.618674e-04,100.00,13.670
1504,1.982022e+00,,4.615410e-04,100.00,13.669
1505,4.226922e+00,,4.612134e-04,100.00,13.669
1506,1.805951e+00,,4.608845e-04,100.00,13.669
1507,3.175052e+00,,4.605543e-04,100.00,13.673
1508,3.391826e+00,,4.602229e-04,100.00,13.670
1509,1.880809e+00,,4.598902e-04,100.00,13.670
1510,3.984991e+00,,4.595562e-04,100.00,13.672
1511,2.066163e+00,,4.592209e-04,100.00,13.670
1512,3.446811e+00,,4.588844e-04,100.00,13.672
1513,1.933129e+00,,4.585467e-04,100.00,13.668
1514,3.778146e+00,,4.582077e-04,100.00,13.670
1515,2.125633e+00,,4.578674e-04,100.00,13.670
1516,3.367553e+00,,4.575259e-04,100.00,13.672
1517,2.265267e+00,,4.571831e-04,100.00,13.667
1518,3.221976e+00,,4.568391e-04,100.00,13.670
1519,2.023084e+00,3.773510e+00,4.564938e-04,17.00,15.969
1520,3.597767e+00,,4.561473e-04,100.00,13.673
1521,1.862610e+00,,4.557996e-04,100.00,13.671
1522,3.390729e+00,,4.554506e-04,100.00,13.667
1523,2.261913e+00,,4.551004e-04,100.00,13.671
1524,2.631258e+00,,4.547489e-04,100.00,13.672
1525,3.651620e+00,,4.543962e-04,100.00,13.670
1526,2.416736e+00,,4.540423e-04,100.00,13.668
1527,3.486649e+00,,4.536871e-04,100.00,13.663
1528,3.379468e+00,,4.533307e-04,100.00,13.664
1529,2.307801e+00,,4.529731e-04,100.00,13.668
1530,3.799226e+00,,4.526143e-04,100.00,13.668
1531,1.630962e+00,,4.522542e-04,100.00,13.662
1532,3.363302e+00,,4.518930e-04,100.00,13.666
1533,2.944911e+00,,4.515305e-04,100.00,13.665
1534,2.747800e+00,,4.511668e-04,100.00,13.665
1535,3.383658e+00,,4.508019e-04,100.00,13.666
1536,3.057651e+00,,4.504358e-04,100.00,13.664
1537,2.546418e+00,,4.500684e-04,100.00,13.663
1538,3.146631e+00,,4.496999e-04,100.00,13.663
1539,2.332466e+00,3.619737e+00,4.493302e-04,17.00,15.966
1540,3.485097e+00,,4.489592e-04,100.00,13.672
1541,2.587063e+00,,4.485871e-04,100.00,13.668
1542,2.897067e+00,,4.482138e-04,100.00,13.669
1543,2.599236e+00,,4.478392e-04,100.00,13.664
1544,2.988787e+00,,4.474635e-04,100.00,13.667
1545,2.693969e+00,,4.470866e-04,100.00,13.669
1546,2.899362e+00,,4.467085e-04,100.00,13.669
1547,2.220080e+00,,4.463292e-04,100.00,13.672
1548,3.584957e+00,,4.459488e-04,100.00,13.671
1549,1.902741e+00,,4.455671e-04,100.00,13.671
1550,3.281888e+00,,4.451843e-04,100.00,13.672
1551,2.684642e+00,,4.448003e-04,100.00,13.671
1552,2.613613e+00,,4.444151e-04,100.00,13.671
1553,3.007163e+00,,4.440288e-04,100.00,13.670
1554,2.400350e+00,,4.436413e-04,100.00,13.671
1555,3.185376e+00,,4.432526e-04,100.00,13.669
1556,2.434971e+00,,4.428628e-04,100.00,13.669
1557,2.386575e+00,,4.424718e-04,100.00,13.667
1558,3.232659e+00,,4.420796e-04,100.00,13.665
1559,1.882234e+00,3.377654e+00,4.416863e-04,15.00,15.966
1560,3.278940e+00,,4.412918e-04,100.00,13.666
1561,2.104221e+00,,4.408962e-04,100.00,13.670
1562,2.771898e+00,,4.404994e-04,100.00,13.673
1563,2.444374e+00,,4.401015e-04,100.00,13.670
1564,2.932237e+00,,4.397024e-04,100.00,13.671
1565,2.749810e+00,,4.393022e-04,100.00,13.669
1566,2.186642e+00,,4.389009e-04,100.00,13.671
1567,3.245977e+00,,4.384984e-04,100.00,13.673
1568,1.541727e+00,,4.380947e-04,100.00,13.669
1569,3.241343e+00,,4.376900e-04,100.00,13.668
1570,1.948702e+00,,4.372841e-04,100.00,13.667
1571,2.910730e+00,,4.368771e-04,100.00,13.670
1572,2.399866e+00,,4.364689e-04,100.00,13.667
1573,2.157827e+00,,4.360597e-04,100.00,13.668
1574,2.765620e+00,,4.356493e-04,100.00,13.669
1575,1.924467e+00,,4.352378e-04,100.00,13.669
1576,3.599637e+00,,4.348252e-04,100.00,13.667
1577,1.398842e+00,,4.344114e-04,100.00,13.670
1578,2.379798e+00,,4.339966e-04,100.00,13.665
1579,4.555932e+00,2.016535e+00,4.335806e-04,17.00,15.965
1580,2.937073e+00,,4.331636e-04,100.00,13.673
1581,3.228083e+00,,4.327454e-04,100.00,13.668
1582,2.794862e+00,,4.323261e-04,100.00,13.673
1583,2.457294e+00,,4.319058e-04,100.00,13.668
1584,2.258645e+00,,4.314843e-04,100.00,13.669
1585,2.322545e+00,,4.310618e-04,100.00,13.667
1586,2.476839e+00,,4.306381e-04,100.00,13.669
1587,2.726562e+00,,4.302134e-04,100.00,13.669
1588,2.757851e+00,,4.297876e-04,100.00,13.673
1589,2.255819e+00,,4.293607e-04,100.00,13.670
1590,2.109168e+00,,4.289327e-04,100.00,13.670
1591,2.760467e+00,,4.285036e-04,100.00,13.669
1592,2.537586e+00,,4.280735e-04,100.00,13.670
1593,2.624174e+00,,4.276423e-04,100.00,13.674
1594,2.748518e+00,,4.272100e-04,100.00,13.675
1595,2.867529e+00,,4.267767e-04,100.00,13.673
1596,2.054525e+00,,4.263423e-04,100.00,13.674
1597,2.143112e+00,,4.259068e-04,100.00,13.673
1598,2.927940e+00,,4.254703e-04,100.00,13.674
1599,2.336469e+00,2.167213e+00,4.250327e-04,17.00,15.976
1600,2.037514e+00,,4.245941e-04,100.00,13.674
1601,2.934478e+00,,4.241544e-04,100.00,13.673
1602,2.039675e+00,,4.237136e-04,100.00,13.677
1603,2.751319e+00,,4.232718e-04,100.00,13.682
1604,2.336050e+00,,4.228290e-04,100.00,13.673
1605,2.178573e+00,,4.223851e-04,100.00,13.674
1606,2.350397e+00,,4.219402e-04,100.00,13.674
1607,2.664668e+00,,4.214943e-04,100.00,13.675
1608,1.964077e+00,,4.210473e-04,100.00,13.675
1609,2.696318e+00,,4.205993e-04,100.00,13.673
1610,2.085930e+00,,4.201502e-04,100.00,13.676
1611,2.289218e+00,,4.197002e-04,100.00,13.672
1612,2.835782e+00,,4.192491e-04,100.00,13.676
1613,2.121437e+00,,4.187970e-04,100.00,13.675
1614,2.179610e+00,,4.183439e-04,100.00,13.670
1615,2.814144e+00,,4.178897e-04,100.00,13.675
1616,1.404273e+00,,4.174346e-04,100.00,13.667
1617,2.619429e+00,,4.169784e-04,100.00,13.666
1618,2.617710e+00,,4.165213e-04,100.00,13.666
1619,1.864445e+00,2.852684e+00,4.160631e-04,15.00,15.963
1620,2.680573e+00,,4.156039e-04,100.00,13.660
1621,2.346034e+00,,4.151438e-04,100.00,13.657
1622,1.713417e+00,,4.146826e-04,100.00,13.659
1623,3.206758e+00,,4.142205e-04,100.00,13.661
1624,1.300919e+00,,4.137573e-04,100.00,13.660
1625,2.694445e+00,,4.132932e-04,100.00,13.661
1626,2.788757e+00,,4.128281e-04,100.00,13.660
1627,1.714673e+00,,4.123620e-04,100.00,13.661
1628,2.724553e+00,,4.118949e-04,100.00,13.662
1629,2.993532e+00,,4.114269e-04,100.00,13.663
1630,1.247959e+00,,4.109579e-04,100.00,13.660
1631,2.026041e+00,,4.104879e-04,100.00,13.661
1632,3.361186e+00,,4.100169e-04,100.00,13.661
1633,2.010729e+00,,4.095450e-04,100.00,13.661
1634,2.134029e+00,,4.090722e-04,100.00,13.661
1635,2.159765e+00,,4.085983e-04,100.00,13.660
1636,1.982186e+00,,4.081235e-04,100.00,13.662
1637,1.907938e+00,,4.076478e-04,100.00,13.660
1638,1.982231e+00,,4.071711e-04,100.00,13.661
1639,1.918231e+00,1.796244e+00,4.066935e-04,15.00,15.964
1640,1.932505e+00,,4.062149e-04,100.00,13.663
1641,1.960993e+00,,4.057353e-04,100.00,13.660
1642,1.912084e+00,,4.052549e-04,100.00,13.659
1643,1.747618e+00,,4.047735e-04,100.00,13.658
1644,1.875743e+00,,4.042912e-04,100.00,13.657
1645,2.128591e+00,,4.038079e-04,100.00,13.661
1646,2.262186e+00,,4.033237e-04,100.00,13.659
1647,2.279581e+00,,4.028386e-04,100.00,13.658
1648,1.955751e+00,,4.023526e-04,100.00,13.655
1649,1.986061e+00,,4.018656e-04,100.00,13.661
1650,2.007854e+00,,4.013778e-04,100.00,13.658
1651,2.471926e+00,,4.008890e-04,100.00,13.660
1652,2.492124e+00,,4.003993e-04,100.00,13.660
1653,2.314553e+00,,3.999087e-04,100.00,13.659
1654,2.221628e+00,,3.994172e-04,100.00,13.658
1655,2.393257e+00,,3.989248e-04,100.00,13.660
1656,2.052392e+00,,3.984315e-04,100.00,13.660
1657,1.902220e+00,,3.979374e-04,100.00,13.656
1658,1.448908e+00,,3.974423e-04,100.00,13.661
1659,2.647296e+00,2.520615e+00,3.969463e-04,17.00,15.955
1660,2.257938e+00,,3.964495e-04,100.00,13.661
1661,2.477741e+00,,3.959517e-04,100.00,13.662
1662,2.746230e+00,,3.954531e-04,100.00,13.660
1663,2.069538e+00,,3.949536e-04,100.00,13.660
1664,1.879536e+00,,3.944533e-04,100.00,13.661
1665,2.852684e+00,,3.939520e-04,100.00,13.656
1666,2.434425e+00,,3.934500e-04,100.00,13.665
1667,2.000503e+00,,3.929470e-04,100.00,13.661
1668,2.903259e+00,,3.924432e-04,100.00,13.663
1669,1.858441e+00,,3.919385e-04,100.00,13.662
1670,2.274678e+00,,3.914330e-04,100.00,13.686
1671,2.794025e+00,,3.909266e-04,100.00,13.699
1672,1.716857e+00,,3.904193e-04,100.00,13.647
1673,2.677484e+00,,3.899112e-04,100.00,13.649
1674,2.315007e+00,,3.894023e-04,100.00,13.648
1675,1.919803e+00,,3.888926e-04,100.00,13.650
1676,2.704623e+00,,3.883820e-04,100.00,13.648
1677,2.368976e+00,,3.878705e-04,100.00,13.650
1678,1.675380e+00,,3.873583e-04,100.00,13.647
1679,3.064188e+00,1.572429e+00,3.868452e-04,15.00,15.947
1680,1.469300e+00,,3.863312e-04,100.00,13.655
1681,2.341526e+00,,3.858165e-04,100.00,13.656
1682,2.588277e+00,,3.853010e-04,100.00,13.650
1683,1.573214e+00,,3.847846e-04,100.00,13.651
1684,2.572195e+00,,3.842674e-04,100.00,13.657
1685,2.158024e+00,,3.837494e-04,100.00,13.655
1686,2.108037e+00,,3.832306e-04,100.00,13.655
1687,2.308361e+00,,3.827110e-04,100.00,13.653
1688,2.335971e+00,,3.821906e-04,100.00,13.654
1689,2.218963e+00,,3.816694e-04,100.00,13.656
1690,2.060734e+00,,3.811474e-04,100.00,13.656
1691,2.690030e+00,,3.806246e-04,100.00,13.651
1692,1.586271e+00,,3.801011e-04,100.00,13.655
1693,2.700550e+00,,3.795767e-04,100.00,13.655
1694,1.809229e+00,,3.790516e-04,100.00,13.654
1695,2.401373e+00,,3.785257e-04,100.00,13.655
1696,2.195692e+00,,3.779990e-04,100.00,13.651
1697,2.308962e+00,,3.774716e-04,100.00,13.654
1698,1.832438e+00,,3.769433e-04,100.00,13.655
1699,2.681122e+00,1.991193e+00,3.764143e-04,49.00,15.949
1700,1.913352e+00,,3.758846e-04,100.00,13.652
1701,2.429331e+00,,3.753541e-04,100.00,13.656
1702,2.031559e+00,,3.748228e-04,100.00,13.655
1703,2.159492e+00,,3.742908e-04,100.00,13.655
1704,2.409049e+00,,3.737581e-04,100.00,13.654
1705,2.200533e+00,,3.732245e-04,100.00,13.652
1706,1.723285e+00,,3.726903e-04,100.00,13.653
1707,2.629433e+00,,3.721553e-04,100.00,13.656
1708,1.482080e+00,,3.716196e-04,100.00,13.655
1709,2.481519e+00,,3.710831e-04,100.00,13.655
1710,2.419589e+00,,3.705459e-04,100.00,13.657
1711,1.500002e+00,,3.700080e-04,100.00,13.647
1712,2.472705e+00,,3.694694e-04,100.00,13.653
1713,2.032608e+00,,3.689300e-04,100.00,13.648
1714,2.106039e+00,,3.683900e-04,100.00,13.648
1715,2.267208e+00,,3.678492e-04,100.00,13.649
1716,1.870157e+00,,3.673077e-04,100.00,13.653
1717,2.001037e+00,,3.667655e-04,100.00,13.649
1718,2.578012e+00,,3.662226e-04,100.00,13.648
1719,1.444409e+00,2.932100e+00,3.656790e-04,11.00,15.945
1720,2.684659e+00,,3.651347e-04,100.00,13.654
1721,2.233257e+00,,3.645897e-04,100.00,13.651
1722,1.371983e+00,,3.640440e-04,100.00,13.651
1723,2.716002e+00,,3.634976e-04,100.00,13.652
1724,1.928849e+00,,3.629506e-04,100.00,13.654
1725,1.669427e+00,,3.624028e-04,100.00,13.652
1726,2.732956e+00,,3.618544e-04,100.00,13.651
1727,1.335158e+00,,3.613053e-04,100.00,13.653
1728,2.384446e+00,,3.607556e-04,100.00,13.653
1729,1.924184e+00,,3.602051e-04,100.00,13.653
1730,2.242545e+00,,3.596541e-04,100.00,13.653
1731,1.939184e+00,,3.591023e-04,100.00,13.652
1732,1.902597e+00,,3.585499e-04,100.00,13.653
1733,2.488868e+00,,3.579968e-04,100.00,13.654
1734,1.563350e+00,,3.574431e-04,100.00,13.654
1735,2.664177e+00,,3.568888e-04,100.00,13.649
1736,1.607145e+00,,3.563338e-04,100.00,13.652
1737,2.047136e+00,,3.557781e-04,100.00,13.655
1738,2.578442e+00,,3.552218e-04,100.00,13.654
1739,1.394702e+00,2.506959e+00,3.546649e-04,15.00,15.948
1740,2.409543e+00,,3.541074e-04,100.00,13.768
1741,2.062386e+00,,3.535492e-04,100.00,13.656
1742,1.590239e+00,,3.529904e-04,100.00,13.656
1743,2.617440e+00,,3.524310e-04,100.00,13.651
1744,1.694251e+00,,3.518710e-04,100.00,13.649
1745,2.271802e+00,,3.513103e-04,100.00,13.673
1746,1.784809e+00,,3.507491e-04,100.00,13.788
1747,2.139019e+00,,3.501872e-04,100.00,13.777
1748,1.915309e+00,,3.496247e-04,100.00,13.778
1749,2.049888e+00,,3.490617e-04,100.00,13.778
1750,1.850578e+00,,3.484980e-04,100.00,13.726
1751,2.375468e+00,,3.479338e-04,100.00,13.659
1752,1.472818e+00,,3.473689e-04,100.00,13.652
1753,2.473826e+00,,3.468035e-04,100.00,13.649
1754,1.503603e+00,,3.462375e-04,100.00,13.649
1755,2.204015e+00,,3.456709e-04,100.00,13.651
1756,2.018523e+00,,3.451037e-04,100.00,13.648
1757,1.523726e+00,,3.445359e-04,100.00,13.652
1758,2.592777e+00,,3.439676e-04,100.00,13.651
1759,1.602111e+00,2.253224e+00,3.433987e-04,15.00,15.947
1760,1.931473e+00,,3.428293e-04,100.00,13.655
1761,2.177509e+00,,3.422593e-04,100.00,13.652
1762,1.655362e+00,,3.416887e-04,100.00,13.650
1763,2.236000e+00,,3.411176e-04,100.00,13.661
1764,1.993057e+00,,3.405460e-04,100.00,13.659
1765,1.605573e+00,,3.399738e-04,100.00,13.658
1766,2.272784e+00,,3.394010e-04,100.00,13.656
1767,1.884800e+00,,3.388277e-04,100.00,13.658
1768,1.624511e+00,,3.382539e-04,100.00,13.661
1769,2.446111e+00,,3.376796e-04,100.00,13.658
1770,1.517855e+00,,3.371047e-04,100.00,13.658
1771,2.012017e+00,,3.365293e-04,100.00,13.658
1772,2.034125e+00,,3.359533e-04,100.00,13.657
1773,1.582685e+00,,3.353769e-04,100.00,13.657
1774,2.079505e+00,,3.347999e-04,100.00,13.660
1775,2.325646e+00,,3.342225e-04,100.00,13.658
1776,1.054436e+00,,3.336445e-04,100.00,13.659
1777,1.756980e+00,,3.330660e-04,100.00,13.658
1778,2.736127e+00,,3.324870e-04,100.00,13.655
1779,1.535444e+00,1.444630e+00,3.319075e-04,14.00,15.950
1780,2.019951e+00,,3.313276e-04,100.00,13.670
1781,2.154675e+00,,3.307471e-04,100.00,13.664
1782,1.844009e+00,,3.301662e-04,100.00,13.650
1783,1.777869e+00,,3.295847e-04,100.00,13.654
1784,1.917317e+00,,3.290028e-04,100.00,13.654
1785,1.852254e+00,,3.284204e-04,100.00,13.653
1786,2.000936e+00,,3.278376e-04,100.00,13.661
1787,2.000166e+00,,3.272542e-04,100.00,13.654
1788,2.050737e+00,,3.266705e-04,100.00,13.656
1789,1.669604e+00,,3.260862e-04,100.00,13.657
1790,2.102664e+00,,3.255015e-04,100.00,13.656
1791,1.755069e+00,,3.249163e-04,100.00,13.657
1792,1.810172e+00,,3.243307e-04,100.00,13.657
1793,2.125540e+00,,3.237446e-04,100.00,13.657
1794,1.698062e+00,,3.231581e-04,100.00,13.657
1795,1.862214e+00,,3.225712e-04,100.00,13.657
1796,1.859357e+00,,3.219838e-04,100.00,13.656
1797,1.974999e+00,,3.213960e-04,100.00,13.659
1798,1.819920e+00,,3.208077e-04,100.00,13.656
1799,2.014461e+00,1.765115e+00,3.202190e-04,40.00,15.953
1800,1.582589e+00,,3.196299e-04,100.00,13.651
1801,2.080050e+00,,3.190404e-04,100.00,13.652
1802,1.819294e+00,,3.184505e-04,100.00,13.650
1803,1.862459e+00,,3.178601e-04,100.00,13.652
1804,1.755568e+00,,3.172694e-04,100.00,13.650
1805,1.800747e+00,,3.166782e-04,100.00,13.649
1806,1.884576e+00,,3.160866e-04,100.00,13.647
1807,1.700708e+00,,3.154947e-04,100.00,13.644
1808,1.887020e+00,,3.149023e-04,100.00,13.645
1809,1.709365e+00,,3.143096e-04,100.00,13.646
1810,1.552660e+00,,3.137164e-04,100.00,13.644
1811,2.058539e+00,,3.131229e-04,100.00,13.645
1812,1.662602e+00,,3.125290e-04,100.00,13.647
1813,1.830846e+00,,3.119347e-04,100.00,13.642
1814,1.598464e+00,,3.113401e-04,100.00,13.643
1815,1.819558e+00,,3.107450e-04,100.00,13.646
1816,1.700848e+00,,3.101497e-04,100.00,13.645
1817,1.554572e+00,,3.095539e-04,100.00,13.642
1818,1.887866e+00,,3.089578e-04,100.00,13.644
1819,1.616015e+00,1.847920e+00,3.083613e-04,15.00,15.933
1820,1.775840e+00,,3.077645e-04,100.00,13.644
1821,1.809040e+00,,3.071674e-04,100.00,13.645
1822,1.582125e+00,,3.065699e-04,100.00,13.644
1823,1.800720e+00,,3.059720e-04,100.00,13.645
1824,1.657578e+00,,3.053738e-04,100.00,13.644
1825,1.555921e+00,,3.047753e-04,100.00,13.642
1826,1.853156e+00,,3.041765e-04,100.00,13.643
1827,1.576709e+00,,3.035773e-04,100.00,13.643
1828,1.841854e+00,,3.029778e-04,100.00,13.645
1829,1.492116e+00,,3.023780e-04,100.00,13.644
1830,1.814105e+00,,3.017778e-04,100.00,13.635
1831,1.479170e+00,,3.011774e-04,100.00,13.636
1832,1.887030e+00,,3.005766e-04,100.00,13.639
1833,1.279405e+00,,2.999756e-04,100.00,13.637
1834,1.960309e+00,,2.993742e-04,100.00,13.641
1835,1.604164e+00,,2.987726e-04,100.00,13.636
1836,1.440208e+00,,2.981706e-04,100.00,13.638
1837,2.012832e+00,,2.975684e-04,100.00,13.639
1838,1.390975e+00,,2.969659e-04,100.00,13.641
1839,1.690698e+00,1.755668e+00,2.963631e-04,10.00,15.929
1840,1.629990e+00,,2.957600e-04,100.00,13.641
1841,1.493548e+00,,2.951566e-04,100.00,13.643
1842,2.052872e+00,,2.945530e-04,100.00,13.643
1843,1.124723e+00,,2.939491e-04,100.00,13.674
1844,1.551561e+00,,2.933449e-04,100.00,13.777
1845,2.084668e+00,,2.927405e-04,100.00,13.777
1846,1.039518e+00,,2.921358e-04,100.00,13.770
1847,1.502712e+00,,2.915308e-04,100.00,13.773
1848,2.386266e+00,,2.909257e-04,100.00,13.768
1849,1.791125e+00,,2.903202e-04,100.00,13.769
1850,1.823663e+00,,2.897145e-04,100.00,13.773
1851,1.980446e+00,,2.891086e-04,100.00,13.772
1852,1.727105e+00,,2.885025e-04,100.00,13.766
1853,1.673812e+00,,2.878961e-04,100.00,13.774
1854,1.338085e+00,,2.872895e-04,100.00,13.769
1855,1.413555e+00,,2.866826e-04,100.00,13.774
1856,2.000695e+00,,2.860756e-04,100.00,13.771
1857,1.403781e+00,,2.854683e-04,100.00,13.767
1858,1.496504e+00,,2.848608e-04,100.00,13.773
1859,1.834588e+00,1.412115e+00,2.842531e-04,10.00,16.082
1860,1.363329e+00,,2.836452e-04,100.00,13.771
1861,1.822433e+00,,2.830371e-04,100.00,13.769
1862,1.456723e+00,,2.824288e-04,100.00,13.768
1863,1.535950e+00,,2.818203e-04,100.00,13.768
1864,1.766992e+00,,2.812116e-04,100.00,13.774
1865,1.417390e+00,,2.806027e-04,100.00,13.770
1866,1.559311e+00,,2.799936e-04,100.00,13.769
1867,1.808779e+00,,2.793843e-04,100.00,13.771
1868,1.214616e+00,,2.787749e-04,100.00,13.772
1869,1.830011e+00,,2.781653e-04,100.00,13.766
1870,1.596800e+00,,2.775556e-04,100.00,13.674
1871,1.284214e+00,,2.769456e-04,100.00,13.672
1872,1.781112e+00,,2.763355e-04,100.00,13.670
1873,1.625930e+00,,2.757253e-04,100.00,13.676
1874,1.189780e+00,,2.751148e-04,100.00,13.672
1875,1.982585e+00,,2.745043e-04,100.00,13.670
1876,1.270434e+00,,2.738936e-04,100.00,13.674
1877,1.527706e+00,,2.732827e-04,100.00,13.656
1878,1.884552e+00,,2.726717e-04,100.00,13.652
1879,1.145616e+00,1.803924e+00,2.720606e-04,14.00,15.947
1880,1.709349e+00,,2.714493e-04,100.00,13.663
1881,1.811660e+00,,2.708379e-04,100.00,13.660
1882,1.119938e+00,,2.702264e-04,100.00,13.658
1883,1.686645e+00,,2.696148e-04,100.00,13.656
1884,1.883826e+00,,2.690030e-04,100.00,13.659
1885,1.212659e+00,,2.683911e-04,100.00,13.664
1886,1.570670e+00,,2.677792e-04,100.00,13.662
1887,1.541934e+00,,2.671671e-04,100.00,13.664
1888,1.414748e+00,,2.665549e-04,100.00,13.661
1889,1.698661e+00,,2.659426e-04,100.00,13.656
1890,1.244889e+00,,2.653302e-04,100.00,13.658
1891,1.838584e+00,,2.647177e-04,100.00,13.654
1892,1.471747e+00,,2.641051e-04,100.00,13.657
1893,1.230773e+00,,2.634925e-04,100.00,13.661
1894,1.711863e+00,,2.628797e-04,100.00,13.657
1895,1.328067e+00,,2.622669e-04,100.00,13.660
1896,1.631518e+00,,2.616540e-04,100.00,13.659
1897,1.659124e+00,,2.610411e-04,100.00,13.663
1898,1.170914e+00,,2.604280e-04,100.00,13.660
1899,1.620689e+00,1.655126e+00,2.598150e-04,11.00,15.954
1900,1.582915e+00,,2.592018e-04,100.00,13.654
1901,1.261343e+00,,2.585886e-04,100.00,13.658
1902,1.645447e+00,,2.579753e-04,100.00,13.663
1903,1.544523e+00,,2.573620e-04,100.00,13.662
1904,1.238239e+00,,2.567487e-04,100.00,13.662
1905,1.761653e+00,,2.561353e-04,100.00,13.659
1906,1.316567e+00,,2.555219e-04,100.00,13.663
1907,1.562819e+00,,2.549084e-04,100.00,13.659
1908,1.619923e+00,,2.542949e-04,100.00,13.662
1909,1.381559e+00,,2.536814e-04,100.00,13.662
1910,1.458003e+00,,2.530679e-04,100.00,13.658
1911,1.531791e+00,,2.524543e-04,100.00,13.659
1912,1.413775e+00,,2.518408e-04,100.00,13.662
1913,1.501130e+00,,2.512272e-04,100.00,13.659
1914,1.389058e+00,,2.506136e-04,100.00,13.662
1915,1.545840e+00,,2.500000e-04,100.00,13.660
1916,1.189816e+00,,2.493864e-04,100.00,13.663
1917,1.717801e+00,,2.487728e-04,100.00,13.659
1918,1.325704e+00,,2.481592e-04,100.00,13.657
1919,1.407648e+00,1.535895e+00,2.475457e-04,12.00,15.954
1920,1.430732e+00,,2.469321e-04,100.00,13.660
1921,1.491729e+00,,2.463186e-04,100.00,13.660
1922,1.327987e+00,,2.457051e-04,100.00,13.659
1923,1.418132e+00,,2.450916e-04,100.00,13.663
1924,1.489609e+00,,2.444781e-04,100.00,13.663
1925,1.437423e+00,,2.438647e-04,100.00,13.669
1926,1.311753e+00,,2.432513e-04,100.00,13.666
1927,1.460590e+00,,2.426380e-04,100.00,13.664
1928,1.499074e+00,,2.420247e-04,100.00,13.665
1929,1.419664e+00,,2.414114e-04,100.00,13.667
1930,1.283920e+00,,2.407982e-04,100.00,13.663
1931,1.538893e+00,,2.401850e-04,100.00,13.662
1932,1.434979e+00,,2.395720e-04,100.00,13.664
1933,1.344396e+00,,2.389589e-04,100.00,13.665
1934,1.606025e+00,,2.383460e-04,100.00,13.667
1935,1.165143e+00,,2.377331e-04,100.00,13.660
1936,1.424687e+00,,2.371203e-04,100.00,13.663
1937,1.571861e+00,,2.365075e-04,100.00,13.663
1938,1.314024e+00,,2.358949e-04,100.00,13.664
1939,1.239363e+00,1.615712e+00,2.352823e-04,18.00,15.953
1940,1.563298e+00,,2.346698e-04,100.00,13.668
1941,1.327771e+00,,2.340574e-04,100.00,13.669
1942,1.310862e+00,,2.334451e-04,100.00,13.667
1943,1.515554e+00,,2.328329e-04,100.00,13.670
1944,1.354189e+00,,2.322208e-04,100.00,13.668
1945,1.370671e+00,,2.316089e-04,100.00,13.668
1946,1.293290e+00,,2.309970e-04,100.00,13.667
1947,1.539864e+00,,2.303852e-04,100.00,13.668
1948,1.227745e+00,,2.297736e-04,100.00,13.669
1949,1.530824e+00,,2.291621e-04,100.00,13.669
1950,1.249808e+00,,2.285507e-04,100.00,13.670
1951,1.324075e+00,,2.279394e-04,100.00,13.673
1952,1.533711e+00,,2.273283e-04,100.00,13.671
1953,1.184268e+00,,2.267173e-04,100.00,13.668
1954,1.476301e+00,,2.261064e-04,100.00,13.668
1955,1.414803e+00,,2.254957e-04,100.00,13.672
1956,1.349017e+00,,2.248852e-04,100.00,13.669
1957,1.395780e+00,,2.242747e-04,100.00,13.670
1958,1.139724e+00,,2.236645e-04,100.00,13.670
1959,1.488988e+00,1.404774e+00,2.230544e-04,17.00,15.967
1960,1.434934e+00,,2.224444e-04,100.00,13.667
1961,1.231785e+00,,2.218347e-04,100.00,13.662
1962,1.264518e+00,,2.212251e-04,100.00,13.661
1963,1.773634e+00,,2.206157e-04,100.00,13.660
1964,9.632351e-01,,2.200064e-04,100.00,13.664
1965,9.460994e-01,,2.193973e-04,100.00,13.661
1966,1.331938e+00,,2.187884e-04,100.00,13.662
1967,1.839383e+00,,2.181797e-04,100.00,13.662
1968,1.107074e+00,,2.175712e-04,100.00,13.664
1969,1.247459e+00,,2.169629e-04,100.00,13.660
1970,1.403175e+00,,2.163548e-04,100.00,13.661
1971,1.291769e+00,,2.157469e-04,100.00,13.665
1972,1.291067e+00,,2.151392e-04,100.00,13.660
1973,1.298898e+00,,2.145317e-04,100.00,13.663
1974,1.342723e+00,,2.139244e-04,100.00,13.665
1975,1.352248e+00,,2.133174e-04,100.00,13.750
1976,1.316987e+00,,2.127105e-04,100.00,13.771
1977,1.293763e+00,,2.121039e-04,100.00,13.766
1978,1.327978e+00,,2.114975e-04,100.00,13.761
1979,1.269039e+00,1.145911e+00,2.108914e-04,11.00,16.072
1980,1.308548e+00,,2.102855e-04,100.00,13.764
1981,1.285539e+00,,2.096798e-04,100.00,13.764
1982,1.208307e+00,,2.090743e-04,100.00,13.767
1983,1.318828e+00,,2.084692e-04,100.00,13.761
1984,1.282726e+00,,2.078642e-04,100.00,13.764
1985,1.225370e+00,,2.072595e-04,100.00,13.761
1986,1.366456e+00,,2.066551e-04,100.00,13.766
1987,1.269161e+00,,2.060509e-04,100.00,13.763
1988,1.201547e+00,,2.054470e-04,100.00,13.764
1989,1.330904e+00,,2.048434e-04,100.00,13.766
1990,1.246919e+00,,2.042400e-04,100.00,13.766
1991,1.239345e+00,,2.036369e-04,100.00,13.767
1992,1.360698e+00,,2.030341e-04,100.00,13.762
1993,1.269064e+00,,2.024316e-04,100.00,13.764
1994,1.236395e+00,,2.018294e-04,100.00,13.763
1995,1.298588e+00,,2.012274e-04,100.00,13.763
1996,1.319671e+00,,2.006258e-04,100.00,13.763
1997,1.213648e+00,,2.000244e-04,100.00,13.734
1998,1.235367e+00,,1.994234e-04,100.00,13.659
1999,1.298138e+00,1.283644e+00,1.988226e-04,14.00,15.956
2000,1.289672e+00,,1.982222e-04,100.00,13.660
2001,1.232053e+00,,1.976220e-04,100.00,13.659
2002,1.211021e+00,,1.970222e-04,100.00,13.661
2003,1.278958e+00,,1.964227e-04,100.00,13.659
2004,1.210644e+00,,1.958235e-04,100.00,13.658
2005,1.185606e+00,,1.952247e-04,100.00,13.661
2006,1.278066e+00,,1.946262e-04,100.00,13.659
2007,1.187638e+00,,1.940280e-04,100.00,13.663
2008,1.207418e+00,,1.934301e-04,100.00,13.662
2009,1.239749e+00,,1.928326e-04,100.00,13.658
2010,1.211565e+00,,1.922355e-04,100.00,13.662
2011,1.229635e+00,,1.916387e-04,100.00,13.659
2012,1.247634e+00,,1.910422e-04,100.00,13.661
2013,1.188530e+00,,1.904461e-04,100.00,13.661
2014,1.241380e+00,,1.898503e-04,100.00,13.663
2015,1.255074e+00,,1.892550e-04,100.00,13.660
2016,1.211812e+00,,1.886599e-04,100.00,13.661
2017,1.198866e+00,,1.880653e-04,100.00,13.659
2018,1.256152e+00,,1.874710e-04,100.00,13.658
2019,1.193754e+00,1.035318e+00,1.868771e-04,17.00,16.086
2020,1.215297e+00,,1.862836e-04,100.00,13.662
2021,1.235444e+00,,1.856904e-04,100.00,13.655
2022,1.142550e+00,,1.850977e-04,100.00,13.656
2023,1.172034e+00,,1.845053e-04,100.00,13.657
2024,1.255362e+00,,1.839134e-04,100.00,13.658
2025,1.165496e+00,,1.833218e-04,100.00,13.655
2026,1.162737e+00,,1.827306e-04,100.00,13.658
2027,1.236364e+00,,1.821399e-04,100.00,13.654
2028,1.189144e+00,,1.815495e-04,100.00,13.658
2029,1.155907e+00,,1.809596e-04,100.00,13.657
2030,1.204337e+00,,1.803701e-04,100.00,13.653
2031,1.179257e+00,,1.797810e-04,100.00,13.659
2032,1.116635e+00,,1.791923e-04,100.00,13.657
2033,1.140239e+00,,1.786040e-04,100.00,13.657
2034,1.197069e+00,,1.780162e-04,100.00,13.659
2035,1.145655e+00,,1.774288e-04,100.00,13.657
2036,1.094313e+00,,1.768419e-04,100.00,13.656
2037,1.235887e+00,,1.762554e-04,100.00,13.656
2038,1.128045e+00,,1.756693e-04,100.00,13.658
2039,1.115561e+00,1.078158e+00,1.750837e-04,9.00,15.947
2040,1.214219e+00,,1.744985e-04,100.00,13.658
2041,1.163498e+00,,1.739138e-04,100.00,13.656
2042,1.042169e+00,,1.733295e-04,100.00,13.654
2043,1.163726e+00,,1.727458e-04,100.00,13.653
2044,1.193350e+00,,1.721624e-04,100.00,13.654
2045,1.060982e+00,,1.715796e-04,100.00,13.654
2046,1.139998e+00,,1.709972e-04,100.00,13.656
2047,1.188825e+00,,1.704153e-04,100.00,13.657
2048,1.101919e+00,,1.698338e-04,100.00,13.653
2049,1.101287e+00,,1.692529e-04,100.00,13.656
2050,1.168252e+00,,1.686724e-04,100.00,13.652
2051,1.126340e+00,,1.680925e-04,100.00,13.656
2052,1.161118e+00,,1.675130e-04,100.00,13.654
2053,1.121511e+00,,1.669340e-04,100.00,13.653
2054,1.170810e+00,,1.663555e-04,100.00,13.654
2055,1.093247e+00,,1.657775e-04,100.00,13.655
2056,1.008079e+00,,1.652001e-04,100.00,13.655
2057,1.118291e+00,,1.646231e-04,100.00,13.653
2058,1.169167e+00,,1.640467e-04,100.00,13.759
2059,1.028550e+00,8.624752e-01,1.634707e-04,15.00,16.210
2060,9.764893e-01,,1.628953e-04,100.00,13.762
2061,1.073890e+00,,1.623204e-04,100.00,13.769
2062,1.173937e+00,,1.617461e-04,100.00,13.713
2063,1.068662e+00,,1.611723e-04,100.00,13.655
2064,1.020101e+00,,1.605990e-04,100.00,13.659
2065,1.011494e+00,,1.600262e-04,100.00,13.656
2066,1.030367e+00,,1.594540e-04,100.00,13.658
2067,1.046436e+00,,1.588824e-04,100.00,13.657
2068,1.019135e+00,,1.583113e-04,100.00,13.659
2069,9.660082e-01,,1.577407e-04,100.00,13.656
2070,9.749055e-01,,1.571707e-04,100.00,13.658
2071,1.042432e+00,,1.566013e-04,100.00,13.657
2072,1.072139e+00,,1.560324e-04,100.00,13.658
2073,9.493578e-01,,1.554641e-04,100.00,13.658
2074,9.104887e-01,,1.548963e-04,100.00,13.656
2075,9.303326e-01,,1.543291e-04,100.00,13.689
2076,1.031231e+00,,1.537625e-04,100.00,13.768
2077,1.092543e+00,,1.531965e-04,100.00,13.773
2078,1.038969e+00,,1.526311e-04,100.00,13.776
2079,9.847590e-01,9.749577e-01,1.520662e-04,15.00,16.077
2080,9.220646e-01,,1.515020e-04,100.00,13.772
2081,9.281880e-01,,1.509383e-04,100.00,13.764
2082,1.250847e+00,,1.503753e-04,100.00,13.764
2083,1.080771e+00,,1.498128e-04,100.00,13.766
2084,9.701541e-01,,1.492509e-04,100.00,13.766
2085,1.053265e+00,,1.486897e-04,100.00,13.767
2086,1.140943e+00,,1.481290e-04,100.00,13.766
2087,1.141529e+00,,1.475690e-04,100.00,13.765
2088,1.080743e+00,,1.470096e-04,100.00,13.767
2089,1.106395e+00,,1.464508e-04,100.00,13.766
2090,1.093067e+00,,1.458926e-04,100.00,13.681
2091,1.017127e+00,,1.453351e-04,100.00,13.649
2092,1.082972e+00,,1.447782e-04,100.00,13.650
2093,1.089640e+00,,1.442219e-04,100.00,13.651
2094,9.582184e-01,,1.436662e-04,100.00,13.653
2095,1.073060e+00,,1.431112e-04,100.00,13.650
2096,1.134051e+00,,1.425569e-04,100.00,13.650
2097,1.051942e+00,,1.420032e-04,100.00,13.652
2098,1.016724e+00,,1.414501e-04,100.00,13.652
2099,1.035063e+00,1.172879e+00,1.408977e-04,17.00,15.949
2100,1.177432e+00,,1.403459e-04,100.00,13.652
2101,8.836077e-01,,1.397949e-04,100.00,13.653
2102,1.004026e+00,,1.392444e-04,100.00,13.651
2103,1.237594e+00,,1.386947e-04,100.00,13.656
2104,9.024377e-01,,1.381456e-04,100.00,13.652
2105,9.897617e-01,,1.375972e-04,100.00,13.651
2106,1.197427e+00,,1.370494e-04,100.00,13.651
2107,9.759956e-01,,1.365024e-04,100.00,13.647
2108,9.663196e-01,,1.359560e-04,100.00,13.645
2109,1.160960e+00,,1.354103e-04,100.00,13.647
2110,9.413621e-01,,1.348653e-04,100.00,13.650
2111,1.076736e+00,,1.343210e-04,100.00,13.644
2112,9.961215e-01,,1.337774e-04,100.00,13.645
2113,9.978903e-01,,1.332345e-04,100.00,13.645
2114,1.112729e+00,,1.326923e-04,100.00,13.645
2115,9.022118e-01,,1.321508e-04,100.00,13.643
2116,9.721507e-01,,1.316100e-04,100.00,13.648
2117,1.186165e+00,,1.310700e-04,100.00,13.644
2118,9.049236e-01,,1.305306e-04,100.00,13.647
2119,9.316264e-01,1.234687e+00,1.299920e-04,15.00,15.940
2120,1.183699e+00,,1.294541e-04,100.00,13.649
2121,9.189838e-01,,1.289169e-04,100.00,13.650
2122,8.619004e-01,,1.283804e-04,100.00,13.647
2123,1.007038e+00,,1.278447e-04,100.00,13.647
2124,1.206955e+00,,1.273097e-04,100.00,13.647
2125,8.623651e-01,,1.267755e-04,100.00,13.652
2126,8.015918e-01,,1.262419e-04,100.00,13.652
2127,9.076135e-01,,1.257092e-04,100.00,13.652
2128,1.157529e+00,,1.251772e-04,100.00,13.652
2129,1.064275e+00,,1.246459e-04,100.00,13.653
2130,8.080784e-01,,1.241154e-04,100.00,13.652
2131,8.433928e-01,,1.235857e-04,100.00,13.648
2132,9.817696e-01,,1.230567e-04,100.00,13.656
2133,1.166146e+00,,1.225284e-04,100.00,13.649
2134,8.975538e-01,,1.220010e-04,100.00,13.656
2135,9.465407e-01,,1.214743e-04,100.00,13.652
2136,1.101509e+00,,1.209484e-04,100.00,13.651
2137,9.047684e-01,,1.204233e-04,100.00,13.652
2138,9.185671e-01,,1.198989e-04,100.00,13.652
2139,9.951848e-01,1.017582e+00,1.193754e-04,15.00,15.942
2140,9.790325e-01,,1.188526e-04,100.00,13.652
2141,9.676922e-01,,1.183306e-04,100.00,13.651
2142,8.914089e-01,,1.178094e-04,100.00,13.653
2143,9.985875e-01,,1.172890e-04,100.00,13.652
2144,9.877832e-01,,1.167694e-04,100.00,13.650
2145,9.217585e-01,,1.162506e-04,100.00,13.834
2146,9.278373e-01,,1.157326e-04,100.00,13.845
2147,9.541564e-01,,1.152154e-04,100.00,13.790
2148,9.361162e-01,,1.146990e-04,100.00,13.780
2149,9.597794e-01,,1.141835e-04,100.00,13.781
2150,9.434051e-01,,1.136688e-04,100.00,13.774
2151,9.184503e-01,,1.131548e-04,100.00,13.772
2152,9.311633e-01,,1.126417e-04,100.00,13.770
2153,9.818165e-01,,1.121295e-04,100.00,13.771
2154,8.994704e-01,,1.116180e-04,100.00,13.773
2155,9.216871e-01,,1.111074e-04,100.00,13.772
2156,9.614551e-01,,1.105977e-04,100.00,13.774
2157,9.400519e-01,,1.100888e-04,100.00,13.771
2158,8.612914e-01,,1.095807e-04,100.00,13.702
2159,9.371511e-01,1.027792e+00,1.090734e-04,10.00,15.961
2160,1.033266e+00,,1.085670e-04,100.00,13.662
2161,8.301044e-01,,1.080615e-04,100.00,13.663
2162,8.233287e-01,,1.075568e-04,100.00,13.662
2163,9.775052e-01,,1.070530e-04,100.00,13.704
2164,9.547926e-01,,1.065500e-04,100.00,13.779
2165,8.684491e-01,,1.060480e-04,100.00,13.770
2166,8.525695e-01,,1.055467e-04,100.00,13.765
2167,9.539978e-01,,1.050464e-04,100.00,13.764
2168,9.046196e-01,,1.045469e-04,100.00,13.763
2169,9.092938e-01,,1.040483e-04,100.00,13.761
2170,9.087750e-01,,1.035505e-04,100.00,13.764
2171,8.717575e-01,,1.030537e-04,100.00,13.764
2172,8.826418e-01,,1.025577e-04,100.00,13.763
2173,9.346639e-01,,1.020626e-04,100.00,13.764
2174,8.661697e-01,,1.015685e-04,100.00,13.762
2175,9.188912e-01,,1.010752e-04,100.00,13.765
2176,9.661799e-01,,1.005828e-04,100.00,13.764
2177,8.219315e-01,,1.000913e-04,100.00,13.765
2178,8.180489e-01,,9.960070e-05,100.00,13.763
2179,8.731420e-01,9.474342e-01,9.911101e-05,17.00,16.067
2180,9.317682e-01,,9.862224e-05,100.00,13.762
2181,9.193250e-01,,9.813438e-05,100.00,13.764
2182,7.994405e-01,,9.764743e-05,100.00,13.763
2183,8.125077e-01,,9.716140e-05,100.00,13.762
2184,8.665691e-01,,9.667629e-05,100.00,13.761
2185,9.582409e-01,,9.619210e-05,100.00,13.762
2186,8.542325e-01,,9.570884e-05,100.00,13.763
2187,8.346511e-01,,9.522651e-05,100.00,13.759
2188,8.757028e-01,,9.474511e-05,100.00,13.764
2189,8.549489e-01,,9.426465e-05,100.00,13.762
2190,8.932076e-01,,9.378513e-05,100.00,13.762
2191,9.426530e-01,,9.330654e-05,100.00,13.763
2192,8.321086e-01,,9.282891e-05,100.00,13.765
2193,7.947924e-01,,9.235221e-05,100.00,13.759
2194,8.564817e-01,,9.187647e-05,100.00,13.763
2195,9.480859e-01,,9.140168e-05,100.00,13.764
2196,8.399565e-01,,9.092784e-05,100.00,13.762
2197,8.158706e-01,,9.045497e-05,100.00,13.766
2198,8.684980e-01,,8.998305e-05,100.00,13.763
2199,8.708493e-01,8.107509e-01,8.951210e-05,29.00,16.206
2200,8.145656e-01,,8.904211e-05,100.00,13.775
2201,8.316412e-01,,8.857310e-05,100.00,13.772
2202,8.471242e-01,,8.810506e-05,100.00,13.771
2203,8.804714e-01,,8.763799e-05,100.00,13.773
2204,8.027636e-01,,8.717190e-05,100.00,13.685
2205,8.058846e-01,,8.670679e-05,100.00,13.651
2206,8.550994e-01,,8.624266e-05,100.00,13.652
2207,8.660832e-01,,8.577953e-05,100.00,13.652
2208,8.314215e-01,,8.531738e-05,100.00,13.653
2209,8.222237e-01,,8.485622e-05,100.00,13.653
2210,8.360217e-01,,8.439606e-05,100.00,13.654
2211,8.217412e-01,,8.393689e-05,100.00,13.650
2212,8.466144e-01,,8.347873e-05,100.00,13.652
2213,8.250265e-01,,8.302156e-05,100.00,13.653
2214,8.016212e-01,,8.256541e-05,100.00,13.652
2215,8.370567e-01,,8.211026e-05,100.00,13.650
2216,8.427335e-01,,8.165613e-05,100.00,13.653
2217,8.069387e-01,,8.120300e-05,100.00,13.652
2218,7.908239e-01,,8.075090e-05,100.00,13.646
2219,7.936394e-01,8.575326e-01,8.029981e-05,17.00,15.943
2220,8.307400e-01,,7.984975e-05,100.00,13.653
2221,8.575878e-01,,7.940071e-05,100.00,13.652
2222,8.035912e-01,,7.895270e-05,100.00,13.651
2223,7.902443e-01,,7.850572e-05,100.00,13.650
2224,8.056616e-01,,7.805978e-05,100.00,13.651
2225,8.324455e-01,,7.761486e-05,100.00,13.649
2226,8.589388e-01,,7.717099e-05,100.00,13.649
2227,8.148873e-01,,7.672816e-05,100.00,13.653
2228,7.818119e-01,,7.628637e-05,100.00,13.651
2229,7.660561e-01,,7.584563e-05,100.00,13.652
2230,7.950268e-01,,7.540594e-05,100.00,13.652
2231,8.188068e-01,,7.496730e-05,100.00,13.651
2232,7.938273e-01,,7.452971e-05,100.00,13.649
2233,7.807731e-01,,7.409318e-05,100.00,13.649
2234,7.706239e-01,,7.365771e-05,100.00,13.652
2235,8.135312e-01,,7.322330e-05,100.00,13.649
2236,8.155509e-01,,7.278996e-05,100.00,13.651
2237,7.683680e-01,,7.235769e-05,100.00,13.649
2238,7.763659e-01,,7.192648e-05,100.00,13.650
2239,7.966949e-01,7.985824e-01,7.149635e-05,35.00,16.071
2240,7.805777e-01,,7.106729e-05,100.00,13.657
2241,7.729218e-01,,7.063931e-05,100.00,13.652
2242,7.871162e-01,,7.021242e-05,100.00,13.656
2243,8.060311e-01,,6.978660e-05,100.00,13.653
2244,8.114232e-01,,6.936187e-05,100.00,13.654
2245,7.843252e-01,,6.893823e-05,100.00,13.655
2246,7.621961e-01,,6.851568e-05,100.00,13.655
2247,7.690472e-01,,6.809422e-05,100.00,13.651
2248,7.522749e-01,,6.767386e-05,100.00,13.655
2249,7.841224e-01,,6.725459e-05,100.00,13.654
2250,8.050322e-01,,6.683643e-05,100.00,13.655
2251,7.880066e-01,,6.641937e-05,100.00,13.653
2252,7.566277e-01,,6.600342e-05,100.00,13.654
2253,7.364090e-01,,6.558857e-05,100.00,13.653
2254,7.403816e-01,,6.517484e-05,100.00,13.656
2255,7.535953e-01,,6.476222e-05,100.00,13.656
2256,7.487443e-01,,6.435071e-05,100.00,13.656
2257,7.830684e-01,,6.394033e-05,100.00,13.654
2258,7.739720e-01,,6.353106e-05,100.00,13.656
2259,7.625466e-01,7.382992e-01,6.312292e-05,15.00,16.079
2260,7.390215e-01,,6.271590e-05,100.00,13.650
2261,7.302537e-01,,6.231001e-05,100.00,13.649
2262,7.329391e-01,,6.190525e-05,100.00,13.651
2263,7.450117e-01,,6.150163e-05,100.00,13.650
2264,7.404830e-01,,6.109914e-05,100.00,13.653
2265,7.774963e-01,,6.069779e-05,100.00,13.651
2266,7.594121e-01,,6.029758e-05,100.00,13.652
2267,7.602720e-01,,5.989851e-05,100.00,13.650
2268,7.204155e-01,,5.950059e-05,100.00,13.652
2269,7.213536e-01,,5.910381e-05,100.00,13.653
2270,7.155027e-01,,5.870818e-05,100.00,13.649
2271,7.219707e-01,,5.831371e-05,100.00,13.652
2272,7.437815e-01,,5.792039e-05,100.00,13.650
2273,7.578474e-01,,5.752823e-05,100.00,13.651
2274,7.525038e-01,,5.713723e-05,100.00,13.651
2275,7.523611e-01,,5.674739e-05,100.00,13.651
2276,7.436529e-01,,5.635871e-05,100.00,13.651
2277,7.295663e-01,,5.597120e-05,100.00,13.721
2278,7.148259e-01,,5.558486e-05,100.00,13.699
2279,7.124685e-01,7.298244e-01,5.519969e-05,63.00,16.083
2280,7.113673e-01,,5.481569e-05,100.00,13.653
2281,7.199059e-01,,5.443287e-05,100.00,13.650
2282,7.338361e-01,,5.405123e-05,100.00,13.651
2283,7.195807e-01,,5.367077e-05,100.00,13.650
2284,7.099152e-01,,5.329149e-05,100.00,13.652
2285,7.122542e-01,,5.291339e-05,100.00,13.649
2286,7.144087e-01,,5.253649e-05,100.00,13.653
2287,7.119106e-01,,5.216077e-05,100.00,13.649
2288,7.071857e-01,,5.178624e-05,100.00,13.654
2289,7.098374e-01,,5.141291e-05,100.00,13.650
2290,7.155944e-01,,5.104077e-05,100.00,13.654
2291,7.135732e-01,,5.066984e-05,100.00,13.652
2292,7.225767e-01,,5.030010e-05,100.00,13.653
2293,7.160549e-01,,4.993157e-05,100.00,13.652
2294,7.275073e-01,,4.956424e-05,100.00,13.654
2295,7.221303e-01,,4.919812e-05,100.00,13.650
2296,7.103618e-01,,4.883321e-05,100.00,13.651
2297,7.032684e-01,,4.846951e-05,100.00,13.654
2298,7.023316e-01,,4.810702e-05,100.00,13.651
2299,7.000795e-01,7.013531e-01,4.774575e-05,17.00,16.080
2300,6.940760e-01,,4.738570e-05,100.00,13.652
2301,6.943843e-01,,4.702687e-05,100.00,13.651
2302,6.939993e-01,,4.666926e-05,100.00,13.647
2303,6.851524e-01,,4.631288e-05,100.00,13.649
2304,6.920720e-01,,4.595772e-05,100.00,13.651
2305,6.997561e-01,,4.560380e-05,100.00,13.648
2306,6.856729e-01,,4.525110e-05,100.00,13.650
2307,6.929851e-01,,4.489964e-05,100.00,13.647
2308,6.922591e-01,,4.454941e-05,100.00,13.649
2309,6.888675e-01,,4.420042e-05,100.00,13.650
2310,7.004963e-01,,4.385267e-05,100.00,13.651
2311,6.898628e-01,,4.350617e-05,100.00,13.649
2312,6.904873e-01,,4.316090e-05,100.00,13.651
2313,6.907755e-01,,4.281689e-05,100.00,13.649
2314,6.925488e-01,,4.247412e-05,100.00,13.650
2315,6.834583e-01,,4.213260e-05,100.00,13.648
2316,6.917028e-01,,4.179233e-05,100.00,13.647
2317,6.877148e-01,,4.145332e-05,100.00,13.646
2318,6.935971e-01,,4.111556e-05,100.00,13.649
2319,6.930422e-01,7.021616e-01,4.077906e-05,27.00,15.941
2320,6.864133e-01,,4.044382e-05,100.00,13.653
2321,6.925925e-01,,4.010985e-05,100.00,13.649
2322,6.874826e-01,,3.977714e-05,100.00,13.653
2323,6.818342e-01,,3.944569e-05,100.00,13.652
2324,6.902806e-01,,3.911551e-05,100.00,13.653
2325,6.862541e-01,,3.878661e-05,100.00,13.652
2326,6.982652e-01,,3.845897e-05,100.00,13.650
2327,6.908124e-01,,3.813262e-05,100.00,13.652
2328,6.856292e-01,,3.780753e-05,100.00,13.648
2329,6.809511e-01,,3.748373e-05,100.00,13.652
2330,6.896660e-01,,3.716120e-05,100.00,13.652
2331,6.904810e-01,,3.683996e-05,100.00,13.651
2332,6.889631e-01,,3.652000e-05,100.00,13.654
2333,6.906875e-01,,3.620133e-05,100.00,13.652
2334,6.928916e-01,,3.588394e-05,100.00,13.651
2335,6.882929e-01,,3.556785e-05,100.00,13.647
2336,6.795738e-01,,3.525304e-05,100.00,13.651
2337,6.888927e-01,,3.493953e-05,100.00,13.650
2338,6.837973e-01,,3.462732e-05,100.00,13.652
2339,6.798936e-01,6.852918e-01,3.431640e-05,16.00,16.071
2340,6.761598e-01,,3.400679e-05,100.00,13.653
2341,6.849937e-01,,3.369847e-05,100.00,13.649
2342,6.874392e-01,,3.339146e-05,100.00,13.651
2343,6.857360e-01,,3.308575e-05,100.00,13.651
2344,6.980748e-01,,3.278135e-05,100.00,13.652
2345,6.846552e-01,,3.247825e-05,100.00,13.654
2346,6.884300e-01,,3.217647e-05,100.00,13.648
2347,6.862956e-01,,3.187600e-05,100.00,13.650
2348,6.830141e-01,,3.157684e-05,100.00,13.649
2349,6.826492e-01,,3.127900e-05,100.00,13.651
2350,6.811481e-01,,3.098248e-05,100.00,13.649
2351,6.886826e-01,,3.068727e-05,100.00,13.650
2352,6.847113e-01,,3.039339e-05,100.00,13.652
2353,6.892697e-01,,3.010083e-05,100.00,13.651
2354,6.842355e-01,,2.980959e-05,100.00,13.651
2355,6.896737e-01,,2.951968e-05,100.00,13.650
2356,6.830840e-01,,2.923110e-05,100.00,13.649
2357,6.826232e-01,,2.894385e-05,100.00,13.647
2358,6.855979e-01,,2.865793e-05,100.00,13.653
2359,6.882139e-01,6.785919e-01,2.837335e-05,49.00,16.074
2360,6.815231e-01,,2.809009e-05,100.00,13.653
2361,6.844494e-01,,2.780818e-05,100.00,13.648
2362,6.779071e-01,,2.752760e-05,100.00,13.651
2363,6.858009e-01,,2.724837e-05,100.00,13.647
2364,6.795001e-01,,2.697048e-05,100.00,13.650
2365,6.848482e-01,,2.669392e-05,100.00,13.651
2366,6.873831e-01,,2.641872e-05,100.00,13.650
2367,6.838643e-01,,2.614486e-05,100.00,13.654
2368,6.871692e-01,,2.587235e-05,100.00,13.650
2369,6.833552e-01,,2.560119e-05,100.00,13.652
2370,6.864427e-01,,2.533138e-05,100.00,13.649
2371,6.925723e-01,,2.506293e-05,100.00,13.649
2372,6.900161e-01,,2.479583e-05,100.00,13.650
2373,6.869467e-01,,2.453009e-05,100.00,13.650
2374,6.771700e-01,,2.426570e-05,100.00,13.651
2375,6.795887e-01,,2.400268e-05,100.00,13.650
2376,6.853411e-01,,2.374101e-05,100.00,13.648
2377,6.836655e-01,,2.348071e-05,100.00,13.649
2378,6.927474e-01,,2.322178e-05,100.00,13.650
2379,6.810097e-01,6.896478e-01,2.296421e-05,14.00,15.942
2380,6.865233e-01,,2.270800e-05,100.00,13.654
2381,6.905645e-01,,2.245317e-05,100.00,13.652
2382,6.876488e-01,,2.219971e-05,100.00,13.647
2383,6.848924e-01,,2.194762e-05,100.00,13.646
2384,6.788846e-01,,2.169690e-05,100.00,13.652
2385,6.878734e-01,,2.144756e-05,100.00,13.646
2386,6.954321e-01,,2.119960e-05,100.00,13.650
2387,6.802625e-01,,2.095301e-05,100.00,13.648
2388,6.791315e-01,,2.070780e-05,100.00,13.649
2389,6.717368e-01,,2.046398e-05,100.00,13.647
2390,6.890310e-01,,2.022154e-05,100.00,13.649
2391,6.913252e-01,,1.998048e-05,100.00,13.646
2392,6.827096e-01,,1.974081e-05,100.00,13.651
2393,6.870824e-01,,1.950252e-05,100.00,13.650
2394,6.825030e-01,,1.926562e-05,100.00,13.649
2395,6.735150e-01,,1.903012e-05,100.00,13.647
2396,6.905520e-01,,1.879600e-05,100.00,13.647
2397,6.864858e-01,,1.856328e-05,100.00,13.651
2398,6.931820e-01,,1.833195e-05,100.00,13.649
2399,6.860816e-01,6.790729e-01,1.810202e-05,15.00,15.936
2400,6.857937e-01,,1.787348e-05,100.00,13.657
2401,6.901716e-01,,1.764634e-05,100.00,13.652
2402,6.839557e-01,,1.742060e-05,100.00,13.651
2403,6.859427e-01,,1.719627e-05,100.00,13.662
2404,6.804364e-01,,1.697333e-05,100.00,13.661
2405,6.851679e-01,,1.675180e-05,100.00,13.663
2406,6.830974e-01,,1.653167e-05,100.00,13.659
2407,6.863122e-01,,1.631295e-05,100.00,13.663
2408,6.820896e-01,,1.609564e-05,100.00,13.661
2409,6.860790e-01,,1.587974e-05,100.00,13.658
2410,6.797035e-01,,1.566525e-05,100.00,13.662
2411,6.844668e-01,,1.545217e-05,100.00,13.660
2412,6.767808e-01,,1.524050e-05,100.00,13.664
2413,6.820458e-01,,1.503024e-05,100.00,13.660
2414,6.797397e-01,,1.482141e-05,100.00,13.661
2415,6.751771e-01,,1.461398e-05,100.00,13.664
2416,6.774718e-01,,1.440798e-05,100.00,13.661
2417,6.770209e-01,,1.420340e-05,100.00,13.662
2418,6.805660e-01,,1.400023e-05,100.00,13.661
2419,6.828461e-01,6.797241e-01,1.379849e-05,9.00,15.952
2420,6.888671e-01,,1.359817e-05,100.00,13.660
2421,6.863600e-01,,1.339927e-05,100.00,13.656
2422,6.863605e-01,,1.320180e-05,100.00,13.660
2423,6.793362e-01,,1.300576e-05,100.00,13.659
2424,6.799338e-01,,1.281114e-05,100.00,13.660
2425,6.836566e-01,,1.261795e-05,100.00,13.660
2426,6.883261e-01,,1.242620e-05,100.00,13.660
2427,6.812636e-01,,1.223587e-05,100.00,13.661
2428,6.843887e-01,,1.204698e-05,100.00,13.660
2429,6.787260e-01,,1.185952e-05,100.00,13.660
2430,6.867424e-01,,1.167349e-05,100.00,13.661
2431,6.829641e-01,,1.148890e-05,100.00,13.659
2432,6.789649e-01,,1.130575e-05,100.00,13.661
2433,6.859142e-01,,1.112403e-05,100.00,13.658
2434,6.797148e-01,,1.094375e-05,100.00,13.660
2435,6.792190e-01,,1.076492e-05,100.00,13.657
2436,6.766916e-01,,1.058752e-05,100.00,13.661
2437,6.788397e-01,,1.041157e-05,100.00,13.658
2438,6.772232e-01,,1.023706e-05,100.00,13.660
2439,6.854923e-01,6.849754e-01,1.006399e-05,15.00,15.952
2440,6.825519e-01,,9.892370e-06,100.00,13.669
2441,6.838608e-01,,9.722196e-06,100.00,13.661
2442,6.788821e-01,,9.553469e-06,100.00,13.659
2443,6.878515e-01,,9.386191e-06,100.00,13.660
2444,6.849858e-01,,9.220362e-06,100.00,13.660
2445,6.821510e-01,,9.055984e-06,100.00,13.662
2446,6.844888e-01,,8.893057e-06,100.00,13.660
2447,6.822815e-01,,8.731582e-06,100.00,13.660
2448,6.853988e-01,,8.571561e-06,100.00,13.658
2449,6.830748e-01,,8.412994e-06,100.00,13.661
2450,6.808989e-01,,8.255882e-06,100.00,13.660
2451,6.769938e-01,,8.100227e-06,100.00,13.661
2452,6.865662e-01,,7.946029e-06,100.00,13.660
2453,6.796969e-01,,7.793289e-06,100.00,13.661
2454,6.829992e-01,,7.642008e-06,100.00,13.662
2455,6.803363e-01,,7.492187e-06,100.00,13.661
2456,6.795804e-01,,7.343827e-06,100.00,13.661
2457,6.854037e-01,,7.196928e-06,100.00,13.660
2458,6.804485e-01,,7.051492e-06,100.00,13.660
2459,6.795381e-01,6.860435e-01,6.907520e-06,19.00,15.961
2460,6.802577e-01,,6.765012e-06,100.00,13.782
2461,6.810012e-01,,6.623969e-06,100.00,13.793
2462,6.796361e-01,,6.484393e-06,100.00,13.794
2463,6.788524e-01,,6.346283e-06,100.00,13.791
2464,6.806234e-01,,6.209641e-06,100.00,13.793
2465,6.871665e-01,,6.074467e-06,100.00,13.792
2466,6.787759e-01,,5.940763e-06,100.00,13.791
2467,6.774981e-01,,5.808530e-06,100.00,13.793
2468,6.857679e-01,,5.677767e-06,100.00,13.793
2469,6.809857e-01,,5.548476e-06,100.00,13.788
2470,6.835398e-01,,5.420657e-06,100.00,13.790
2471,6.757872e-01,,5.294312e-06,100.00,13.793
2472,6.837857e-01,,5.169441e-06,100.00,13.793
2473,6.780855e-01,,5.046045e-06,100.00,13.793
2474,6.859313e-01,,4.924124e-06,100.00,13.790
2475,6.769183e-01,,4.803680e-06,100.00,13.791
2476,6.868903e-01,,4.684713e-06,100.00,13.790
2477,6.816323e-01,,4.567223e-06,100.00,13.793
2478,6.851709e-01,,4.451212e-06,100.00,13.793
2479,6.869403e-01,7.059986e-01,4.336680e-06,16.00,16.105
2480,6.842840e-01,,4.223628e-06,100.00,13.792
2481,6.820416e-01,,4.112057e-06,100.00,13.795
2482,6.803076e-01,,4.001966e-06,100.00,13.790
2483,6.811660e-01,,3.893358e-06,100.00,13.795
2484,6.907966e-01,,3.786232e-06,100.00,13.792
2485,6.848363e-01,,3.680589e-06,100.00,13.791
2486,6.898065e-01,,3.576431e-06,100.00,13.795
2487,6.849449e-01,,3.473756e-06,100.00,13.789
2488,6.776611e-01,,3.372567e-06,100.00,13.793
2489,6.813207e-01,,3.272863e-06,100.00,13.791
2490,6.859115e-01,,3.174645e-06,100.00,13.791
2491,6.762190e-01,,3.077915e-06,100.00,13.791
2492,6.785074e-01,,2.982672e-06,100.00,13.790
2493,6.798491e-01,,2.888917e-06,100.00,13.791
2494,6.748136e-01,,2.796650e-06,100.00,13.793
2495,6.885374e-01,,2.705873e-06,100.00,13.791
2496,6.744513e-01,,2.616585e-06,100.00,13.791
2497,6.839958e-01,,2.528787e-06,100.00,13.791
2498,6.788966e-01,,2.442480e-06,100.00,13.790
2499,6.853826e-01,6.694491e-01,2.357665e-06,33.00,16.236
