epoch,train_loss,validation_loss,lr,gpu_utillization,per_epoch_time
0,5.167975e+02,,1.000000e-06,100.00,101.105
1,4.808577e+02,,2.098000e-05,100.00,14.044
2,3.488066e+02,,4.096000e-05,100.00,13.861
3,2.139473e+02,,6.094000e-05,100.00,13.567
4,2.895606e+02,,8.092000e-05,100.00,13.564
5,3.185272e+02,,1.009000e-04,100.00,13.566
6,2.362145e+02,,1.208800e-04,100.00,13.569
7,1.895387e+02,,1.408600e-04,100.00,13.569
8,2.224722e+02,,1.608400e-04,100.00,13.570
9,1.799802e+02,,1.808200e-04,100.00,13.566
10,1.375473e+02,,2.008000e-04,100.00,13.566
11,1.733735e+02,,2.207800e-04,100.00,13.562
12,1.173866e+02,,2.407600e-04,100.00,13.664
13,1.256285e+02,,2.607400e-04,100.00,13.740
14,9.856977e+01,,2.807200e-04,100.00,13.878
15,9.435830e+01,,3.007000e-04,100.00,13.868
16,8.337503e+01,,3.206800e-04,100.00,13.699
17,7.808962e+01,,3.406600e-04,100.00,13.704
18,6.778348e+01,,3.606400e-04,100.00,13.706
19,6.445355e+01,,3.806200e-04,100.00,13.706
20,5.670544e+01,,4.006000e-04,100.00,13.707
21,4.929613e+01,,4.205800e-04,100.00,13.713
22,4.651737e+01,,4.405600e-04,100.00,13.710
23,4.383997e+01,,4.605400e-04,100.00,13.699
24,3.924826e+01,,4.805200e-04,100.00,13.720
25,3.580861e+01,,5.005000e-04,100.00,13.843
26,3.146245e+01,,5.204800e-04,100.00,13.691
27,3.024073e+01,,5.404600e-04,100.00,13.688
28,2.937494e+01,,5.604400e-04,100.00,13.693
29,2.761771e+01,,5.804200e-04,100.00,13.695
30,2.385151e+01,,6.004000e-04,100.00,13.699
31,2.317923e+01,,6.203800e-04,100.00,13.705
32,1.978024e+01,,6.403600e-04,100.00,13.705
33,2.416988e+01,,6.603400e-04,100.00,13.786
34,1.906209e+01,,6.803200e-04,100.00,13.708
35,1.980792e+01,,7.003000e-04,100.00,13.702
36,2.265134e+01,,7.202800e-04,100.00,13.702
37,2.432641e+01,,7.402600e-04,100.00,13.695
38,1.423471e+01,,7.602400e-04,100.00,13.692
39,2.559690e+01,,7.802200e-04,100.00,13.694
40,2.217858e+01,,8.002000e-04,100.00,13.690
41,2.084631e+01,,8.201800e-04,100.00,13.692
42,1.809180e+01,,8.401600e-04,100.00,13.695
43,2.530811e+01,,8.601400e-04,100.00,13.697
44,2.021537e+01,,8.801200e-04,100.00,13.691
45,2.022545e+01,,9.001000e-04,100.00,13.693
46,2.711422e+01,,9.200800e-04,100.00,13.692
47,1.871102e+01,,9.400600e-04,100.00,13.692
48,1.928272e+01,,9.600400e-04,100.00,13.696
49,2.295282e+01,1.166536e+01,9.800200e-04,58.00,30.791
50,2.786310e+01,,1.000000e-03,100.00,13.858
51,3.747883e+01,,9.999997e-04,100.00,13.692
52,3.102308e+01,,9.999989e-04,100.00,13.693
53,2.490515e+01,,9.999974e-04,100.00,13.699
54,3.511284e+01,,9.999955e-04,100.00,13.698
55,3.038056e+01,,9.999929e-04,100.00,13.698
56,2.857027e+01,,9.999898e-04,100.00,13.695
57,2.923380e+01,,9.999861e-04,100.00,13.697
58,2.643714e+01,,9.999819e-04,100.00,13.696
59,2.091008e+01,,9.999770e-04,100.00,13.695
60,2.332951e+01,,9.999716e-04,100.00,13.694
61,2.335927e+01,,9.999657e-04,100.00,13.697
62,2.387499e+01,,9.999592e-04,100.00,13.699
63,2.379292e+01,,9.999521e-04,100.00,13.698
64,2.460680e+01,,9.999444e-04,100.00,13.858
65,1.731634e+01,,9.999362e-04,100.00,13.696
66,1.936384e+01,,9.999274e-04,100.00,13.696
67,2.426305e+01,,9.999181e-04,100.00,13.692
68,1.863584e+01,,9.999081e-04,100.00,13.698
69,1.697264e+01,,9.998976e-04,100.00,13.693
70,1.812528e+01,,9.998866e-04,100.00,13.693
71,1.629667e+01,,9.998750e-04,100.00,13.701
72,1.484490e+01,,9.998628e-04,100.00,13.702
73,1.584045e+01,,9.998500e-04,100.00,13.706
74,1.561217e+01,,9.998367e-04,100.00,13.705
75,1.483203e+01,,9.998228e-04,100.00,13.708
76,1.550247e+01,,9.998083e-04,100.00,13.705
77,1.504312e+01,,9.997933e-04,100.00,13.708
78,1.409071e+01,,9.997777e-04,100.00,13.702
79,1.341455e+01,,9.997616e-04,100.00,13.703
80,1.392890e+01,,9.997448e-04,100.00,13.701
81,1.254150e+01,,9.997276e-04,100.00,13.705
82,1.225013e+01,,9.997097e-04,100.00,13.701
83,1.285128e+01,,9.996913e-04,100.00,13.707
84,1.323625e+01,,9.996723e-04,100.00,13.707
85,1.214392e+01,,9.996527e-04,100.00,13.703
86,1.141891e+01,,9.996326e-04,100.00,13.707
87,1.151233e+01,,9.996119e-04,100.00,13.707
88,1.226874e+01,,9.995906e-04,100.00,13.704
89,1.123376e+01,,9.995688e-04,100.00,13.702
90,1.202223e+01,,9.995464e-04,100.00,13.709
91,1.263930e+01,,9.995235e-04,100.00,13.707
92,1.104123e+01,,9.994999e-04,100.00,13.704
93,1.100358e+01,,9.994758e-04,100.00,13.706
94,1.168757e+01,,9.994512e-04,100.00,13.708
95,1.057506e+01,,9.994260e-04,100.00,13.707
96,1.021661e+01,,9.994002e-04,100.00,13.705
97,1.144174e+01,,9.993738e-04,100.00,13.705
98,1.085864e+01,,9.993469e-04,100.00,13.710
99,1.026298e+01,9.821756e+00,9.993194e-04,50.00,16.177
100,1.106699e+01,,9.992913e-04,100.00,13.692
101,1.073060e+01,,9.992627e-04,100.00,13.693
102,9.714764e+00,,9.992335e-04,100.00,13.688
103,1.020151e+01,,9.992038e-04,100.00,13.686
104,9.928725e+00,,9.991735e-04,100.00,13.803
105,9.094626e+00,,9.991426e-04,100.00,13.588
106,9.569842e+00,,9.991111e-04,100.00,13.592
107,9.824637e+00,,9.990791e-04,100.00,13.596
108,9.635010e+00,,9.990465e-04,100.00,13.593
109,8.830972e+00,,9.990134e-04,100.00,13.598
110,8.836051e+00,,9.989796e-04,100.00,13.652
111,8.874227e+00,,9.989454e-04,100.00,13.682
112,8.808585e+00,,9.989105e-04,100.00,13.683
113,8.377256e+00,,9.988751e-04,100.00,13.684
114,7.739656e+00,,9.988391e-04,100.00,13.687
115,8.565846e+00,,9.988026e-04,100.00,13.687
116,9.665792e+00,,9.987655e-04,100.00,13.686
117,1.026160e+01,,9.987278e-04,100.00,13.687
118,1.054168e+01,,9.986895e-04,100.00,13.685
119,8.372894e+00,,9.986507e-04,100.00,13.687
120,9.213005e+00,,9.986114e-04,100.00,13.685
121,1.011905e+01,,9.985714e-04,100.00,13.684
122,1.000537e+01,,9.985309e-04,100.00,13.682
123,8.448070e+00,,9.984898e-04,100.00,13.679
124,8.797989e+00,,9.984482e-04,100.00,13.680
125,1.107216e+01,,9.984060e-04,100.00,13.684
126,5.656130e+00,,9.983632e-04,100.00,13.679
127,5.878367e+00,,9.983199e-04,100.00,13.676
128,1.097310e+01,,9.982760e-04,100.00,13.679
129,8.456889e+00,,9.982315e-04,100.00,13.682
130,6.665172e+00,,9.981865e-04,100.00,13.685
131,9.176363e+00,,9.981409e-04,100.00,13.684
132,8.945428e+00,,9.980948e-04,100.00,13.680
133,7.202106e+00,,9.980480e-04,100.00,13.677
134,8.504081e+00,,9.980008e-04,100.00,13.678
135,9.548492e+00,,9.979529e-04,100.00,13.678
136,8.078430e+00,,9.979045e-04,100.00,13.682
137,1.134367e+01,,9.978555e-04,100.00,13.678
138,8.369599e+00,,9.978060e-04,100.00,13.689
139,1.049492e+01,,9.977559e-04,100.00,13.682
140,9.156642e+00,,9.977052e-04,100.00,13.680
141,8.884400e+00,,9.976539e-04,100.00,13.685
142,7.929616e+00,,9.976021e-04,100.00,13.688
143,1.180422e+01,,9.975498e-04,100.00,13.693
144,7.224442e+00,,9.974968e-04,100.00,13.690
145,9.377514e+00,,9.974433e-04,100.00,13.692
146,8.704573e+00,,9.973893e-04,100.00,13.692
147,9.477528e+00,,9.973347e-04,100.00,13.696
148,9.392536e+00,,9.972795e-04,100.00,13.692
149,1.011693e+01,6.461949e+00,9.972237e-04,11.00,16.160
150,6.020151e+00,,9.971674e-04,100.00,13.689
151,9.263996e+00,,9.971105e-04,100.00,13.688
152,8.624746e+00,,9.970531e-04,100.00,13.684
153,1.097335e+01,,9.969951e-04,100.00,13.688
154,1.026849e+01,,9.969365e-04,100.00,13.686
155,7.318521e+00,,9.968774e-04,100.00,13.685
156,4.692629e+00,,9.968177e-04,100.00,13.682
157,6.145685e+00,,9.967574e-04,100.00,13.681
158,5.359383e+00,,9.966966e-04,100.00,13.684
159,5.244146e+00,,9.966352e-04,100.00,13.683
160,5.093155e+00,,9.965732e-04,100.00,13.680
161,4.841092e+00,,9.965107e-04,100.00,13.681
162,4.361464e+00,,9.964476e-04,100.00,13.680
163,4.927116e+00,,9.963840e-04,100.00,13.679
164,4.634260e+00,,9.963198e-04,100.00,13.680
165,5.172500e+00,,9.962550e-04,100.00,13.680
166,4.496699e+00,,9.961897e-04,100.00,13.678
167,4.375340e+00,,9.961238e-04,100.00,13.675
168,4.756695e+00,,9.960574e-04,100.00,13.680
169,4.287325e+00,,9.959903e-04,100.00,13.681
170,5.046001e+00,,9.959228e-04,100.00,13.678
171,4.420018e+00,,9.958546e-04,100.00,13.675
172,5.009197e+00,,9.957859e-04,100.00,13.680
173,4.757336e+00,,9.957166e-04,100.00,13.681
174,4.785666e+00,,9.956468e-04,100.00,13.680
175,4.287551e+00,,9.955764e-04,100.00,13.681
176,5.208816e+00,,9.955055e-04,100.00,13.678
177,4.450796e+00,,9.954339e-04,100.00,13.682
178,4.366415e+00,,9.953619e-04,100.00,13.678
179,4.701402e+00,,9.952892e-04,100.00,13.678
180,3.802943e+00,,9.952160e-04,100.00,13.678
181,4.740844e+00,,9.951423e-04,100.00,13.679
182,5.350503e+00,,9.950679e-04,100.00,13.679
183,4.258044e+00,,9.949931e-04,100.00,13.681
184,4.414630e+00,,9.949176e-04,100.00,13.678
185,4.833105e+00,,9.948416e-04,100.00,13.678
186,4.191058e+00,,9.947650e-04,100.00,13.677
187,4.881875e+00,,9.946879e-04,100.00,13.676
188,4.260575e+00,,9.946102e-04,100.00,13.679
189,4.322000e+00,,9.945320e-04,100.00,13.675
190,3.887501e+00,,9.944531e-04,100.00,13.680
191,5.256331e+00,,9.943738e-04,100.00,13.679
192,3.745309e+00,,9.942938e-04,100.00,13.678
193,5.087896e+00,,9.942133e-04,100.00,13.678
194,3.900357e+00,,9.941323e-04,100.00,13.677
195,3.544452e+00,,9.940507e-04,100.00,13.678
196,4.602086e+00,,9.939685e-04,100.00,13.678
197,3.954297e+00,,9.938857e-04,100.00,13.681
198,4.232665e+00,,9.938025e-04,100.00,13.679
199,4.139582e+00,3.135929e+00,9.937186e-04,32.00,16.102
200,3.832872e+00,,9.936342e-04,100.00,13.676
201,4.244258e+00,,9.935492e-04,100.00,13.677
202,4.011405e+00,,9.934637e-04,100.00,13.680
203,4.223914e+00,,9.933776e-04,100.00,13.679
204,4.754347e+00,,9.932909e-04,100.00,13.681
205,3.749440e+00,,9.932037e-04,100.00,13.686
206,4.600495e+00,,9.931159e-04,100.00,13.685
207,3.711341e+00,,9.930276e-04,100.00,13.682
208,4.194668e+00,,9.929387e-04,100.00,13.685
209,4.249767e+00,,9.928492e-04,100.00,13.683
210,3.870133e+00,,9.927592e-04,100.00,13.684
211,4.528654e+00,,9.926687e-04,100.00,13.680
212,4.256114e+00,,9.925775e-04,100.00,13.686
213,4.168398e+00,,9.924858e-04,100.00,13.683
214,4.517716e+00,,9.923936e-04,100.00,13.683
215,4.053918e+00,,9.923008e-04,100.00,13.684
216,4.115408e+00,,9.922074e-04,100.00,13.683
217,4.047985e+00,,9.921135e-04,100.00,13.685
218,4.137621e+00,,9.920190e-04,100.00,13.681
219,4.188697e+00,,9.919240e-04,100.00,13.681
220,3.823174e+00,,9.918284e-04,100.00,13.686
221,4.024990e+00,,9.917322e-04,100.00,13.685
222,3.588391e+00,,9.916355e-04,100.00,13.679
223,4.185245e+00,,9.915383e-04,100.00,13.686
224,3.590210e+00,,9.914404e-04,100.00,13.686
225,3.608529e+00,,9.913421e-04,100.00,13.684
226,4.032866e+00,,9.912431e-04,100.00,13.686
227,3.697654e+00,,9.911436e-04,100.00,13.686
228,3.479846e+00,,9.910436e-04,100.00,13.683
229,3.637675e+00,,9.909430e-04,100.00,13.681
230,3.347780e+00,,9.908418e-04,100.00,13.685
231,4.090717e+00,,9.907401e-04,100.00,13.685
232,3.805412e+00,,9.906378e-04,100.00,13.687
233,3.670918e+00,,9.905349e-04,100.00,13.682
234,3.508791e+00,,9.904316e-04,100.00,13.684
235,3.724627e+00,,9.903276e-04,100.00,13.680
236,3.288026e+00,,9.902231e-04,100.00,13.681
237,3.387138e+00,,9.901180e-04,100.00,13.680
238,3.643368e+00,,9.900124e-04,100.00,13.681
239,3.547406e+00,,9.899062e-04,100.00,13.687
240,3.711310e+00,,9.897995e-04,100.00,13.683
241,3.847541e+00,,9.896922e-04,100.00,13.681
242,3.174279e+00,,9.895844e-04,100.00,13.683
243,3.743624e+00,,9.894760e-04,100.00,13.685
244,3.479800e+00,,9.893670e-04,100.00,13.683
245,3.407388e+00,,9.892575e-04,100.00,13.682
246,3.780560e+00,,9.891475e-04,100.00,13.678
247,3.516510e+00,,9.890369e-04,100.00,13.685
248,3.194930e+00,,9.889257e-04,100.00,13.680
249,3.428127e+00,3.725577e+00,9.888140e-04,16.00,15.973
250,3.685254e+00,,9.887017e-04,100.00,13.679
251,3.237064e+00,,9.885889e-04,100.00,13.677
252,3.400774e+00,,9.884755e-04,100.00,13.683
253,3.590882e+00,,9.883615e-04,100.00,13.794
254,3.054876e+00,,9.882470e-04,100.00,13.686
255,3.668981e+00,,9.881320e-04,100.00,13.683
256,3.247929e+00,,9.880164e-04,100.00,13.689
257,3.544566e+00,,9.879002e-04,100.00,13.683
258,3.356162e+00,,9.877835e-04,100.00,13.685
259,3.430312e+00,,9.876663e-04,100.00,13.683
260,3.514536e+00,,9.875484e-04,100.00,13.687
261,3.032175e+00,,9.874301e-04,100.00,13.683
262,3.753660e+00,,9.873112e-04,100.00,13.682
263,3.600051e+00,,9.871917e-04,100.00,13.684
264,3.166294e+00,,9.870717e-04,100.00,13.684
265,3.943541e+00,,9.869511e-04,100.00,13.686
266,4.122659e+00,,9.868300e-04,100.00,13.684
267,4.988373e+00,,9.867083e-04,100.00,13.684
268,5.381875e+00,,9.865860e-04,100.00,13.683
269,5.945540e+00,,9.864632e-04,100.00,13.686
270,6.104463e+00,,9.863399e-04,100.00,13.685
271,5.584282e+00,,9.862160e-04,100.00,13.685
272,5.580819e+00,,9.860916e-04,100.00,13.682
273,5.746538e+00,,9.859666e-04,100.00,13.684
274,5.779323e+00,,9.858410e-04,100.00,13.686
275,6.020941e+00,,9.857149e-04,100.00,13.682
276,5.738230e+00,,9.855883e-04,100.00,13.684
277,6.293497e+00,,9.854611e-04,100.00,13.684
278,6.050061e+00,,9.853334e-04,100.00,13.689
279,5.846201e+00,,9.852051e-04,100.00,13.686
280,6.024332e+00,,9.850762e-04,100.00,13.688
281,5.234608e+00,,9.849468e-04,100.00,13.684
282,5.301052e+00,,9.848169e-04,100.00,13.691
283,5.215327e+00,,9.846864e-04,100.00,13.692
284,4.995621e+00,,9.845553e-04,100.00,13.693
285,5.448984e+00,,9.844237e-04,100.00,13.692
286,5.491117e+00,,9.842916e-04,100.00,13.694
287,5.461366e+00,,9.841589e-04,100.00,13.692
288,5.224996e+00,,9.840256e-04,100.00,13.694
289,5.485578e+00,,9.838918e-04,100.00,13.691
290,5.410189e+00,,9.837575e-04,100.00,13.694
291,5.372615e+00,,9.836226e-04,100.00,13.697
292,5.387470e+00,,9.834872e-04,100.00,13.691
293,5.059808e+00,,9.833512e-04,100.00,13.690
294,5.530356e+00,,9.832147e-04,100.00,13.691
295,5.333352e+00,,9.830776e-04,100.00,13.687
296,5.122212e+00,,9.829399e-04,100.00,13.693
297,5.136520e+00,,9.828018e-04,100.00,13.695
298,4.858280e+00,,9.826630e-04,100.00,13.694
299,4.736058e+00,5.080706e+00,9.825238e-04,22.00,15.981
300,5.169583e+00,,9.823839e-04,100.00,13.696
301,4.847712e+00,,9.822436e-04,100.00,13.695
302,4.828390e+00,,9.821027e-04,100.00,13.693
303,5.180834e+00,,9.819612e-04,100.00,13.690
304,4.452860e+00,,9.818192e-04,100.00,13.696
305,4.850211e+00,,9.816766e-04,100.00,13.692
306,4.974408e+00,,9.815335e-04,100.00,13.693
307,4.727370e+00,,9.813899e-04,100.00,13.692
308,4.687235e+00,,9.812457e-04,100.00,13.689
309,4.846542e+00,,9.811009e-04,100.00,13.688
310,4.759088e+00,,9.809557e-04,100.00,13.686
311,4.522920e+00,,9.808098e-04,100.00,13.686
312,4.499956e+00,,9.806634e-04,100.00,13.685
313,4.473285e+00,,9.805165e-04,100.00,13.687
314,4.246537e+00,,9.803691e-04,100.00,13.686
315,4.208343e+00,,9.802211e-04,100.00,13.688
316,4.712472e+00,,9.800725e-04,100.00,13.685
317,4.523373e+00,,9.799234e-04,100.00,13.686
318,4.612687e+00,,9.797738e-04,100.00,13.686
319,4.842311e+00,,9.796236e-04,100.00,13.685
320,4.131026e+00,,9.794728e-04,100.00,13.686
321,4.519017e+00,,9.793216e-04,100.00,13.685
322,4.523166e+00,,9.791697e-04,100.00,13.686
323,4.532119e+00,,9.790174e-04,100.00,13.687
324,4.614710e+00,,9.788645e-04,100.00,13.686
325,4.805442e+00,,9.787110e-04,100.00,13.685
326,4.541831e+00,,9.785570e-04,100.00,13.688
327,4.629545e+00,,9.784025e-04,100.00,13.686
328,4.381692e+00,,9.782474e-04,100.00,13.685
329,4.404684e+00,,9.780918e-04,100.00,13.687
330,4.829022e+00,,9.779356e-04,100.00,13.684
331,4.315924e+00,,9.777789e-04,100.00,13.686
332,4.171627e+00,,9.776217e-04,100.00,13.685
333,4.745007e+00,,9.774639e-04,100.00,13.687
334,4.291738e+00,,9.773056e-04,100.00,13.682
335,4.166651e+00,,9.771467e-04,100.00,13.687
336,4.560395e+00,,9.769873e-04,100.00,13.685
337,4.632817e+00,,9.768273e-04,100.00,13.687
338,4.384746e+00,,9.766668e-04,100.00,13.687
339,4.473795e+00,,9.765058e-04,100.00,13.686
340,3.918020e+00,,9.763442e-04,100.00,13.685
341,3.274592e+00,,9.761821e-04,100.00,13.686
342,2.798417e+00,,9.760195e-04,100.00,13.687
343,2.722180e+00,,9.758563e-04,100.00,13.687
344,2.847025e+00,,9.756925e-04,100.00,13.688
345,4.313915e+00,,9.755283e-04,100.00,13.688
346,4.400334e+00,,9.753634e-04,100.00,13.686
347,3.545148e+00,,9.751981e-04,100.00,13.686
348,3.398513e+00,,9.750322e-04,100.00,13.688
349,3.203603e+00,4.675915e+00,9.748658e-04,12.00,15.978
350,4.482817e+00,,9.746988e-04,100.00,13.682
351,3.571523e+00,,9.745313e-04,100.00,13.681
352,3.613873e+00,,9.743633e-04,100.00,13.687
353,3.896262e+00,,9.741947e-04,100.00,13.684
354,4.351263e+00,,9.740255e-04,100.00,13.685
355,4.386343e+00,,9.738559e-04,100.00,13.684
356,4.350976e+00,,9.736857e-04,100.00,13.687
357,4.610762e+00,,9.735150e-04,100.00,13.687
358,4.584027e+00,,9.733437e-04,100.00,13.686
359,3.831311e+00,,9.731719e-04,100.00,13.684
360,4.457742e+00,,9.729995e-04,100.00,13.682
361,4.395533e+00,,9.728267e-04,100.00,13.688
362,4.096548e+00,,9.726532e-04,100.00,13.685
363,4.280793e+00,,9.724793e-04,100.00,13.686
364,4.127219e+00,,9.723048e-04,100.00,13.683
365,4.230983e+00,,9.721298e-04,100.00,13.688
366,4.042840e+00,,9.719542e-04,100.00,13.685
367,4.152196e+00,,9.717781e-04,100.00,13.684
368,3.827331e+00,,9.716015e-04,100.00,13.685
369,4.066831e+00,,9.714243e-04,100.00,13.682
370,4.094317e+00,,9.712466e-04,100.00,13.688
371,3.587967e+00,,9.710684e-04,100.00,13.685
372,4.193982e+00,,9.708896e-04,100.00,13.688
373,3.959016e+00,,9.707103e-04,100.00,13.686
374,3.509422e+00,,9.705305e-04,100.00,13.687
375,4.353112e+00,,9.703501e-04,100.00,13.686
376,3.688623e+00,,9.701692e-04,100.00,13.686
377,3.331395e+00,,9.699878e-04,100.00,13.686
378,4.541218e+00,,9.698058e-04,100.00,13.684
379,4.032582e+00,,9.696233e-04,100.00,13.686
380,3.280742e+00,,9.694403e-04,100.00,13.686
381,2.911345e+00,,9.692567e-04,100.00,13.683
382,2.108089e+00,,9.690726e-04,100.00,13.686
383,3.573196e+00,,9.688880e-04,100.00,13.688
384,4.603974e+00,,9.687028e-04,100.00,13.685
385,3.795288e+00,,9.685171e-04,100.00,13.682
386,3.594664e+00,,9.683309e-04,100.00,13.685
387,4.258198e+00,,9.681442e-04,100.00,13.686
388,5.749226e+00,,9.679569e-04,100.00,13.684
389,2.954092e+00,,9.677691e-04,100.00,13.686
390,2.559829e+00,,9.675807e-04,100.00,13.684
391,4.218960e+00,,9.673918e-04,100.00,13.683
392,5.198345e+00,,9.672024e-04,100.00,13.684
393,4.030841e+00,,9.670125e-04,100.00,13.685
394,2.840425e+00,,9.668220e-04,100.00,13.684
395,4.583116e+00,,9.666310e-04,100.00,13.686
396,5.495986e+00,,9.664395e-04,100.00,13.685
397,2.591185e+00,,9.662474e-04,100.00,13.687
398,4.368963e+00,,9.660548e-04,100.00,13.686
399,4.242570e+00,4.332598e+00,9.658617e-04,16.00,15.969
400,4.220906e+00,,9.656681e-04,100.00,13.688
401,3.403392e+00,,9.654739e-04,100.00,13.683
402,4.842895e+00,,9.652792e-04,100.00,13.685
403,3.076813e+00,,9.650840e-04,100.00,13.683
404,4.765388e+00,,9.648882e-04,100.00,13.686
405,3.612800e+00,,9.646920e-04,100.00,13.686
406,4.305914e+00,,9.644952e-04,100.00,13.686
407,3.653826e+00,,9.642978e-04,100.00,13.684
408,4.023753e+00,,9.641000e-04,100.00,13.684
409,4.172864e+00,,9.639016e-04,100.00,13.686
410,3.545412e+00,,9.637027e-04,100.00,13.684
411,3.860942e+00,,9.635032e-04,100.00,13.686
412,4.563849e+00,,9.633033e-04,100.00,13.685
413,2.382097e+00,,9.631028e-04,100.00,13.686
414,5.458072e+00,,9.629018e-04,100.00,13.686
415,2.408539e+00,,9.627002e-04,100.00,13.686
416,4.621612e+00,,9.624981e-04,100.00,13.683
417,3.455820e+00,,9.622956e-04,100.00,13.687
418,4.180171e+00,,9.620924e-04,100.00,13.687
419,3.055381e+00,,9.618888e-04,100.00,13.687
420,4.810989e+00,,9.616846e-04,100.00,13.686
421,2.569489e+00,,9.614800e-04,100.00,13.684
422,5.262346e+00,,9.612748e-04,100.00,13.685
423,2.511758e+00,,9.610690e-04,100.00,13.685
424,4.171213e+00,,9.608628e-04,100.00,13.683
425,4.259935e+00,,9.606560e-04,100.00,13.684
426,3.235534e+00,,9.604487e-04,100.00,13.685
427,3.876286e+00,,9.602409e-04,100.00,13.687
428,4.231450e+00,,9.600325e-04,100.00,13.688
429,2.082151e+00,,9.598237e-04,100.00,13.685
430,5.043185e+00,,9.596143e-04,100.00,13.684
431,2.580326e+00,,9.594044e-04,100.00,13.689
432,4.337401e+00,,9.591939e-04,100.00,13.684
433,3.559127e+00,,9.589830e-04,100.00,13.687
434,3.776111e+00,,9.587715e-04,100.00,13.682
435,3.746055e+00,,9.585595e-04,100.00,13.688
436,3.692070e+00,,9.583470e-04,100.00,13.684
437,3.324119e+00,,9.581340e-04,100.00,13.684
438,4.765721e+00,,9.579204e-04,100.00,13.685
439,1.969122e+00,,9.577064e-04,100.00,13.685
440,3.810839e+00,,9.574918e-04,100.00,13.688
441,4.973102e+00,,9.572767e-04,100.00,13.686
442,2.470444e+00,,9.570610e-04,100.00,13.683
443,2.530194e+00,,9.568449e-04,100.00,13.685
444,2.458571e+00,,9.566282e-04,100.00,13.687
445,1.989078e+00,,9.564110e-04,100.00,13.684
446,3.282340e+00,,9.561934e-04,100.00,13.685
447,5.932163e+00,,9.559751e-04,100.00,13.686
448,4.805363e+00,,9.557564e-04,100.00,13.687
449,6.006839e+00,6.598953e+00,9.555372e-04,12.00,15.978
450,6.976284e+00,,9.553174e-04,100.00,13.689
451,5.061722e+00,,9.550971e-04,100.00,13.691
452,7.732279e+00,,9.548763e-04,100.00,13.684
453,7.813463e+00,,9.546550e-04,100.00,13.691
454,8.195419e+00,,9.544332e-04,100.00,13.689
455,6.330225e+00,,9.542108e-04,100.00,13.688
456,7.010480e+00,,9.539880e-04,100.00,13.686
457,5.698922e+00,,9.537646e-04,100.00,13.692
458,6.189700e+00,,9.535407e-04,100.00,13.686
459,4.971757e+00,,9.533163e-04,100.00,13.688
460,4.400326e+00,,9.530914e-04,100.00,13.688
461,4.667859e+00,,9.528659e-04,100.00,13.689
462,5.692257e+00,,9.526400e-04,100.00,13.692
463,5.245983e+00,,9.524135e-04,100.00,13.686
464,3.484381e+00,,9.521866e-04,100.00,13.688
465,5.053473e+00,,9.519591e-04,100.00,13.689
466,3.757161e+00,,9.517311e-04,100.00,13.689
467,4.249906e+00,,9.515026e-04,100.00,13.688
468,4.321208e+00,,9.512735e-04,100.00,13.689
469,4.141687e+00,,9.510440e-04,100.00,13.687
470,3.273825e+00,,9.508140e-04,100.00,13.690
471,4.218649e+00,,9.505834e-04,100.00,13.688
472,3.176347e+00,,9.503523e-04,100.00,13.691
473,3.642232e+00,,9.501208e-04,100.00,13.688
474,3.409036e+00,,9.498887e-04,100.00,13.688
475,4.497750e+00,,9.496561e-04,100.00,13.691
476,2.802520e+00,,9.494230e-04,100.00,13.688
477,3.667504e+00,,9.491893e-04,100.00,13.687
478,3.109496e+00,,9.489552e-04,100.00,13.689
479,3.771006e+00,,9.487206e-04,100.00,13.689
480,3.593463e+00,,9.484854e-04,100.00,13.688
481,3.408422e+00,,9.482498e-04,100.00,13.688
482,2.760342e+00,,9.480136e-04,100.00,13.689
483,4.186393e+00,,9.477769e-04,100.00,13.690
484,2.316683e+00,,9.475398e-04,100.00,13.688
485,3.864021e+00,,9.473021e-04,100.00,13.687
486,3.293437e+00,,9.470639e-04,100.00,13.690
487,2.576001e+00,,9.468252e-04,100.00,13.689
488,3.441546e+00,,9.465860e-04,100.00,13.692
489,3.825387e+00,,9.463462e-04,100.00,13.690
490,2.234209e+00,,9.461060e-04,100.00,13.691
491,3.813528e+00,,9.458653e-04,100.00,13.687
492,3.003256e+00,,9.456241e-04,100.00,13.691
493,3.200474e+00,,9.453823e-04,100.00,13.689
494,3.003589e+00,,9.451401e-04,100.00,13.691
495,4.127813e+00,,9.448973e-04,100.00,13.688
496,1.529318e+00,,9.446541e-04,100.00,13.689
497,3.361989e+00,,9.444103e-04,100.00,13.691
498,4.894414e+00,,9.441661e-04,100.00,13.687
499,2.444578e+00,2.007087e+00,9.439213e-04,57.00,16.110
500,2.537222e+00,,9.436760e-04,100.00,13.792
501,2.739124e+00,,9.434303e-04,100.00,13.687
502,2.950707e+00,,9.431840e-04,100.00,13.684
503,2.756148e+00,,9.429372e-04,100.00,13.681
504,2.418251e+00,,9.426899e-04,100.00,13.681
505,2.446300e+00,,9.424422e-04,100.00,13.685
506,2.755675e+00,,9.421939e-04,100.00,13.682
507,3.009857e+00,,9.419451e-04,100.00,13.685
508,2.687337e+00,,9.416958e-04,100.00,13.683
509,2.675364e+00,,9.414460e-04,100.00,13.681
510,3.173964e+00,,9.411957e-04,100.00,13.688
511,2.658526e+00,,9.409449e-04,100.00,13.685
512,2.962397e+00,,9.406937e-04,100.00,13.684
513,3.133946e+00,,9.404419e-04,100.00,13.684
514,2.933817e+00,,9.401896e-04,100.00,13.686
515,2.618994e+00,,9.399368e-04,100.00,13.683
516,2.054795e+00,,9.396835e-04,100.00,13.682
517,4.015081e+00,,9.394297e-04,100.00,13.683
518,3.334207e+00,,9.391754e-04,100.00,13.686
519,2.984509e+00,,9.389207e-04,100.00,13.684
520,3.951084e+00,,9.386654e-04,100.00,13.686
521,2.709728e+00,,9.384096e-04,100.00,13.681
522,3.308097e+00,,9.381533e-04,100.00,13.684
523,3.396557e+00,,9.378966e-04,100.00,13.684
524,3.091802e+00,,9.376393e-04,100.00,13.682
525,2.655131e+00,,9.373815e-04,100.00,13.681
526,4.655415e+00,,9.371233e-04,100.00,13.682
527,2.179012e+00,,9.368645e-04,100.00,13.687
528,2.153436e+00,,9.366053e-04,100.00,13.682
529,2.558010e+00,,9.363455e-04,100.00,13.684
530,3.621835e+00,,9.360853e-04,100.00,13.680
531,3.324079e+00,,9.358246e-04,100.00,13.683
532,3.129579e+00,,9.355633e-04,100.00,13.683
533,2.702630e+00,,9.353016e-04,100.00,13.685
534,3.654572e+00,,9.350394e-04,100.00,13.682
535,2.298717e+00,,9.347767e-04,100.00,13.682
536,2.883664e+00,,9.345135e-04,100.00,13.684
537,3.780130e+00,,9.342498e-04,100.00,13.683
538,2.691795e+00,,9.339856e-04,100.00,13.685
539,2.773782e+00,,9.337209e-04,100.00,13.682
540,3.692686e+00,,9.334557e-04,100.00,13.684
541,2.317058e+00,,9.331901e-04,100.00,13.685
542,3.433128e+00,,9.329239e-04,100.00,13.685
543,2.994660e+00,,9.326573e-04,100.00,13.684
544,2.633514e+00,,9.323901e-04,100.00,13.680
545,3.368670e+00,,9.321225e-04,100.00,13.684
546,2.789590e+00,,9.318544e-04,100.00,13.685
547,2.422047e+00,,9.315858e-04,100.00,13.681
548,3.853848e+00,,9.313167e-04,100.00,13.683
549,1.896588e+00,3.648812e+00,9.310471e-04,12.00,15.975
550,3.463324e+00,,9.307770e-04,100.00,13.695
551,2.450842e+00,,9.305065e-04,100.00,13.691
552,3.121152e+00,,9.302354e-04,100.00,13.690
553,3.007571e+00,,9.299639e-04,100.00,13.694
554,2.816041e+00,,9.296919e-04,100.00,13.690
555,3.040617e+00,,9.294193e-04,100.00,13.693
556,2.781428e+00,,9.291463e-04,100.00,13.688
557,2.999805e+00,,9.288729e-04,100.00,13.689
558,3.155871e+00,,9.285989e-04,100.00,13.693
559,2.733236e+00,,9.283244e-04,100.00,13.691
560,2.719322e+00,,9.280495e-04,100.00,13.689
561,2.822711e+00,,9.277740e-04,100.00,13.691
562,3.010254e+00,,9.274981e-04,100.00,13.692
563,2.212325e+00,,9.272217e-04,100.00,13.692
564,4.050907e+00,,9.269448e-04,100.00,13.689
565,1.672109e+00,,9.266675e-04,100.00,13.690
566,3.614980e+00,,9.263896e-04,100.00,13.693
567,2.203260e+00,,9.261113e-04,100.00,13.692
568,2.917609e+00,,9.258325e-04,100.00,13.691
569,3.480082e+00,,9.255532e-04,100.00,13.690
570,1.455541e+00,,9.252734e-04,100.00,13.690
571,3.601686e+00,,9.249931e-04,100.00,13.693
572,3.873407e+00,,9.247124e-04,100.00,13.690
573,1.534936e+00,,9.244311e-04,100.00,13.690
574,3.308231e+00,,9.241494e-04,100.00,13.691
575,2.755444e+00,,9.238672e-04,100.00,13.693
576,2.925030e+00,,9.235845e-04,100.00,13.690
577,2.747758e+00,,9.233014e-04,100.00,13.689
578,3.600435e+00,,9.230177e-04,100.00,13.691
579,2.215846e+00,,9.227336e-04,100.00,13.692
580,2.899192e+00,,9.224490e-04,100.00,13.691
581,3.443838e+00,,9.221640e-04,100.00,13.693
582,1.940037e+00,,9.218784e-04,100.00,13.691
583,3.463861e+00,,9.215924e-04,100.00,13.691
584,2.682947e+00,,9.213059e-04,100.00,13.691
585,2.722350e+00,,9.210189e-04,100.00,13.691
586,3.031015e+00,,9.207314e-04,100.00,13.690
587,2.136618e+00,,9.204435e-04,100.00,13.689
588,3.495973e+00,,9.201551e-04,100.00,13.693
589,2.507959e+00,,9.198662e-04,100.00,13.693
590,3.225538e+00,,9.195768e-04,100.00,13.689
591,3.729495e+00,,9.192869e-04,100.00,13.692
592,2.235942e+00,,9.189966e-04,100.00,13.690
593,3.273481e+00,,9.187058e-04,100.00,13.693
594,3.515447e+00,,9.184145e-04,100.00,13.690
595,1.416528e+00,,9.181228e-04,100.00,13.688
596,2.237848e+00,,9.178306e-04,100.00,13.689
597,3.296606e+00,,9.175379e-04,100.00,13.692
598,2.723916e+00,,9.172447e-04,100.00,13.689
599,2.703165e+00,2.135225e+00,9.169511e-04,13.00,15.978
600,2.598614e+00,,9.166570e-04,100.00,13.687
601,2.542335e+00,,9.163624e-04,100.00,13.690
602,2.271376e+00,,9.160673e-04,100.00,13.684
603,2.250265e+00,,9.157718e-04,100.00,13.690
604,3.384370e+00,,9.154758e-04,100.00,13.691
605,2.422704e+00,,9.151793e-04,100.00,13.691
606,2.305267e+00,,9.148824e-04,100.00,13.687
607,2.895256e+00,,9.145849e-04,100.00,13.692
608,3.299888e+00,,9.142871e-04,100.00,13.689
609,2.799390e+00,,9.139887e-04,100.00,13.688
610,2.554574e+00,,9.136899e-04,100.00,13.693
611,3.048282e+00,,9.133906e-04,100.00,13.691
612,2.511891e+00,,9.130908e-04,100.00,13.690
613,3.335283e+00,,9.127906e-04,100.00,13.687
614,2.187841e+00,,9.124899e-04,100.00,13.691
615,3.266974e+00,,9.121887e-04,100.00,13.692
616,2.504641e+00,,9.118871e-04,100.00,13.692
617,3.333721e+00,,9.115850e-04,100.00,13.688
618,2.157030e+00,,9.112824e-04,100.00,13.692
619,3.444593e+00,,9.109794e-04,100.00,13.689
620,1.911662e+00,,9.106759e-04,100.00,13.691
621,3.041992e+00,,9.103719e-04,100.00,13.690
622,3.459209e+00,,9.100675e-04,100.00,13.691
623,2.021903e+00,,9.097626e-04,100.00,13.690
624,3.444896e+00,,9.094572e-04,100.00,13.688
625,2.738711e+00,,9.091514e-04,100.00,13.691
626,2.580409e+00,,9.088451e-04,100.00,13.688
627,3.369768e+00,,9.085383e-04,100.00,13.688
628,1.986339e+00,,9.082311e-04,100.00,13.691
629,3.272255e+00,,9.079234e-04,100.00,13.691
630,2.028903e+00,,9.076153e-04,100.00,13.690
631,3.495815e+00,,9.073067e-04,100.00,13.689
632,2.049860e+00,,9.069976e-04,100.00,13.691
633,3.302548e+00,,9.066881e-04,100.00,13.691
634,2.201627e+00,,9.063781e-04,100.00,13.690
635,3.486724e+00,,9.060677e-04,100.00,13.688
636,2.030612e+00,,9.057567e-04,100.00,13.692
637,3.411696e+00,,9.054454e-04,100.00,13.688
638,2.424323e+00,,9.051335e-04,100.00,13.693
639,2.386685e+00,,9.048212e-04,100.00,13.690
640,3.298282e+00,,9.045085e-04,100.00,13.690
641,2.408828e+00,,9.041953e-04,100.00,13.690
642,2.807136e+00,,9.038816e-04,100.00,13.689
643,2.982410e+00,,9.035675e-04,100.00,13.690
644,2.031043e+00,,9.032529e-04,100.00,13.690
645,3.258983e+00,,9.029379e-04,100.00,13.692
646,2.105488e+00,,9.026224e-04,100.00,13.690
647,2.969463e+00,,9.023064e-04,100.00,13.690
648,2.386896e+00,,9.019900e-04,100.00,13.689
649,2.732827e+00,3.269989e+00,9.016731e-04,16.00,15.983
650,3.347951e+00,,9.013558e-04,100.00,13.682
651,1.865745e+00,,9.010380e-04,100.00,13.688
652,2.823062e+00,,9.007198e-04,100.00,13.690
653,3.325145e+00,,9.004011e-04,100.00,13.688
654,1.942487e+00,,9.000820e-04,100.00,13.691
655,3.296092e+00,,8.997624e-04,100.00,13.687
656,1.608919e+00,,8.994423e-04,100.00,13.689
657,2.926692e+00,,8.991218e-04,100.00,13.688
658,2.258974e+00,,8.988009e-04,100.00,13.693
659,3.385073e+00,,8.984795e-04,100.00,13.687
660,1.555857e+00,,8.981576e-04,100.00,13.689
661,2.813620e+00,,8.978353e-04,100.00,13.686
662,2.973343e+00,,8.975126e-04,100.00,13.687
663,1.701961e+00,,8.971893e-04,100.00,13.692
664,3.156204e+00,,8.968657e-04,100.00,13.689
665,2.669598e+00,,8.965416e-04,100.00,13.688
666,1.634133e+00,,8.962170e-04,100.00,13.686
667,3.391226e+00,,8.958920e-04,100.00,13.690
668,1.918649e+00,,8.955665e-04,100.00,13.687
669,2.536435e+00,,8.952406e-04,100.00,13.690
670,3.048377e+00,,8.949143e-04,100.00,13.688
671,2.018670e+00,,8.945875e-04,100.00,13.689
672,2.541541e+00,,8.942602e-04,100.00,13.688
673,3.216883e+00,,8.939325e-04,100.00,13.689
674,1.917145e+00,,8.936044e-04,100.00,13.690
675,2.398716e+00,,8.932758e-04,100.00,13.688
676,3.264237e+00,,8.929467e-04,100.00,13.692
677,2.155267e+00,,8.926173e-04,100.00,13.688
678,2.315543e+00,,8.922873e-04,100.00,13.689
679,3.093305e+00,,8.919570e-04,100.00,13.688
680,1.670126e+00,,8.916261e-04,100.00,13.692
681,2.254776e+00,,8.912949e-04,100.00,13.687
682,3.270299e+00,,8.909632e-04,100.00,13.686
683,2.231462e+00,,8.906310e-04,100.00,13.687
684,1.985144e+00,,8.902984e-04,100.00,13.689
685,2.189820e+00,,8.899654e-04,100.00,13.689
686,2.998233e+00,,8.896319e-04,100.00,13.688
687,2.472697e+00,,8.892980e-04,100.00,13.692
688,2.171119e+00,,8.889636e-04,100.00,13.687
689,2.759596e+00,,8.886288e-04,100.00,13.686
690,2.488319e+00,,8.882936e-04,100.00,13.685
691,2.437587e+00,,8.879579e-04,100.00,13.685
692,2.438261e+00,,8.876218e-04,100.00,13.685
693,2.721440e+00,,8.872852e-04,100.00,13.686
694,2.266717e+00,,8.869482e-04,100.00,13.686
695,2.638049e+00,,8.866108e-04,100.00,13.687
696,2.555249e+00,,8.862729e-04,100.00,13.686
697,2.346747e+00,,8.859346e-04,100.00,13.682
698,2.842863e+00,,8.855958e-04,100.00,13.687
699,2.406909e+00,2.408212e+00,8.852566e-04,16.00,15.974
700,2.210643e+00,,8.849170e-04,100.00,13.681
701,2.498297e+00,,8.845769e-04,100.00,13.683
702,2.379156e+00,,8.842364e-04,100.00,13.686
703,2.610191e+00,,8.838955e-04,100.00,13.682
704,2.023735e+00,,8.835541e-04,100.00,13.680
705,2.990148e+00,,8.832123e-04,100.00,13.685
706,2.070012e+00,,8.828701e-04,100.00,13.685
707,2.499473e+00,,8.825274e-04,100.00,13.684
708,2.978115e+00,,8.821843e-04,100.00,13.682
709,1.596000e+00,,8.818407e-04,100.00,13.682
710,2.939230e+00,,8.814967e-04,100.00,13.682
711,2.726237e+00,,8.811523e-04,100.00,13.684
712,1.556294e+00,,8.808075e-04,100.00,13.681
713,3.209538e+00,,8.804622e-04,100.00,13.685
714,1.783894e+00,,8.801165e-04,100.00,13.683
715,2.546638e+00,,8.797704e-04,100.00,13.682
716,2.468301e+00,,8.794238e-04,100.00,13.683
717,2.633799e+00,,8.790768e-04,100.00,13.681
718,1.901115e+00,,8.787294e-04,100.00,13.683
719,2.829268e+00,,8.783815e-04,100.00,13.684
720,2.221858e+00,,8.780332e-04,100.00,13.682
721,2.193164e+00,,8.776845e-04,100.00,13.683
722,2.763373e+00,,8.773354e-04,100.00,13.679
723,1.934219e+00,,8.769858e-04,100.00,13.677
724,2.338468e+00,,8.766358e-04,100.00,13.682
725,2.888728e+00,,8.762854e-04,100.00,13.682
726,1.666859e+00,,8.759345e-04,100.00,13.677
727,2.910196e+00,,8.755833e-04,100.00,13.681
728,2.463452e+00,,8.752315e-04,100.00,13.682
729,1.882753e+00,,8.748794e-04,100.00,13.680
730,2.819026e+00,,8.745269e-04,100.00,13.679
731,2.103834e+00,,8.741739e-04,100.00,13.677
732,2.136931e+00,,8.738205e-04,100.00,13.675
733,3.081896e+00,,8.734666e-04,100.00,13.679
734,1.523998e+00,,8.731124e-04,100.00,13.679
735,2.656534e+00,,8.727577e-04,100.00,13.682
736,2.217495e+00,,8.724026e-04,100.00,13.683
737,2.498372e+00,,8.720471e-04,100.00,13.681
738,2.311373e+00,,8.716912e-04,100.00,13.681
739,2.398790e+00,,8.713348e-04,100.00,13.680
740,2.326600e+00,,8.709780e-04,100.00,13.683
741,2.355389e+00,,8.706208e-04,100.00,13.678
742,2.411565e+00,,8.702632e-04,100.00,13.679
743,2.317729e+00,,8.699051e-04,100.00,13.679
744,2.265696e+00,,8.695467e-04,100.00,13.678
745,2.494453e+00,,8.691878e-04,100.00,13.681
746,1.688312e+00,,8.688285e-04,100.00,13.685
747,2.888664e+00,,8.684687e-04,100.00,13.678
748,1.670596e+00,,8.681086e-04,100.00,13.678
749,2.583605e+00,2.337057e+00,8.677480e-04,12.00,15.970
750,2.316653e+00,,8.673871e-04,100.00,13.687
751,2.093188e+00,,8.670257e-04,100.00,13.682
752,2.673979e+00,,8.666639e-04,100.00,13.685
753,2.185383e+00,,8.663017e-04,100.00,13.683
754,1.868463e+00,,8.659390e-04,100.00,13.685
755,3.162889e+00,,8.655760e-04,100.00,13.681
756,1.319104e+00,,8.652125e-04,100.00,13.685
757,1.749404e+00,,8.648486e-04,100.00,13.689
758,2.916957e+00,,8.644843e-04,100.00,13.688
759,1.978300e+00,,8.641196e-04,100.00,13.687
760,1.795179e+00,,8.637545e-04,100.00,13.687
761,1.776130e+00,,8.633889e-04,100.00,13.683
762,1.873461e+00,,8.630230e-04,100.00,13.686
763,2.785543e+00,,8.626566e-04,100.00,13.684
764,1.837786e+00,,8.622899e-04,100.00,13.684
765,1.861833e+00,,8.619227e-04,100.00,13.685
766,1.876709e+00,,8.615551e-04,100.00,13.686
767,1.770483e+00,,8.611871e-04,100.00,13.684
768,1.602410e+00,,8.608187e-04,100.00,13.687
769,1.613648e+00,,8.604499e-04,100.00,13.806
770,1.374035e+00,,8.600806e-04,100.00,13.693
771,1.369237e+00,,8.597110e-04,100.00,13.695
772,1.524555e+00,,8.593410e-04,100.00,13.694
773,1.454208e+00,,8.589705e-04,100.00,13.697
774,1.402013e+00,,8.585996e-04,100.00,13.693
775,1.436518e+00,,8.582284e-04,100.00,13.694
776,1.530621e+00,,8.578567e-04,100.00,13.692
777,1.370625e+00,,8.574846e-04,100.00,13.693
778,1.531977e+00,,8.571121e-04,100.00,13.694
779,1.537568e+00,,8.567392e-04,100.00,13.696
780,1.434445e+00,,8.563659e-04,100.00,13.694
781,1.363284e+00,,8.559923e-04,100.00,13.692
782,1.402735e+00,,8.556181e-04,100.00,13.694
783,1.573787e+00,,8.552436e-04,100.00,13.694
784,1.313144e+00,,8.548687e-04,100.00,13.693
785,1.326877e+00,,8.544934e-04,100.00,13.695
786,1.401594e+00,,8.541177e-04,100.00,13.696
787,1.764416e+00,,8.537416e-04,100.00,13.695
788,2.262620e+00,,8.533651e-04,100.00,13.693
789,2.593827e+00,,8.529882e-04,100.00,13.690
790,2.411154e+00,,8.526108e-04,100.00,13.692
791,2.073245e+00,,8.522331e-04,100.00,13.696
792,2.483502e+00,,8.518550e-04,100.00,13.692
793,2.451968e+00,,8.514765e-04,100.00,13.693
794,2.477304e+00,,8.510976e-04,100.00,13.693
795,2.017684e+00,,8.507183e-04,100.00,13.693
796,2.792071e+00,,8.503386e-04,100.00,13.692
797,1.730845e+00,,8.499585e-04,100.00,13.693
798,2.522988e+00,,8.495780e-04,100.00,13.695
799,2.811124e+00,1.965937e+00,8.491971e-04,2.00,16.106
800,1.985812e+00,,8.488158e-04,100.00,13.688
801,1.944491e+00,,8.484341e-04,100.00,13.685
802,3.171857e+00,,8.480520e-04,100.00,13.736
803,1.576367e+00,,8.476695e-04,100.00,13.746
804,2.564883e+00,,8.472866e-04,100.00,13.738
805,2.480841e+00,,8.469034e-04,100.00,13.731
806,2.206807e+00,,8.465197e-04,100.00,13.724
807,2.554213e+00,,8.461356e-04,100.00,13.725
808,1.703598e+00,,8.457512e-04,100.00,13.728
809,2.499928e+00,,8.453663e-04,100.00,13.723
810,2.735045e+00,,8.449811e-04,100.00,13.725
811,1.358424e+00,,8.445955e-04,100.00,13.727
812,2.027173e+00,,8.442095e-04,100.00,13.722
813,3.306856e+00,,8.438231e-04,100.00,13.727
814,2.004609e+00,,8.434363e-04,100.00,13.725
815,2.164745e+00,,8.430491e-04,100.00,13.722
816,2.134541e+00,,8.426615e-04,100.00,13.722
817,1.972135e+00,,8.422736e-04,100.00,13.724
818,2.262596e+00,,8.418852e-04,100.00,13.724
819,1.865589e+00,,8.414965e-04,100.00,13.724
820,1.852423e+00,,8.411073e-04,100.00,13.724
821,1.869495e+00,,8.407178e-04,100.00,13.725
822,2.212803e+00,,8.403279e-04,100.00,13.726
823,2.329651e+00,,8.399376e-04,100.00,13.722
824,2.112833e+00,,8.395470e-04,100.00,13.724
825,2.172853e+00,,8.391559e-04,100.00,13.721
826,2.201431e+00,,8.387645e-04,100.00,13.724
827,2.257965e+00,,8.383727e-04,100.00,13.724
828,2.404078e+00,,8.379804e-04,100.00,13.721
829,2.354673e+00,,8.375879e-04,100.00,13.724
830,2.341981e+00,,8.371949e-04,100.00,13.723
831,2.149468e+00,,8.368015e-04,100.00,13.724
832,2.247641e+00,,8.364078e-04,100.00,13.724
833,2.316376e+00,,8.360137e-04,100.00,13.728
834,2.090964e+00,,8.356192e-04,100.00,13.721
835,2.219201e+00,,8.352243e-04,100.00,13.728
836,2.138845e+00,,8.348290e-04,100.00,13.722
837,2.174464e+00,,8.344334e-04,100.00,13.725
838,2.161438e+00,,8.340374e-04,100.00,13.724
839,2.055437e+00,,8.336410e-04,100.00,13.725
840,2.282065e+00,,8.332442e-04,100.00,13.723
841,2.204474e+00,,8.328470e-04,100.00,13.723
842,2.038043e+00,,8.324495e-04,100.00,13.724
843,2.352793e+00,,8.320516e-04,100.00,13.721
844,2.256866e+00,,8.316533e-04,100.00,13.723
845,2.235169e+00,,8.312546e-04,100.00,13.722
846,2.225466e+00,,8.308556e-04,100.00,13.727
847,2.055548e+00,,8.304562e-04,100.00,13.721
848,2.134628e+00,,8.300564e-04,100.00,13.726
849,2.292421e+00,2.566845e+00,8.296562e-04,16.00,16.018
850,2.211236e+00,,8.292557e-04,100.00,13.725
851,2.087240e+00,,8.288548e-04,100.00,13.724
852,2.173146e+00,,8.284535e-04,100.00,13.725
853,2.050777e+00,,8.280518e-04,100.00,13.722
854,2.144231e+00,,8.276498e-04,100.00,13.722
855,2.033987e+00,,8.272474e-04,100.00,13.724
856,1.973704e+00,,8.268446e-04,100.00,13.721
857,2.242949e+00,,8.264415e-04,100.00,13.722
858,1.990225e+00,,8.260380e-04,100.00,13.720
859,1.747940e+00,,8.256341e-04,100.00,13.725
860,2.337228e+00,,8.252299e-04,100.00,13.721
861,2.102138e+00,,8.248252e-04,100.00,13.720
862,1.743184e+00,,8.244202e-04,100.00,13.725
863,1.564042e+00,,8.240149e-04,100.00,13.726
864,1.423814e+00,,8.236092e-04,100.00,13.725
865,1.504347e+00,,8.232031e-04,100.00,13.720
866,1.198962e+00,,8.227966e-04,100.00,13.722
867,1.421171e+00,,8.223898e-04,100.00,13.720
868,1.491504e+00,,8.219826e-04,100.00,13.724
869,1.723405e+00,,8.215751e-04,100.00,13.721
870,1.743432e+00,,8.211671e-04,100.00,13.720
871,1.839549e+00,,8.207589e-04,100.00,13.722
872,1.904455e+00,,8.203502e-04,100.00,13.722
873,1.351341e+00,,8.199412e-04,100.00,13.720
874,1.638868e+00,,8.195318e-04,100.00,13.719
875,2.069221e+00,,8.191221e-04,100.00,13.721
876,1.780566e+00,,8.187120e-04,100.00,13.721
877,2.048462e+00,,8.183015e-04,100.00,13.724
878,2.262780e+00,,8.178907e-04,100.00,13.721
879,2.088112e+00,,8.174795e-04,100.00,13.721
880,2.169701e+00,,8.170680e-04,100.00,13.720
881,2.269909e+00,,8.166561e-04,100.00,13.724
882,1.996824e+00,,8.162438e-04,100.00,13.724
883,1.926511e+00,,8.158312e-04,100.00,13.724
884,2.191227e+00,,8.154182e-04,100.00,13.723
885,2.187918e+00,,8.150049e-04,100.00,13.726
886,2.120807e+00,,8.145912e-04,100.00,13.725
887,2.188040e+00,,8.141772e-04,100.00,13.725
888,1.968928e+00,,8.137628e-04,100.00,13.723
889,2.039747e+00,,8.133480e-04,100.00,13.725
890,2.187895e+00,,8.129329e-04,100.00,13.725
891,2.210131e+00,,8.125174e-04,100.00,13.720
892,2.072650e+00,,8.121016e-04,100.00,13.725
893,1.976847e+00,,8.116854e-04,100.00,13.723
894,2.227641e+00,,8.112689e-04,100.00,13.726
895,1.990387e+00,,8.108520e-04,100.00,13.724
896,1.961321e+00,,8.104348e-04,100.00,13.723
897,2.083046e+00,,8.100172e-04,100.00,13.725
898,2.042014e+00,,8.095992e-04,100.00,13.725
899,2.050429e+00,2.390779e+00,8.091810e-04,13.00,16.017
900,2.225437e+00,,8.087623e-04,100.00,13.728
901,1.969391e+00,,8.083433e-04,100.00,13.725
902,1.971169e+00,,8.079240e-04,100.00,13.726
903,2.112144e+00,,8.075043e-04,100.00,13.726
904,1.980323e+00,,8.070842e-04,100.00,13.725
905,2.034534e+00,,8.066639e-04,100.00,13.728
906,2.119734e+00,,8.062431e-04,100.00,13.724
907,1.935005e+00,,8.058220e-04,100.00,13.724
908,2.006310e+00,,8.054006e-04,100.00,13.726
909,1.926653e+00,,8.049788e-04,100.00,13.725
910,2.168674e+00,,8.045567e-04,100.00,13.724
911,2.052586e+00,,8.041342e-04,100.00,13.727
912,2.029945e+00,,8.037114e-04,100.00,13.724
913,2.189614e+00,,8.032883e-04,100.00,13.726
914,1.985441e+00,,8.028648e-04,100.00,13.725
915,1.973020e+00,,8.024409e-04,100.00,13.724
916,1.984848e+00,,8.020167e-04,100.00,13.728
917,1.671055e+00,,8.015922e-04,100.00,13.733
918,2.356634e+00,,8.011673e-04,100.00,13.728
919,2.060861e+00,,8.007421e-04,100.00,13.731
920,3.209880e+00,,8.003166e-04,100.00,13.734
921,1.971259e+00,,7.998907e-04,100.00,13.727
922,2.320484e+00,,7.994644e-04,100.00,13.730
923,2.081822e+00,,7.990378e-04,100.00,13.731
924,1.969272e+00,,7.986109e-04,100.00,13.730
925,2.028001e+00,,7.981837e-04,100.00,13.732
926,2.303948e+00,,7.977561e-04,100.00,13.731
927,2.119124e+00,,7.973282e-04,100.00,13.731
928,1.756998e+00,,7.968999e-04,100.00,13.729
929,2.011747e+00,,7.964713e-04,100.00,13.732
930,2.375718e+00,,7.960423e-04,100.00,13.730
931,2.191921e+00,,7.956131e-04,100.00,13.732
932,2.403541e+00,,7.951835e-04,100.00,13.730
933,2.466991e+00,,7.947535e-04,100.00,13.733
934,2.164181e+00,,7.943232e-04,100.00,13.730
935,2.153684e+00,,7.938926e-04,100.00,13.732
936,2.251078e+00,,7.934617e-04,100.00,13.731
937,2.066466e+00,,7.930304e-04,100.00,13.731
938,1.992253e+00,,7.925988e-04,100.00,13.732
939,2.092786e+00,,7.921668e-04,100.00,13.731
940,2.017247e+00,,7.917346e-04,100.00,13.728
941,2.069622e+00,,7.913020e-04,100.00,13.730
942,2.016206e+00,,7.908690e-04,100.00,13.730
943,2.083751e+00,,7.904358e-04,100.00,13.731
944,2.100916e+00,,7.900022e-04,100.00,13.729
945,1.965128e+00,,7.895682e-04,100.00,13.731
946,2.184750e+00,,7.891340e-04,100.00,13.732
947,2.033121e+00,,7.886994e-04,100.00,13.734
948,1.885919e+00,,7.882645e-04,100.00,13.733
949,2.041345e+00,2.379836e+00,7.878293e-04,16.00,16.031
950,2.101695e+00,,7.873937e-04,100.00,13.731
951,1.763269e+00,,7.869578e-04,100.00,13.736
952,1.948564e+00,,7.865216e-04,100.00,13.730
953,1.971816e+00,,7.860851e-04,100.00,13.732
954,1.783857e+00,,7.856482e-04,100.00,13.732
955,1.990490e+00,,7.852110e-04,100.00,13.732
956,1.907742e+00,,7.847735e-04,100.00,13.733
957,1.659507e+00,,7.843357e-04,100.00,13.732
958,1.983075e+00,,7.838975e-04,100.00,13.730
959,1.892059e+00,,7.834590e-04,100.00,13.734
960,1.563938e+00,,7.830202e-04,100.00,13.731
961,1.864409e+00,,7.825811e-04,100.00,13.734
962,2.032576e+00,,7.821417e-04,100.00,13.733
963,1.678352e+00,,7.817019e-04,100.00,13.731
964,1.654196e+00,,7.812618e-04,100.00,13.732
965,1.954892e+00,,7.808214e-04,100.00,13.730
966,2.020518e+00,,7.803807e-04,100.00,13.729
967,1.757031e+00,,7.799397e-04,100.00,13.730
968,1.865660e+00,,7.794983e-04,100.00,13.735
969,1.962622e+00,,7.790567e-04,100.00,13.732
970,1.799252e+00,,7.786147e-04,100.00,13.731
971,1.802630e+00,,7.781724e-04,100.00,13.733
972,1.952539e+00,,7.777298e-04,100.00,13.736
973,1.809387e+00,,7.772868e-04,100.00,13.732
974,1.790515e+00,,7.768436e-04,100.00,13.731
975,1.884489e+00,,7.764000e-04,100.00,13.734
976,1.847817e+00,,7.759562e-04,100.00,13.731
977,1.822771e+00,,7.755120e-04,100.00,13.735
978,1.791842e+00,,7.750675e-04,100.00,13.731
979,1.865230e+00,,7.746227e-04,100.00,13.733
980,1.865265e+00,,7.741775e-04,100.00,13.729
981,1.759674e+00,,7.737321e-04,100.00,13.731
982,1.896611e+00,,7.732864e-04,100.00,13.730
983,1.808387e+00,,7.728403e-04,100.00,13.735
984,1.725850e+00,,7.723939e-04,100.00,13.733
985,1.903005e+00,,7.719473e-04,100.00,13.731
986,1.763359e+00,,7.715003e-04,100.00,13.735
987,1.764932e+00,,7.710530e-04,100.00,13.731
988,1.850615e+00,,7.706054e-04,100.00,13.730
989,1.700221e+00,,7.701575e-04,100.00,13.731
990,1.851587e+00,,7.697093e-04,100.00,13.736
991,1.792083e+00,,7.692608e-04,100.00,13.732
992,1.665330e+00,,7.688120e-04,100.00,13.734
993,1.922807e+00,,7.683628e-04,100.00,13.731
994,1.725734e+00,,7.679134e-04,100.00,13.736
995,1.645132e+00,,7.674637e-04,100.00,13.734
996,1.909729e+00,,7.670136e-04,100.00,13.732
997,1.620403e+00,,7.665633e-04,100.00,13.729
998,1.542118e+00,,7.661126e-04,100.00,13.731
999,1.827765e+00,1.894915e+00,7.656617e-04,73.00,16.156
1000,1.637749e+00,,7.652105e-04,100.00,13.729
1001,1.758678e+00,,7.647589e-04,100.00,13.729
1002,1.912449e+00,,7.643071e-04,100.00,13.726
1003,1.723700e+00,,7.638549e-04,100.00,13.728
1004,1.746557e+00,,7.634025e-04,100.00,13.730
1005,1.867137e+00,,7.629497e-04,100.00,13.727
1006,1.732156e+00,,7.624967e-04,100.00,13.725
1007,1.827033e+00,,7.620433e-04,100.00,13.730
1008,1.818355e+00,,7.615897e-04,100.00,13.730
1009,1.797419e+00,,7.611358e-04,100.00,13.728
1010,1.724381e+00,,7.606815e-04,100.00,13.727
1011,1.750407e+00,,7.602270e-04,100.00,13.727
1012,1.716127e+00,,7.597722e-04,100.00,13.727
1013,1.757300e+00,,7.593171e-04,100.00,13.728
1014,1.748356e+00,,7.588617e-04,100.00,13.726
1015,1.664517e+00,,7.584060e-04,100.00,13.724
1016,1.827216e+00,,7.579500e-04,100.00,13.726
1017,1.684457e+00,,7.574937e-04,100.00,13.727
1018,1.771688e+00,,7.570371e-04,100.00,13.722
1019,1.770645e+00,,7.565802e-04,100.00,13.727
1020,1.641566e+00,,7.561231e-04,100.00,13.728
1021,1.779021e+00,,7.556656e-04,100.00,13.724
1022,1.759259e+00,,7.552079e-04,100.00,13.727
1023,1.660455e+00,,7.547498e-04,100.00,13.726
1024,1.760331e+00,,7.542915e-04,100.00,13.727
1025,1.692208e+00,,7.538329e-04,100.00,13.728
1026,1.707587e+00,,7.533740e-04,100.00,13.728
1027,1.806915e+00,,7.529148e-04,100.00,13.727
1028,1.677584e+00,,7.524553e-04,100.00,13.727
1029,1.775944e+00,,7.519956e-04,100.00,13.709
1030,1.753243e+00,,7.515355e-04,100.00,13.690
1031,1.788911e+00,,7.510752e-04,100.00,13.681
1032,1.731378e+00,,7.506146e-04,100.00,13.680
1033,1.697361e+00,,7.501537e-04,100.00,13.685
1034,1.735324e+00,,7.496925e-04,100.00,13.681
1035,1.745890e+00,,7.492310e-04,100.00,13.681
1036,1.737848e+00,,7.487693e-04,100.00,13.681
1037,1.631674e+00,,7.483073e-04,100.00,13.681
1038,1.645331e+00,,7.478450e-04,100.00,13.683
1039,1.740822e+00,,7.473824e-04,100.00,13.683
1040,1.699005e+00,,7.469195e-04,100.00,13.680
1041,1.691757e+00,,7.464563e-04,100.00,13.684
1042,1.730815e+00,,7.459929e-04,100.00,13.684
1043,1.735054e+00,,7.455292e-04,100.00,13.685
1044,1.646650e+00,,7.450652e-04,100.00,13.680
1045,1.824599e+00,,7.446009e-04,100.00,13.680
1046,1.667459e+00,,7.441364e-04,100.00,13.681
1047,1.475082e+00,,7.436716e-04,100.00,13.681
1048,1.740273e+00,,7.432065e-04,100.00,13.679
1049,1.693801e+00,1.865467e+00,7.427411e-04,16.00,16.093
1050,1.587915e+00,,7.422754e-04,100.00,13.679
1051,1.945209e+00,,7.418095e-04,100.00,13.675
1052,1.327799e+00,,7.413433e-04,100.00,13.674
1053,1.177183e+00,,7.408768e-04,100.00,13.669
1054,1.614467e+00,,7.404101e-04,100.00,13.672
1055,1.819293e+00,,7.399431e-04,100.00,13.675
1056,1.503929e+00,,7.394758e-04,100.00,13.673
1057,1.530244e+00,,7.390082e-04,100.00,13.672
1058,1.700681e+00,,7.385404e-04,100.00,13.672
1059,1.937308e+00,,7.380723e-04,100.00,13.675
1060,1.821060e+00,,7.376039e-04,100.00,13.671
1061,1.822933e+00,,7.371353e-04,100.00,13.674
1062,1.785851e+00,,7.366663e-04,100.00,13.671
1063,1.733480e+00,,7.361972e-04,100.00,13.676
1064,1.682942e+00,,7.357277e-04,100.00,13.677
1065,1.827846e+00,,7.352580e-04,100.00,13.676
1066,1.787957e+00,,7.347880e-04,100.00,13.676
1067,1.654743e+00,,7.343178e-04,100.00,13.684
1068,1.734183e+00,,7.338473e-04,100.00,13.684
1069,1.740194e+00,,7.333765e-04,100.00,13.680
1070,1.717726e+00,,7.329054e-04,100.00,13.684
1071,1.728775e+00,,7.324341e-04,100.00,13.680
1072,1.774021e+00,,7.319625e-04,100.00,13.678
1073,1.700647e+00,,7.314907e-04,100.00,13.781
1074,1.757216e+00,,7.310186e-04,100.00,13.734
1075,1.743033e+00,,7.305463e-04,100.00,13.683
1076,1.738539e+00,,7.300736e-04,100.00,13.684
1077,1.755752e+00,,7.296007e-04,100.00,13.683
1078,1.633330e+00,,7.291276e-04,100.00,13.684
1079,1.656935e+00,,7.286542e-04,100.00,13.684
1080,1.783391e+00,,7.281805e-04,100.00,13.682
1081,1.668101e+00,,7.277066e-04,100.00,13.683
1082,1.730910e+00,,7.272324e-04,100.00,13.684
1083,1.722156e+00,,7.267580e-04,100.00,13.684
1084,1.739391e+00,,7.262833e-04,100.00,13.680
1085,1.709047e+00,,7.258084e-04,100.00,13.680
1086,1.705274e+00,,7.253331e-04,100.00,13.682
1087,1.700785e+00,,7.248577e-04,100.00,13.682
1088,1.717013e+00,,7.243820e-04,100.00,13.679
1089,1.706222e+00,,7.239060e-04,100.00,13.685
1090,1.548655e+00,,7.234298e-04,100.00,13.683
1091,1.637345e+00,,7.229533e-04,100.00,13.681
1092,1.743727e+00,,7.224766e-04,100.00,13.686
1093,1.669658e+00,,7.219996e-04,100.00,13.681
1094,1.716876e+00,,7.215223e-04,100.00,13.683
1095,1.633679e+00,,7.210448e-04,100.00,13.681
1096,1.688750e+00,,7.205671e-04,100.00,13.680
1097,1.679047e+00,,7.200891e-04,100.00,13.681
1098,1.628213e+00,,7.196109e-04,100.00,13.679
1099,1.853458e+00,2.263413e+00,7.191324e-04,16.00,15.967
1100,1.626878e+00,,7.186537e-04,100.00,13.686
1101,1.352196e+00,,7.181747e-04,100.00,13.680
1102,1.681836e+00,,7.176954e-04,100.00,13.683
1103,1.665979e+00,,7.172160e-04,100.00,13.687
1104,1.387692e+00,,7.167362e-04,100.00,13.682
1105,1.346570e+00,,7.162563e-04,100.00,13.682
1106,1.569666e+00,,7.157761e-04,100.00,13.681
1107,1.669780e+00,,7.152956e-04,100.00,13.684
1108,1.586954e+00,,7.148149e-04,100.00,13.684
1109,1.528199e+00,,7.143339e-04,100.00,13.680
1110,1.496110e+00,,7.138528e-04,100.00,13.684
1111,1.697303e+00,,7.133713e-04,100.00,13.683
1112,1.762672e+00,,7.128896e-04,100.00,13.683
1113,1.651813e+00,,7.124077e-04,100.00,13.683
1114,1.722185e+00,,7.119256e-04,100.00,13.684
1115,1.641066e+00,,7.114432e-04,100.00,13.682
1116,1.485975e+00,,7.109605e-04,100.00,13.681
1117,1.681005e+00,,7.104777e-04,100.00,13.681
1118,1.678635e+00,,7.099945e-04,100.00,13.686
1119,1.578953e+00,,7.095112e-04,100.00,13.684
1120,1.643197e+00,,7.090276e-04,100.00,13.681
1121,1.715878e+00,,7.085438e-04,100.00,13.684
1122,1.558460e+00,,7.080597e-04,100.00,13.683
1123,1.600117e+00,,7.075754e-04,100.00,13.683
1124,1.591054e+00,,7.070909e-04,100.00,13.681
1125,1.551361e+00,,7.066061e-04,100.00,13.685
1126,1.731921e+00,,7.061211e-04,100.00,13.679
1127,1.623086e+00,,7.056358e-04,100.00,13.682
1128,1.643191e+00,,7.051504e-04,100.00,13.681
1129,1.599371e+00,,7.046647e-04,100.00,13.683
1130,1.640135e+00,,7.041787e-04,100.00,13.683
1131,1.591360e+00,,7.036926e-04,100.00,13.680
1132,1.598136e+00,,7.032062e-04,100.00,13.683
1133,1.544776e+00,,7.027195e-04,100.00,13.683
1134,1.527442e+00,,7.022327e-04,100.00,13.683
1135,1.652486e+00,,7.017456e-04,100.00,13.682
1136,1.512827e+00,,7.012583e-04,100.00,13.685
1137,1.358860e+00,,7.007707e-04,100.00,13.680
1138,1.779376e+00,,7.002829e-04,100.00,13.686
1139,1.696934e+00,,6.997949e-04,100.00,13.684
1140,2.523875e+00,,6.993067e-04,100.00,13.685
1141,1.627852e+00,,6.988183e-04,100.00,13.684
1142,1.680086e+00,,6.983296e-04,100.00,13.683
1143,1.726129e+00,,6.978407e-04,100.00,13.684
1144,1.291929e+00,,6.973515e-04,100.00,13.684
1145,1.253373e+00,,6.968622e-04,100.00,13.689
1146,1.682125e+00,,6.963726e-04,100.00,13.687
1147,1.500586e+00,,6.958828e-04,100.00,13.688
1148,1.355750e+00,,6.953928e-04,100.00,13.685
1149,1.430849e+00,1.375479e+00,6.949026e-04,44.00,16.092
1150,1.724576e+00,,6.944121e-04,100.00,13.685
1151,1.752811e+00,,6.939214e-04,100.00,13.687
1152,1.566794e+00,,6.934305e-04,100.00,13.685
1153,1.636818e+00,,6.929394e-04,100.00,13.689
1154,1.575477e+00,,6.924480e-04,100.00,13.688
1155,1.586512e+00,,6.919565e-04,100.00,13.686
1156,1.733020e+00,,6.914647e-04,100.00,13.688
1157,1.618992e+00,,6.909727e-04,100.00,13.689
1158,1.731987e+00,,6.904805e-04,100.00,13.687
1159,1.723304e+00,,6.899881e-04,100.00,13.685
1160,1.610094e+00,,6.894954e-04,100.00,13.686
1161,1.748075e+00,,6.890026e-04,100.00,13.686
1162,1.575181e+00,,6.885095e-04,100.00,13.688
1163,1.457444e+00,,6.880162e-04,100.00,13.681
1164,1.912976e+00,,6.875227e-04,100.00,13.683
1165,1.826416e+00,,6.870290e-04,100.00,13.688
1166,1.415763e+00,,6.865351e-04,100.00,13.685
1167,1.319919e+00,,6.860409e-04,100.00,13.684
1168,1.265987e+00,,6.855466e-04,100.00,13.683
1169,1.095341e+00,,6.850520e-04,100.00,13.689
1170,1.709344e+00,,6.845573e-04,100.00,13.683
1171,1.825201e+00,,6.840623e-04,100.00,13.684
1172,1.718320e+00,,6.835671e-04,100.00,13.683
1173,1.409475e+00,,6.830717e-04,100.00,13.724
1174,1.915954e+00,,6.825761e-04,100.00,13.721
1175,1.682548e+00,,6.820803e-04,100.00,13.738
1176,1.314977e+00,,6.815843e-04,100.00,13.748
1177,1.861149e+00,,6.810881e-04,100.00,13.747
1178,1.820805e+00,,6.805916e-04,100.00,13.752
1179,1.358664e+00,,6.800950e-04,100.00,13.743
1180,1.923538e+00,,6.795982e-04,100.00,13.748
1181,1.588234e+00,,6.791011e-04,100.00,13.748
1182,1.310165e+00,,6.786039e-04,100.00,13.748
1183,2.015099e+00,,6.781064e-04,100.00,13.749
1184,1.056835e+00,,6.776088e-04,100.00,13.749
1185,1.662874e+00,,6.771109e-04,100.00,13.743
1186,1.948192e+00,,6.766129e-04,100.00,13.751
1187,1.177077e+00,,6.761146e-04,100.00,13.748
1188,1.754027e+00,,6.756162e-04,100.00,13.747
1189,2.033707e+00,,6.751175e-04,100.00,13.749
1190,1.181372e+00,,6.746187e-04,100.00,13.745
1191,1.476635e+00,,6.741197e-04,100.00,13.749
1192,2.099587e+00,,6.736204e-04,100.00,13.745
1193,1.188421e+00,,6.731210e-04,100.00,13.748
1194,1.271710e+00,,6.726213e-04,100.00,13.747
1195,1.841349e+00,,6.721215e-04,100.00,13.747
1196,1.644116e+00,,6.716215e-04,100.00,13.748
1197,1.182430e+00,,6.711213e-04,100.00,13.747
1198,1.657900e+00,,6.706208e-04,100.00,13.748
1199,1.886671e+00,1.053519e+00,6.701202e-04,12.00,16.174
1200,1.009334e+00,,6.696194e-04,100.00,13.750
1201,1.760238e+00,,6.691184e-04,100.00,13.745
1202,1.773401e+00,,6.686173e-04,100.00,13.697
1203,1.294732e+00,,6.681159e-04,100.00,13.697
1204,1.586978e+00,,6.676143e-04,100.00,13.784
1205,1.868240e+00,,6.671126e-04,100.00,13.714
1206,1.109024e+00,,6.666106e-04,100.00,13.690
1207,1.696193e+00,,6.661085e-04,100.00,13.685
1208,1.636808e+00,,6.656061e-04,100.00,13.686
1209,1.224987e+00,,6.651036e-04,100.00,13.689
1210,1.707925e+00,,6.646009e-04,100.00,13.689
1211,1.263901e+00,,6.640980e-04,100.00,13.686
1212,1.690703e+00,,6.635950e-04,100.00,13.693
1213,1.417526e+00,,6.630917e-04,100.00,13.694
1214,1.410844e+00,,6.625883e-04,100.00,13.697
1215,1.658831e+00,,6.620846e-04,100.00,13.693
1216,1.274402e+00,,6.615808e-04,100.00,13.697
1217,1.740390e+00,,6.610768e-04,100.00,13.692
1218,1.309309e+00,,6.605727e-04,100.00,13.694
1219,1.569602e+00,,6.600683e-04,100.00,13.693
1220,1.289771e+00,,6.595638e-04,100.00,13.694
1221,1.990723e+00,,6.590590e-04,100.00,13.694
1222,9.727669e-01,,6.585541e-04,100.00,13.691
1223,1.665067e+00,,6.580491e-04,100.00,13.695
1224,1.847840e+00,,6.575438e-04,100.00,13.691
1225,9.246825e-01,,6.570384e-04,100.00,13.694
1226,1.459087e+00,,6.565327e-04,100.00,13.694
1227,2.061884e+00,,6.560269e-04,100.00,13.696
1228,1.001774e+00,,6.555210e-04,100.00,13.692
1229,1.086653e+00,,6.550148e-04,100.00,13.692
1230,1.553231e+00,,6.545085e-04,100.00,13.690
1231,1.979824e+00,,6.540020e-04,100.00,13.689
1232,1.329343e+00,,6.534953e-04,100.00,13.687
1233,1.283539e+00,,6.529885e-04,100.00,13.688
1234,1.439459e+00,,6.524815e-04,100.00,13.692
1235,1.810033e+00,,6.519743e-04,100.00,13.691
1236,1.442002e+00,,6.514669e-04,100.00,13.687
1237,1.546784e+00,,6.509594e-04,100.00,13.689
1238,1.646012e+00,,6.504516e-04,100.00,13.689
1239,1.265963e+00,,6.499438e-04,100.00,13.687
1240,1.594476e+00,,6.494357e-04,100.00,13.692
1241,1.607233e+00,,6.489275e-04,100.00,13.690
1242,1.236197e+00,,6.484191e-04,100.00,13.690
1243,1.826216e+00,,6.479105e-04,100.00,13.691
1244,1.158971e+00,,6.474018e-04,100.00,13.691
1245,1.714040e+00,,6.468929e-04,100.00,13.691
1246,1.376626e+00,,6.463839e-04,100.00,13.688
1247,1.317844e+00,,6.458746e-04,100.00,13.689
1248,1.774586e+00,,6.453652e-04,100.00,13.688
1249,1.161608e+00,1.818391e+00,6.448557e-04,12.00,15.990
1250,1.654489e+00,,6.443460e-04,100.00,13.688
1251,1.390742e+00,,6.438361e-04,100.00,13.686
1252,1.377572e+00,,6.433260e-04,100.00,13.685
1253,1.697929e+00,,6.428158e-04,100.00,13.689
1254,1.042863e+00,,6.423055e-04,100.00,13.687
1255,1.589134e+00,,6.417949e-04,100.00,13.688
1256,1.625398e+00,,6.412842e-04,100.00,13.686
1257,1.137810e+00,,6.407734e-04,100.00,13.685
1258,1.581064e+00,,6.402624e-04,100.00,13.687
1259,1.557510e+00,,6.397512e-04,100.00,13.684
1260,1.091053e+00,,6.392399e-04,100.00,13.687
1261,1.659591e+00,,6.387284e-04,100.00,13.686
1262,1.265853e+00,,6.382167e-04,100.00,13.815
1263,1.638900e+00,,6.377049e-04,100.00,13.685
1264,1.333744e+00,,6.371930e-04,100.00,13.688
1265,1.556625e+00,,6.366809e-04,100.00,13.686
1266,1.310062e+00,,6.361686e-04,100.00,13.687
1267,1.488822e+00,,6.356562e-04,100.00,13.689
1268,1.319637e+00,,6.351436e-04,100.00,13.685
1269,1.577010e+00,,6.346309e-04,100.00,13.691
1270,1.190984e+00,,6.341180e-04,100.00,13.686
1271,1.579176e+00,,6.336049e-04,100.00,13.689
1272,1.442730e+00,,6.330917e-04,100.00,13.688
1273,1.155516e+00,,6.325784e-04,100.00,13.688
1274,1.767571e+00,,6.320649e-04,100.00,13.685
1275,1.109118e+00,,6.315513e-04,100.00,13.689
1276,1.564660e+00,,6.310375e-04,100.00,13.687
1277,1.656618e+00,,6.305236e-04,100.00,13.686
1278,1.062750e+00,,6.300095e-04,100.00,13.687
1279,1.615661e+00,,6.294952e-04,100.00,13.689
1280,1.333408e+00,,6.289809e-04,100.00,13.683
1281,1.400597e+00,,6.284663e-04,100.00,13.685
1282,1.341739e+00,,6.279517e-04,100.00,13.693
1283,1.414499e+00,,6.274369e-04,100.00,13.687
1284,1.407724e+00,,6.269219e-04,100.00,13.688
1285,1.469632e+00,,6.264068e-04,100.00,13.689
1286,1.302520e+00,,6.258915e-04,100.00,13.691
1287,1.521921e+00,,6.253762e-04,100.00,13.690
1288,1.072054e+00,,6.248606e-04,100.00,13.688
1289,1.494957e+00,,6.243449e-04,100.00,13.690
1290,1.492813e+00,,6.238291e-04,100.00,13.690
1291,1.195287e+00,,6.233132e-04,100.00,13.692
1292,1.467968e+00,,6.227971e-04,100.00,13.689
1293,1.548293e+00,,6.222808e-04,100.00,13.694
1294,1.027532e+00,,6.217645e-04,100.00,13.689
1295,1.737396e+00,,6.212480e-04,100.00,13.693
1296,1.074562e+00,,6.207313e-04,100.00,13.693
1297,1.482171e+00,,6.202145e-04,100.00,13.694
1298,1.670999e+00,,6.196976e-04,100.00,13.693
1299,1.005094e+00,1.744341e+00,6.191805e-04,13.00,15.979
1300,1.609105e+00,,6.186633e-04,100.00,13.695
1301,1.467712e+00,,6.181460e-04,100.00,13.699
1302,1.032108e+00,,6.176286e-04,100.00,13.698
1303,1.554063e+00,,6.171110e-04,100.00,13.695
1304,1.499289e+00,,6.165932e-04,100.00,13.699
1305,1.176599e+00,,6.160754e-04,100.00,13.696
1306,1.488092e+00,,6.155574e-04,100.00,13.702
1307,1.735342e+00,,6.150393e-04,100.00,13.696
1308,9.814284e-01,,6.145210e-04,100.00,13.696
1309,9.801260e-01,,6.140026e-04,100.00,13.696
1310,9.564521e-01,,6.134841e-04,100.00,13.696
1311,1.181099e+00,,6.129655e-04,100.00,13.696
1312,1.924667e+00,,6.124467e-04,100.00,13.697
1313,1.273526e+00,,6.119278e-04,100.00,13.697
1314,1.254053e+00,,6.114088e-04,100.00,13.698
1315,1.253638e+00,,6.108896e-04,100.00,13.699
1316,1.314485e+00,,6.103704e-04,100.00,13.696
1317,1.423902e+00,,6.098510e-04,100.00,13.696
1318,1.277897e+00,,6.093314e-04,100.00,13.700
1319,1.217820e+00,,6.088118e-04,100.00,13.699
1320,1.133344e+00,,6.082920e-04,100.00,13.697
1321,1.170088e+00,,6.077721e-04,100.00,13.700
1322,1.604752e+00,,6.072521e-04,100.00,13.697
1323,1.527210e+00,,6.067320e-04,100.00,13.697
1324,1.142169e+00,,6.062117e-04,100.00,13.699
1325,1.200714e+00,,6.056913e-04,100.00,13.696
1326,1.464613e+00,,6.051708e-04,100.00,13.698
1327,1.564371e+00,,6.046502e-04,100.00,13.702
1328,1.134723e+00,,6.041295e-04,100.00,13.697
1329,1.356583e+00,,6.036086e-04,100.00,13.697
1330,1.639576e+00,,6.030876e-04,100.00,13.698
1331,1.065000e+00,,6.025665e-04,100.00,13.697
1332,1.345635e+00,,6.020453e-04,100.00,13.693
1333,1.513903e+00,,6.015240e-04,100.00,13.699
1334,1.323043e+00,,6.010026e-04,100.00,13.697
1335,1.496939e+00,,6.004810e-04,100.00,13.698
1336,1.168366e+00,,5.999593e-04,100.00,13.698
1337,1.582991e+00,,5.994376e-04,100.00,13.694
1338,1.113704e+00,,5.989157e-04,100.00,13.697
1339,1.520436e+00,,5.983937e-04,100.00,13.696
1340,1.263623e+00,,5.978715e-04,100.00,13.696
1341,1.414014e+00,,5.973493e-04,100.00,13.700
1342,1.431576e+00,,5.968270e-04,100.00,13.696
1343,1.379059e+00,,5.963045e-04,100.00,13.698
1344,1.401965e+00,,5.957820e-04,100.00,13.696
1345,1.458380e+00,,5.952593e-04,100.00,13.696
1346,1.141679e+00,,5.947365e-04,100.00,13.697
1347,1.507083e+00,,5.942136e-04,100.00,13.697
1348,1.263195e+00,,5.936907e-04,100.00,13.699
1349,1.327097e+00,1.562989e+00,5.931676e-04,12.00,15.984
1350,1.570728e+00,,5.926444e-04,100.00,13.692
1351,1.200703e+00,,5.921211e-04,100.00,13.700
1352,1.458871e+00,,5.915976e-04,100.00,13.698
1353,1.395484e+00,,5.910741e-04,100.00,13.695
1354,1.443901e+00,,5.905505e-04,100.00,13.696
1355,1.633105e+00,,5.900268e-04,100.00,13.696
1356,1.108039e+00,,5.895030e-04,100.00,13.697
1357,1.681265e+00,,5.889791e-04,100.00,13.694
1358,1.476630e+00,,5.884550e-04,100.00,13.697
1359,1.140457e+00,,5.879309e-04,100.00,13.700
1360,1.727514e+00,,5.874067e-04,100.00,13.696
1361,1.328837e+00,,5.868824e-04,100.00,13.695
1362,1.292847e+00,,5.863579e-04,100.00,13.695
1363,1.814237e+00,,5.858334e-04,100.00,13.696
1364,9.436058e-01,,5.853088e-04,100.00,13.695
1365,1.015299e+00,,5.847841e-04,100.00,13.697
1366,1.774574e+00,,5.842593e-04,100.00,13.697
1367,1.234361e+00,,5.837344e-04,100.00,13.694
1368,1.266330e+00,,5.832094e-04,100.00,13.698
1369,1.591288e+00,,5.826843e-04,100.00,13.695
1370,1.175940e+00,,5.821591e-04,100.00,13.698
1371,1.484023e+00,,5.816338e-04,100.00,13.697
1372,1.447043e+00,,5.811084e-04,100.00,13.695
1373,1.299692e+00,,5.805830e-04,100.00,13.699
1374,1.537208e+00,,5.800574e-04,100.00,13.697
1375,1.127741e+00,,5.795317e-04,100.00,13.699
1376,1.336868e+00,,5.790060e-04,100.00,13.699
1377,1.735107e+00,,5.784802e-04,100.00,13.694
1378,1.009117e+00,,5.779543e-04,100.00,13.697
1379,1.122947e+00,,5.774283e-04,100.00,13.693
1380,1.657908e+00,,5.769022e-04,100.00,13.697
1381,1.147292e+00,,5.763760e-04,100.00,13.700
1382,1.119422e+00,,5.758497e-04,100.00,13.696
1383,1.187823e+00,,5.753234e-04,100.00,13.699
1384,1.272531e+00,,5.747969e-04,100.00,13.697
1385,1.378474e+00,,5.742704e-04,100.00,13.696
1386,1.293304e+00,,5.737438e-04,100.00,13.692
1387,1.224489e+00,,5.732171e-04,100.00,13.697
1388,1.183498e+00,,5.726903e-04,100.00,13.698
1389,1.110428e+00,,5.721635e-04,100.00,13.699
1390,1.111765e+00,,5.716365e-04,100.00,13.695
1391,1.176701e+00,,5.711095e-04,100.00,13.696
1392,1.389619e+00,,5.705824e-04,100.00,13.695
1393,1.454828e+00,,5.700552e-04,100.00,13.699
1394,1.323248e+00,,5.695280e-04,100.00,13.696
1395,1.306900e+00,,5.690006e-04,100.00,13.698
1396,1.382613e+00,,5.684732e-04,100.00,13.697
1397,1.408315e+00,,5.679457e-04,100.00,13.696
1398,1.298262e+00,,5.674181e-04,100.00,13.695
1399,1.371874e+00,1.456220e+00,5.668905e-04,16.00,15.981
1400,1.423949e+00,,5.663628e-04,100.00,13.697
1401,1.375258e+00,,5.658350e-04,100.00,13.695
1402,1.392045e+00,,5.653071e-04,100.00,13.699
1403,1.329143e+00,,5.647791e-04,100.00,13.696
1404,1.382137e+00,,5.642511e-04,100.00,13.696
1405,1.304509e+00,,5.637230e-04,100.00,13.695
1406,1.365162e+00,,5.631949e-04,100.00,13.697
1407,1.373758e+00,,5.626666e-04,100.00,13.696
1408,1.269774e+00,,5.621383e-04,100.00,13.697
1409,1.388100e+00,,5.616099e-04,100.00,13.696
1410,1.415728e+00,,5.610815e-04,100.00,13.697
1411,1.334912e+00,,5.605530e-04,100.00,13.695
1412,1.322155e+00,,5.600244e-04,100.00,13.695
1413,1.382290e+00,,5.594957e-04,100.00,13.697
1414,1.320662e+00,,5.589670e-04,100.00,13.696
1415,1.344925e+00,,5.584382e-04,100.00,13.696
1416,1.403285e+00,,5.579093e-04,100.00,13.694
1417,1.270989e+00,,5.573804e-04,100.00,13.694
1418,1.319175e+00,,5.568514e-04,100.00,13.695
1419,1.385518e+00,,5.563224e-04,100.00,13.696
1420,1.301678e+00,,5.557933e-04,100.00,13.694
1421,1.386329e+00,,5.552641e-04,100.00,13.696
1422,1.373037e+00,,5.547348e-04,100.00,13.696
1423,1.229046e+00,,5.542055e-04,100.00,13.691
1424,1.373639e+00,,5.536762e-04,100.00,13.695
1425,1.320542e+00,,5.531467e-04,100.00,13.694
1426,1.255030e+00,,5.526173e-04,100.00,13.693
1427,1.450785e+00,,5.520877e-04,100.00,13.692
1428,1.307383e+00,,5.515581e-04,100.00,13.697
1429,1.269672e+00,,5.510284e-04,100.00,13.692
1430,1.510515e+00,,5.504987e-04,100.00,13.694
1431,1.523376e+00,,5.499689e-04,100.00,13.694
1432,2.979748e+00,,5.494391e-04,100.00,13.695
1433,1.814779e+00,,5.489092e-04,100.00,13.696
1434,1.658346e+00,,5.483793e-04,100.00,13.693
1435,2.155838e+00,,5.478493e-04,100.00,13.693
1436,1.061689e+00,,5.473192e-04,100.00,13.695
1437,1.690435e+00,,5.467891e-04,100.00,13.698
1438,1.942427e+00,,5.462589e-04,100.00,13.695
1439,1.022390e+00,,5.457287e-04,100.00,13.693
1440,1.177948e+00,,5.451984e-04,100.00,13.694
1441,1.822905e+00,,5.446681e-04,100.00,13.696
1442,1.403774e+00,,5.441378e-04,100.00,13.695
1443,1.730262e+00,,5.436073e-04,100.00,13.696
1444,1.367530e+00,,5.430769e-04,100.00,13.695
1445,1.044178e+00,,5.425464e-04,100.00,13.695
1446,1.261741e+00,,5.420158e-04,100.00,13.696
1447,1.674520e+00,,5.414852e-04,100.00,13.695
1448,1.363728e+00,,5.409545e-04,100.00,13.694
1449,1.099060e+00,1.482116e+00,5.404238e-04,12.00,15.984
1450,1.383268e+00,,5.398931e-04,100.00,13.694
1451,1.282623e+00,,5.393623e-04,100.00,13.691
1452,1.396145e+00,,5.388314e-04,100.00,13.690
1453,1.226163e+00,,5.383005e-04,100.00,13.694
1454,1.353757e+00,,5.377696e-04,100.00,13.694
1455,1.345603e+00,,5.372386e-04,100.00,13.695
1456,1.205344e+00,,5.367076e-04,100.00,13.693
1457,1.413079e+00,,5.361765e-04,100.00,13.694
1458,1.207251e+00,,5.356454e-04,100.00,13.693
1459,1.229079e+00,,5.351143e-04,100.00,13.697
1460,1.257689e+00,,5.345831e-04,100.00,13.695
1461,1.275960e+00,,5.340519e-04,100.00,13.695
1462,1.307492e+00,,5.335207e-04,100.00,13.692
1463,1.206846e+00,,5.329894e-04,100.00,13.693
1464,1.229103e+00,,5.324580e-04,100.00,13.695
1465,1.330993e+00,,5.319267e-04,100.00,13.694
1466,1.037624e+00,,5.313953e-04,100.00,13.696
1467,1.444903e+00,,5.308638e-04,100.00,13.694
1468,1.091013e+00,,5.303323e-04,100.00,13.696
1469,1.122356e+00,,5.298008e-04,100.00,13.696
1470,1.433909e+00,,5.292693e-04,100.00,13.695
1471,1.069380e+00,,5.287377e-04,100.00,13.692
1472,1.212159e+00,,5.282061e-04,100.00,13.698
1473,1.236810e+00,,5.276745e-04,100.00,13.694
1474,1.189886e+00,,5.271428e-04,100.00,13.694
1475,1.221925e+00,,5.266111e-04,100.00,13.694
1476,1.294517e+00,,5.260794e-04,100.00,13.697
1477,1.157781e+00,,5.255476e-04,100.00,13.694
1478,1.262389e+00,,5.250158e-04,100.00,13.695
1479,1.322955e+00,,5.244840e-04,100.00,13.695
1480,9.890505e-01,,5.239521e-04,100.00,13.695
1481,1.417218e+00,,5.234203e-04,100.00,13.696
1482,1.160473e+00,,5.228884e-04,100.00,13.692
1483,1.059636e+00,,5.223564e-04,100.00,13.697
1484,1.578133e+00,,5.218245e-04,100.00,13.695
1485,9.203578e-01,,5.212925e-04,100.00,13.696
1486,1.180473e+00,,5.207605e-04,100.00,13.694
1487,1.491956e+00,,5.202285e-04,100.00,13.695
1488,9.118205e-01,,5.196964e-04,100.00,13.696
1489,1.148539e+00,,5.191643e-04,100.00,13.697
1490,1.468721e+00,,5.186323e-04,100.00,13.698
1491,8.493800e-01,,5.181001e-04,100.00,13.692
1492,1.053458e+00,,5.175680e-04,100.00,13.695
1493,1.755461e+00,,5.170358e-04,100.00,13.693
1494,9.747995e-01,,5.165037e-04,100.00,13.698
1495,8.828978e-01,,5.159715e-04,100.00,13.697
1496,1.068358e+00,,5.154393e-04,100.00,13.693
1497,1.315521e+00,,5.149070e-04,100.00,13.695
1498,1.267015e+00,,5.143748e-04,100.00,13.731
1499,1.052773e+00,9.189049e-01,5.138425e-04,43.00,16.266
1500,1.059025e+00,,5.133103e-04,100.00,13.841
1501,1.085789e+00,,5.127780e-04,100.00,13.692
1502,1.305572e+00,,5.122457e-04,100.00,13.690
1503,1.235933e+00,,5.117133e-04,100.00,13.688
1504,1.114061e+00,,5.111810e-04,100.00,13.692
1505,1.150514e+00,,5.106487e-04,100.00,13.691
1506,1.256301e+00,,5.101163e-04,100.00,13.690
1507,1.223488e+00,,5.095839e-04,100.00,13.689
1508,1.209884e+00,,5.090516e-04,100.00,13.693
1509,1.233364e+00,,5.085192e-04,100.00,13.689
1510,1.199078e+00,,5.079868e-04,100.00,13.691
1511,1.151829e+00,,5.074544e-04,100.00,13.689
1512,1.236422e+00,,5.069219e-04,100.00,13.690
1513,1.216953e+00,,5.063895e-04,100.00,13.692
1514,1.146687e+00,,5.058571e-04,100.00,13.690
1515,1.207078e+00,,5.053246e-04,100.00,13.686
1516,1.179585e+00,,5.047922e-04,100.00,13.689
1517,1.195031e+00,,5.042597e-04,100.00,13.689
1518,1.219487e+00,,5.037273e-04,100.00,13.690
1519,1.180398e+00,,5.031948e-04,100.00,13.692
1520,1.218836e+00,,5.026624e-04,100.00,13.692
1521,1.174010e+00,,5.021299e-04,100.00,13.687
1522,1.134304e+00,,5.015974e-04,100.00,13.689
1523,1.214981e+00,,5.010649e-04,100.00,13.692
1524,1.137891e+00,,5.005325e-04,100.00,13.693
1525,1.169766e+00,,5.000000e-04,100.00,13.690
1526,1.225425e+00,,4.994675e-04,100.00,13.691
1527,1.198811e+00,,4.989351e-04,100.00,13.690
1528,1.196120e+00,,4.984026e-04,100.00,13.690
1529,1.178346e+00,,4.978701e-04,100.00,13.692
1530,1.183394e+00,,4.973376e-04,100.00,13.691
1531,1.165621e+00,,4.968052e-04,100.00,13.691
1532,1.175923e+00,,4.962727e-04,100.00,13.693
1533,1.197225e+00,,4.957403e-04,100.00,13.691
1534,1.132982e+00,,4.952078e-04,100.00,13.689
1535,1.165204e+00,,4.946754e-04,100.00,13.731
1536,1.158334e+00,,4.941429e-04,100.00,13.738
1537,1.108171e+00,,4.936105e-04,100.00,13.729
1538,1.156419e+00,,4.930781e-04,100.00,13.732
1539,1.195707e+00,,4.925456e-04,100.00,13.727
1540,1.152291e+00,,4.920132e-04,100.00,13.727
1541,1.134522e+00,,4.914808e-04,100.00,13.726
1542,1.177110e+00,,4.909484e-04,100.00,13.729
1543,1.208771e+00,,4.904161e-04,100.00,13.726
1544,1.128044e+00,,4.898837e-04,100.00,13.723
1545,1.149538e+00,,4.893513e-04,100.00,13.726
1546,1.185725e+00,,4.888190e-04,100.00,13.726
1547,1.148747e+00,,4.882867e-04,100.00,13.729
1548,1.116611e+00,,4.877543e-04,100.00,13.725
1549,1.173482e+00,1.336184e+00,4.872220e-04,16.00,16.025
1550,1.174938e+00,,4.866897e-04,100.00,13.729
1551,1.111711e+00,,4.861575e-04,100.00,13.726
1552,1.186752e+00,,4.856252e-04,100.00,13.729
1553,1.146398e+00,,4.850930e-04,100.00,13.726
1554,1.088670e+00,,4.845607e-04,100.00,13.728
1555,1.217101e+00,,4.840285e-04,100.00,13.731
1556,1.162982e+00,,4.834963e-04,100.00,13.725
1557,1.081463e+00,,4.829642e-04,100.00,13.729
1558,1.214963e+00,,4.824320e-04,100.00,13.728
1559,1.124710e+00,,4.818999e-04,100.00,13.729
1560,9.389618e-01,,4.813677e-04,100.00,13.728
1561,8.754050e-01,,4.808357e-04,100.00,13.727
1562,9.019968e-01,,4.803036e-04,100.00,13.728
1563,1.021308e+00,,4.797715e-04,100.00,13.729
1564,1.124027e+00,,4.792395e-04,100.00,13.729
1565,1.133038e+00,,4.787075e-04,100.00,13.727
1566,1.112630e+00,,4.781755e-04,100.00,13.728
1567,1.075628e+00,,4.776436e-04,100.00,13.731
1568,1.031145e+00,,4.771116e-04,100.00,13.728
1569,9.874668e-01,,4.765797e-04,100.00,13.729
1570,1.017181e+00,,4.760479e-04,100.00,13.732
1571,1.090187e+00,,4.755160e-04,100.00,13.727
1572,1.067059e+00,,4.749842e-04,100.00,13.727
1573,9.586140e-01,,4.744524e-04,100.00,13.780
1574,9.101419e-01,,4.739206e-04,100.00,13.847
1575,9.177825e-01,,4.733889e-04,100.00,13.843
1576,8.565752e-01,,4.728572e-04,100.00,13.837
1577,7.565855e-01,,4.723255e-04,100.00,13.850
1578,8.527409e-01,,4.717939e-04,100.00,13.730
1579,7.708810e-01,,4.712623e-04,100.00,13.729
1580,7.591201e-01,,4.707307e-04,100.00,13.726
1581,8.634587e-01,,4.701992e-04,100.00,13.729
1582,7.468652e-01,,4.696677e-04,100.00,13.728
1583,8.582014e-01,,4.691362e-04,100.00,13.728
1584,7.051616e-01,,4.686047e-04,100.00,13.727
1585,7.621779e-01,,4.680733e-04,100.00,13.728
1586,8.377726e-01,,4.675420e-04,100.00,13.703
1587,7.477750e-01,,4.670106e-04,100.00,13.692
1588,8.512841e-01,,4.664793e-04,100.00,13.693
1589,7.688156e-01,,4.659481e-04,100.00,13.692
1590,8.330756e-01,,4.654169e-04,100.00,13.693
1591,7.507772e-01,,4.648857e-04,100.00,13.809
1592,8.405174e-01,,4.643546e-04,100.00,13.827
1593,7.799959e-01,,4.638235e-04,100.00,13.774
1594,8.211307e-01,,4.632924e-04,100.00,13.691
1595,7.833328e-01,,4.627614e-04,100.00,13.687
1596,8.582976e-01,,4.622304e-04,100.00,13.687
1597,7.631024e-01,,4.616995e-04,100.00,13.688
1598,8.109097e-01,,4.611686e-04,100.00,13.687
1599,8.336122e-01,7.617212e-01,4.606377e-04,0.00,16.429
1600,7.477625e-01,,4.601069e-04,100.00,13.839
1601,8.102870e-01,,4.595762e-04,100.00,13.762
1602,8.354741e-01,,4.590455e-04,100.00,13.694
1603,7.768930e-01,,4.585148e-04,100.00,13.700
1604,7.840007e-01,,4.579842e-04,100.00,13.696
1605,8.328053e-01,,4.574536e-04,100.00,13.696
1606,8.051396e-01,,4.569231e-04,100.00,13.695
1607,7.483282e-01,,4.563927e-04,100.00,13.697
1608,8.158872e-01,,4.558622e-04,100.00,13.695
1609,7.835208e-01,,4.553319e-04,100.00,13.776
1610,7.935526e-01,,4.548016e-04,100.00,13.820
1611,7.969798e-01,,4.542713e-04,100.00,13.826
1612,8.070629e-01,,4.537411e-04,100.00,13.820
1613,7.843461e-01,,4.532109e-04,100.00,13.847
1614,8.257981e-01,,4.526808e-04,100.00,13.701
1615,7.967847e-01,,4.521507e-04,100.00,13.695
1616,8.259932e-01,,4.516207e-04,100.00,13.694
1617,8.176723e-01,,4.510908e-04,100.00,13.692
1618,7.873291e-01,,4.505609e-04,100.00,13.695
1619,8.007194e-01,,4.500311e-04,100.00,13.690
1620,8.017885e-01,,4.495013e-04,100.00,13.693
1621,7.972824e-01,,4.489716e-04,100.00,13.686
1622,8.069628e-01,,4.484419e-04,100.00,13.689
1623,7.842952e-01,,4.479123e-04,100.00,13.690
1624,7.971809e-01,,4.473827e-04,100.00,13.689
1625,7.900424e-01,,4.468533e-04,100.00,13.689
1626,7.943233e-01,,4.463238e-04,100.00,13.689
1627,7.768163e-01,,4.457945e-04,100.00,13.688
1628,7.846650e-01,,4.452652e-04,100.00,13.688
1629,8.480218e-01,,4.447359e-04,100.00,13.690
1630,7.302483e-01,,4.442067e-04,100.00,13.687
1631,8.142766e-01,,4.436776e-04,100.00,13.688
1632,7.969071e-01,,4.431486e-04,100.00,13.697
1633,7.744455e-01,,4.426196e-04,100.00,13.700
1634,8.074882e-01,,4.420907e-04,100.00,13.702
1635,7.951854e-01,,4.415618e-04,100.00,13.697
1636,8.051470e-01,,4.410330e-04,100.00,13.701
1637,7.896403e-01,,4.405043e-04,100.00,13.698
1638,8.177618e-01,,4.399756e-04,100.00,13.695
1639,7.349826e-01,,4.394470e-04,100.00,13.688
1640,8.232065e-01,,4.389185e-04,100.00,13.692
1641,7.511843e-01,,4.383901e-04,100.00,13.689
1642,8.413367e-01,,4.378617e-04,100.00,13.690
1643,7.214911e-01,,4.373334e-04,100.00,13.689
1644,8.307669e-01,,4.368051e-04,100.00,13.688
1645,7.498805e-01,,4.362770e-04,100.00,13.689
1646,8.110783e-01,,4.357489e-04,100.00,13.689
1647,7.852277e-01,,4.352209e-04,100.00,13.691
1648,7.708699e-01,,4.346929e-04,100.00,13.690
1649,8.114460e-01,7.255575e-01,4.341650e-04,71.00,16.105
1650,7.507510e-01,,4.336372e-04,100.00,13.687
1651,7.986619e-01,,4.331095e-04,100.00,13.688
1652,7.951970e-01,,4.325819e-04,100.00,13.686
1653,7.911463e-01,,4.320543e-04,100.00,13.685
1654,7.667265e-01,,4.315268e-04,100.00,13.689
1655,8.123740e-01,,4.309994e-04,100.00,13.688
1656,7.322270e-01,,4.304720e-04,100.00,13.685
1657,8.160239e-01,,4.299448e-04,100.00,13.687
1658,7.905272e-01,,4.294176e-04,100.00,13.690
1659,7.906135e-01,,4.288905e-04,100.00,13.688
1660,7.934281e-01,,4.283635e-04,100.00,13.688
1661,7.928485e-01,,4.278365e-04,100.00,13.687
1662,7.744532e-01,,4.273097e-04,100.00,13.691
1663,8.079739e-01,,4.267829e-04,100.00,13.692
1664,7.830571e-01,,4.262562e-04,100.00,13.691
1665,7.644487e-01,,4.257296e-04,100.00,13.690
1666,7.738303e-01,,4.252031e-04,100.00,13.689
1667,8.032802e-01,,4.246766e-04,100.00,13.687
1668,7.676721e-01,,4.241503e-04,100.00,13.695
1669,7.793773e-01,,4.236240e-04,100.00,13.688
1670,8.413851e-01,,4.230978e-04,100.00,13.689
1671,6.971770e-01,,4.225717e-04,100.00,13.687
1672,7.962157e-01,,4.220457e-04,100.00,13.690
1673,7.643578e-01,,4.215198e-04,100.00,13.689
1674,7.743192e-01,,4.209940e-04,100.00,13.691
1675,7.965878e-01,,4.204683e-04,100.00,13.690
1676,7.895677e-01,,4.199426e-04,100.00,13.692
1677,7.550998e-01,,4.194170e-04,100.00,13.692
1678,8.002552e-01,,4.188916e-04,100.00,13.687
1679,7.661892e-01,,4.183662e-04,100.00,13.688
1680,7.898408e-01,,4.178409e-04,100.00,13.691
1681,7.148690e-01,,4.173157e-04,100.00,13.693
1682,8.146293e-01,,4.167906e-04,100.00,13.691
1683,7.285013e-01,,4.162656e-04,100.00,13.691
1684,8.083782e-01,,4.157407e-04,100.00,13.697
1685,7.868918e-01,,4.152159e-04,100.00,13.692
1686,7.435799e-01,,4.146912e-04,100.00,13.693
1687,7.773015e-01,,4.141666e-04,100.00,13.694
1688,7.637224e-01,,4.136421e-04,100.00,13.693
1689,7.658045e-01,,4.131176e-04,100.00,13.693
1690,7.797208e-01,,4.125933e-04,100.00,13.693
1691,7.442516e-01,,4.120691e-04,100.00,13.692
1692,7.838816e-01,,4.115450e-04,100.00,13.695
1693,7.816190e-01,,4.110209e-04,100.00,13.695
1694,7.620404e-01,,4.104970e-04,100.00,13.693
1695,7.732450e-01,,4.099732e-04,100.00,13.694
1696,7.762960e-01,,4.094495e-04,100.00,13.695
1697,7.924568e-01,,4.089259e-04,100.00,13.691
1698,7.567508e-01,,4.084024e-04,100.00,13.694
1699,7.745054e-01,8.193114e-01,4.078789e-04,15.00,15.986
1700,7.974237e-01,,4.073556e-04,100.00,13.697
1701,7.564762e-01,,4.068324e-04,100.00,13.696
1702,8.159714e-01,,4.063093e-04,100.00,13.700
1703,7.718813e-01,,4.057864e-04,100.00,13.696
1704,7.573466e-01,,4.052635e-04,100.00,13.692
1705,8.022225e-01,,4.047407e-04,100.00,13.694
1706,7.581618e-01,,4.042180e-04,100.00,13.696
1707,7.788066e-01,,4.036955e-04,100.00,13.692
1708,7.915357e-01,,4.031730e-04,100.00,13.688
1709,7.374967e-01,,4.026507e-04,100.00,13.687
1710,7.974856e-01,,4.021285e-04,100.00,13.684
1711,7.289943e-01,,4.016063e-04,100.00,13.681
1712,8.053612e-01,,4.010843e-04,100.00,13.735
1713,7.548543e-01,,4.005624e-04,100.00,13.854
1714,7.730579e-01,,4.000407e-04,100.00,13.702
1715,7.868693e-01,,3.995190e-04,100.00,13.681
1716,7.584528e-01,,3.989974e-04,100.00,13.683
1717,7.693235e-01,,3.984760e-04,100.00,13.685
1718,8.162009e-01,,3.979547e-04,100.00,13.683
1719,7.229634e-01,,3.974335e-04,100.00,13.683
1720,8.091074e-01,,3.969124e-04,100.00,13.683
1721,6.867752e-01,,3.963914e-04,100.00,13.682
1722,8.141379e-01,,3.958705e-04,100.00,13.684
1723,7.355258e-01,,3.953498e-04,100.00,13.683
1724,7.897060e-01,,3.948292e-04,100.00,13.684
1725,8.093516e-01,,3.943087e-04,100.00,13.684
1726,7.371618e-01,,3.937883e-04,100.00,13.681
1727,7.885007e-01,,3.932680e-04,100.00,13.684
1728,7.730589e-01,,3.927479e-04,100.00,13.684
1729,7.581444e-01,,3.922279e-04,100.00,13.682
1730,7.972618e-01,,3.917080e-04,100.00,13.682
1731,7.324925e-01,,3.911882e-04,100.00,13.685
1732,7.843796e-01,,3.906686e-04,100.00,13.683
1733,7.719603e-01,,3.901490e-04,100.00,13.683
1734,7.475199e-01,,3.896296e-04,100.00,13.683
1735,7.817647e-01,,3.891104e-04,100.00,13.680
1736,7.105730e-01,,3.885912e-04,100.00,13.683
1737,7.975716e-01,,3.880722e-04,100.00,13.684
1738,7.281581e-01,,3.875533e-04,100.00,13.685
1739,7.843084e-01,,3.870345e-04,100.00,13.683
1740,7.133152e-01,,3.865159e-04,100.00,13.682
1741,7.479801e-01,,3.859974e-04,100.00,13.683
1742,7.665515e-01,,3.854790e-04,100.00,13.683
1743,7.287306e-01,,3.849607e-04,100.00,13.685
1744,7.901832e-01,,3.844426e-04,100.00,13.680
1745,7.269938e-01,,3.839246e-04,100.00,13.683
1746,7.792696e-01,,3.834068e-04,100.00,13.684
1747,7.417991e-01,,3.828890e-04,100.00,13.684
1748,7.456992e-01,,3.823714e-04,100.00,13.682
1749,7.914869e-01,6.986865e-01,3.818540e-04,79.00,16.101
1750,6.793829e-01,,3.813367e-04,100.00,13.681
1751,8.233823e-01,,3.808195e-04,100.00,13.680
1752,6.538461e-01,,3.803024e-04,100.00,13.678
1753,6.735511e-01,,3.797855e-04,100.00,13.683
1754,7.963146e-01,,3.792687e-04,100.00,13.679
1755,7.456261e-01,,3.787520e-04,100.00,13.678
1756,7.513788e-01,,3.782355e-04,100.00,13.679
1757,6.654142e-01,,3.777192e-04,100.00,13.681
1758,7.792728e-01,,3.772029e-04,100.00,13.681
1759,7.544622e-01,,3.766868e-04,100.00,13.679
1760,7.487152e-01,,3.761709e-04,100.00,13.682
1761,7.267969e-01,,3.756551e-04,100.00,13.677
1762,7.644707e-01,,3.751394e-04,100.00,13.681
1763,7.932760e-01,,3.746238e-04,100.00,13.680
1764,6.939159e-01,,3.741085e-04,100.00,13.680
1765,8.109827e-01,,3.735932e-04,100.00,13.681
1766,7.598164e-01,,3.730781e-04,100.00,13.681
1767,7.101332e-01,,3.725631e-04,100.00,13.722
1768,7.764452e-01,,3.720483e-04,100.00,13.734
1769,7.958830e-01,,3.715337e-04,100.00,13.749
1770,7.063344e-01,,3.710191e-04,100.00,13.754
1771,7.735873e-01,,3.705048e-04,100.00,13.760
1772,7.992915e-01,,3.699905e-04,100.00,13.757
1773,7.336239e-01,,3.694764e-04,100.00,13.759
1774,7.711742e-01,,3.689625e-04,100.00,13.753
1775,7.726633e-01,,3.684487e-04,100.00,13.756
1776,7.406538e-01,,3.679351e-04,100.00,13.759
1777,7.077639e-01,,3.674216e-04,100.00,13.758
1778,7.847325e-01,,3.669083e-04,100.00,13.757
1779,7.693073e-01,,3.663951e-04,100.00,13.756
1780,8.057471e-01,,3.658820e-04,100.00,13.756
1781,6.960694e-01,,3.653691e-04,100.00,13.755
1782,7.191436e-01,,3.648564e-04,100.00,13.759
1783,7.551373e-01,,3.643438e-04,100.00,13.755
1784,7.745237e-01,,3.638314e-04,100.00,13.757
1785,7.634933e-01,,3.633191e-04,100.00,13.757
1786,7.303605e-01,,3.628070e-04,100.00,13.759
1787,7.927078e-01,,3.622951e-04,100.00,13.755
1788,6.827586e-01,,3.617833e-04,100.00,13.754
1789,6.985831e-01,,3.612716e-04,100.00,13.756
1790,7.167376e-01,,3.607601e-04,100.00,13.756
1791,7.370131e-01,,3.602488e-04,100.00,13.757
1792,7.612998e-01,,3.597376e-04,100.00,13.756
1793,7.357638e-01,,3.592266e-04,100.00,13.758
1794,7.449008e-01,,3.587158e-04,100.00,13.756
1795,7.334633e-01,,3.582051e-04,100.00,13.757
1796,7.479528e-01,,3.576945e-04,100.00,13.756
1797,7.534918e-01,,3.571842e-04,100.00,13.755
1798,6.703370e-01,,3.566740e-04,100.00,13.756
1799,8.088823e-01,6.626396e-01,3.561639e-04,16.00,16.186
1800,6.646874e-01,,3.556540e-04,100.00,13.765
1801,7.511805e-01,,3.551443e-04,100.00,13.758
1802,7.549079e-01,,3.546348e-04,100.00,13.760
1803,7.285103e-01,,3.541254e-04,100.00,13.757
1804,7.715501e-01,,3.536161e-04,100.00,13.763
1805,7.356946e-01,,3.531071e-04,100.00,13.760
1806,7.411900e-01,,3.525982e-04,100.00,13.761
1807,7.509699e-01,,3.520895e-04,100.00,13.760
1808,7.216248e-01,,3.515809e-04,100.00,13.759
1809,7.646350e-01,,3.510725e-04,100.00,13.759
1810,7.152709e-01,,3.505643e-04,100.00,13.758
1811,7.914967e-01,,3.500562e-04,100.00,13.760
1812,7.191692e-01,,3.495484e-04,100.00,13.761
1813,7.477902e-01,,3.490406e-04,100.00,13.758
1814,7.733202e-01,,3.485331e-04,100.00,13.762
1815,7.330565e-01,,3.480257e-04,100.00,13.760
1816,7.195817e-01,,3.475185e-04,100.00,13.759
1817,7.723824e-01,,3.470115e-04,100.00,13.759
1818,7.136557e-01,,3.465047e-04,100.00,13.761
1819,7.484981e-01,,3.459980e-04,100.00,13.761
1820,7.675575e-01,,3.454915e-04,100.00,13.760
1821,7.260751e-01,,3.449852e-04,100.00,13.762
1822,7.613969e-01,,3.444790e-04,100.00,13.759
1823,7.386386e-01,,3.439731e-04,100.00,13.759
1824,7.427949e-01,,3.434673e-04,100.00,13.759
1825,7.559826e-01,,3.429616e-04,100.00,13.759
1826,7.501514e-01,,3.424562e-04,100.00,13.761
1827,7.484325e-01,,3.419509e-04,100.00,13.910
1828,7.315879e-01,,3.414459e-04,100.00,13.757
1829,7.403075e-01,,3.409410e-04,100.00,13.754
1830,7.335962e-01,,3.404362e-04,100.00,13.756
1831,7.539337e-01,,3.399317e-04,100.00,13.754
1832,7.261310e-01,,3.394273e-04,100.00,13.754
1833,7.432153e-01,,3.389232e-04,100.00,13.757
1834,7.451028e-01,,3.384192e-04,100.00,13.756
1835,7.200594e-01,,3.379154e-04,100.00,13.752
1836,7.421999e-01,,3.374117e-04,100.00,13.752
1837,7.031514e-01,,3.369083e-04,100.00,13.756
1838,7.703046e-01,,3.364050e-04,100.00,13.755
1839,7.112636e-01,,3.359020e-04,100.00,13.756
1840,7.533892e-01,,3.353991e-04,100.00,13.757
1841,7.290967e-01,,3.348964e-04,100.00,13.756
1842,7.372632e-01,,3.343939e-04,100.00,13.755
1843,7.384172e-01,,3.338915e-04,100.00,13.753
1844,7.548588e-01,,3.333894e-04,100.00,13.756
1845,7.376928e-01,,3.328874e-04,100.00,13.754
1846,7.010166e-01,,3.323857e-04,100.00,13.754
1847,7.577932e-01,,3.318841e-04,100.00,13.754
1848,6.954703e-01,,3.313827e-04,100.00,13.754
1849,7.578062e-01,6.990427e-01,3.308816e-04,16.00,16.048
1850,7.264237e-01,,3.303806e-04,100.00,13.754
1851,7.369586e-01,,3.298798e-04,100.00,13.754
1852,7.553906e-01,,3.293792e-04,100.00,13.755
1853,7.154658e-01,,3.288787e-04,100.00,13.754
1854,7.367068e-01,,3.283785e-04,100.00,13.755
1855,7.574895e-01,,3.278785e-04,100.00,13.755
1856,7.171501e-01,,3.273787e-04,100.00,13.757
1857,7.352317e-01,,3.268790e-04,100.00,13.755
1858,7.612705e-01,,3.263796e-04,100.00,13.755
1859,7.088198e-01,,3.258803e-04,100.00,13.754
1860,7.522736e-01,,3.253813e-04,100.00,13.755
1861,6.950183e-01,,3.248825e-04,100.00,13.751
1862,7.307914e-01,,3.243838e-04,100.00,13.755
1863,7.511780e-01,,3.238854e-04,100.00,13.754
1864,6.627474e-01,,3.233871e-04,100.00,13.753
1865,7.749791e-01,,3.228891e-04,100.00,13.755
1866,6.798020e-01,,3.223912e-04,100.00,13.755
1867,7.459266e-01,,3.218936e-04,100.00,13.876
1868,7.377699e-01,,3.213961e-04,100.00,13.765
1869,7.172975e-01,,3.208989e-04,100.00,13.756
1870,7.487916e-01,,3.204018e-04,100.00,13.754
1871,6.801571e-01,,3.199050e-04,100.00,13.754
1872,7.506220e-01,,3.194084e-04,100.00,13.754
1873,7.629845e-01,,3.189119e-04,100.00,13.756
1874,7.104174e-01,,3.184157e-04,100.00,13.754
1875,7.479505e-01,,3.179197e-04,100.00,13.751
1876,7.283828e-01,,3.174239e-04,100.00,13.856
1877,7.169824e-01,,3.169283e-04,100.00,13.785
1878,7.693106e-01,,3.164329e-04,100.00,13.756
1879,7.094316e-01,,3.159377e-04,100.00,13.751
1880,7.454011e-01,,3.154427e-04,100.00,13.756
1881,6.984064e-01,,3.149480e-04,100.00,13.751
1882,7.269880e-01,,3.144534e-04,100.00,13.754
1883,7.117602e-01,,3.139591e-04,100.00,13.755
1884,7.113940e-01,,3.134649e-04,100.00,13.756
1885,7.497373e-01,,3.129710e-04,100.00,13.752
1886,7.155098e-01,,3.124773e-04,100.00,13.754
1887,7.229081e-01,,3.119838e-04,100.00,13.737
1888,7.094997e-01,,3.114905e-04,100.00,13.680
1889,7.037455e-01,,3.109974e-04,100.00,13.681
1890,7.263616e-01,,3.105046e-04,100.00,13.670
1891,7.116371e-01,,3.100119e-04,100.00,13.674
1892,7.372813e-01,,3.095195e-04,100.00,13.675
1893,7.184733e-01,,3.090273e-04,100.00,13.678
1894,7.371035e-01,,3.085353e-04,100.00,13.679
1895,7.109654e-01,,3.080435e-04,100.00,13.679
1896,7.381129e-01,,3.075520e-04,100.00,13.679
1897,7.026906e-01,,3.070606e-04,100.00,13.680
1898,7.321643e-01,,3.065695e-04,100.00,13.677
1899,7.046783e-01,7.300941e-01,3.060786e-04,14.00,15.967
1900,7.334826e-01,,3.055879e-04,100.00,13.682
1901,6.996848e-01,,3.050974e-04,100.00,13.682
1902,7.241215e-01,,3.046072e-04,100.00,13.686
1903,7.198512e-01,,3.041172e-04,100.00,13.682
1904,7.167054e-01,,3.036274e-04,100.00,13.682
1905,7.028003e-01,,3.031378e-04,100.00,13.680
1906,7.364655e-01,,3.026485e-04,100.00,13.687
1907,6.592537e-01,,3.021593e-04,100.00,13.684
1908,7.515079e-01,,3.016704e-04,100.00,13.684
1909,6.739436e-01,,3.011817e-04,100.00,13.682
1910,7.287317e-01,,3.006933e-04,100.00,13.683
1911,7.251375e-01,,3.002051e-04,100.00,13.682
1912,6.992565e-01,,2.997171e-04,100.00,13.681
1913,7.045750e-01,,2.992293e-04,100.00,13.683
1914,7.373176e-01,,2.987417e-04,100.00,13.679
1915,7.074927e-01,,2.982544e-04,100.00,13.683
1916,7.292548e-01,,2.977673e-04,100.00,13.683
1917,7.074604e-01,,2.972805e-04,100.00,13.685
1918,7.242143e-01,,2.967938e-04,100.00,13.682
1919,6.902441e-01,,2.963074e-04,100.00,13.681
1920,7.216276e-01,,2.958213e-04,100.00,13.683
1921,6.906634e-01,,2.953353e-04,100.00,13.683
1922,7.160118e-01,,2.948496e-04,100.00,13.682
1923,7.007368e-01,,2.943642e-04,100.00,13.683
1924,7.369017e-01,,2.938789e-04,100.00,13.684
1925,6.937791e-01,,2.933939e-04,100.00,13.681
1926,7.175313e-01,,2.929091e-04,100.00,13.682
1927,7.031837e-01,,2.924246e-04,100.00,13.680
1928,6.963752e-01,,2.919403e-04,100.00,13.683
1929,7.087162e-01,,2.914562e-04,100.00,13.681
1930,6.864661e-01,,2.909724e-04,100.00,13.683
1931,7.354571e-01,,2.904888e-04,100.00,13.682
1932,6.815371e-01,,2.900055e-04,100.00,13.682
1933,7.354577e-01,,2.895223e-04,100.00,13.682
1934,7.082104e-01,,2.890395e-04,100.00,13.681
1935,7.115809e-01,,2.885568e-04,100.00,13.682
1936,6.893711e-01,,2.880744e-04,100.00,13.680
1937,7.324807e-01,,2.875923e-04,100.00,13.681
1938,6.668292e-01,,2.871104e-04,100.00,13.683
1939,7.256637e-01,,2.866287e-04,100.00,13.686
1940,6.803551e-01,,2.861472e-04,100.00,13.680
1941,7.198799e-01,,2.856661e-04,100.00,13.682
1942,6.741924e-01,,2.851851e-04,100.00,13.683
1943,7.174145e-01,,2.847044e-04,100.00,13.680
1944,7.068230e-01,,2.842239e-04,100.00,13.680
1945,7.217167e-01,,2.837437e-04,100.00,13.682
1946,6.720290e-01,,2.832638e-04,100.00,13.682
1947,7.337513e-01,,2.827840e-04,100.00,13.681
1948,6.853301e-01,,2.823046e-04,100.00,13.684
1949,7.175241e-01,7.204015e-01,2.818253e-04,16.00,15.963
1950,7.100499e-01,,2.813463e-04,100.00,13.685
1951,6.896604e-01,,2.808676e-04,100.00,13.687
1952,7.215031e-01,,2.803891e-04,100.00,13.685
1953,6.796943e-01,,2.799109e-04,100.00,13.684
1954,7.161575e-01,,2.794329e-04,100.00,13.685
1955,6.726462e-01,,2.789552e-04,100.00,13.682
1956,7.229971e-01,,2.784777e-04,100.00,13.682
1957,6.730828e-01,,2.780004e-04,100.00,13.682
1958,7.152792e-01,,2.775234e-04,100.00,13.685
1959,7.031343e-01,,2.770467e-04,100.00,13.682
1960,6.753515e-01,,2.765702e-04,100.00,13.681
1961,6.850282e-01,,2.760940e-04,100.00,13.685
1962,7.035283e-01,,2.756180e-04,100.00,13.685
1963,6.887049e-01,,2.751423e-04,100.00,13.683
1964,7.145348e-01,,2.746669e-04,100.00,13.685
1965,7.135027e-01,,2.741916e-04,100.00,13.684
1966,6.485994e-01,,2.737167e-04,100.00,13.684
1967,7.328678e-01,,2.732420e-04,100.00,13.683
1968,6.436111e-01,,2.727676e-04,100.00,13.684
1969,6.578719e-01,,2.722934e-04,100.00,13.682
1970,7.261611e-01,,2.718195e-04,100.00,13.681
1971,6.846284e-01,,2.713458e-04,100.00,13.684
1972,7.007687e-01,,2.708724e-04,100.00,13.687
1973,7.188426e-01,,2.703993e-04,100.00,13.682
1974,6.517201e-01,,2.699264e-04,100.00,13.683
1975,7.218534e-01,,2.694537e-04,100.00,13.686
1976,6.759813e-01,,2.689814e-04,100.00,13.685
1977,7.234816e-01,,2.685093e-04,100.00,13.839
1978,6.569050e-01,,2.680375e-04,100.00,13.683
1979,7.047733e-01,,2.675659e-04,100.00,13.684
1980,7.203878e-01,,2.670946e-04,100.00,13.684
1981,6.738985e-01,,2.666235e-04,100.00,13.683
1982,6.793756e-01,,2.661527e-04,100.00,13.682
1983,6.993650e-01,,2.656822e-04,100.00,13.683
1984,6.640419e-01,,2.652120e-04,100.00,13.683
1985,6.978134e-01,,2.647420e-04,100.00,13.684
1986,7.232431e-01,,2.642723e-04,100.00,13.685
1987,6.562069e-01,,2.638028e-04,100.00,13.682
1988,7.151465e-01,,2.633337e-04,100.00,13.684
1989,6.636798e-01,,2.628647e-04,100.00,13.683
1990,7.143352e-01,,2.623961e-04,100.00,13.684
1991,6.494755e-01,,2.619277e-04,100.00,13.684
1992,6.872027e-01,,2.614596e-04,100.00,13.682
1993,7.135958e-01,,2.609918e-04,100.00,13.682
1994,6.347009e-01,,2.605242e-04,100.00,13.685
1995,7.235824e-01,,2.600569e-04,100.00,13.687
1996,6.641581e-01,,2.595899e-04,100.00,13.683
1997,6.866622e-01,,2.591232e-04,100.00,13.684
1998,6.871755e-01,,2.586567e-04,100.00,13.684
1999,6.822118e-01,6.940433e-01,2.581905e-04,16.00,15.969
2000,6.953077e-01,,2.577246e-04,100.00,13.686
2001,6.731319e-01,,2.572589e-04,100.00,13.684
2002,7.128363e-01,,2.567935e-04,100.00,13.684
2003,6.361628e-01,,2.563284e-04,100.00,13.679
2004,6.892746e-01,,2.558636e-04,100.00,13.682
2005,6.645090e-01,,2.553991e-04,100.00,13.683
2006,6.489335e-01,,2.549348e-04,100.00,13.684
2007,7.107971e-01,,2.544708e-04,100.00,13.684
2008,6.789397e-01,,2.540071e-04,100.00,13.685
2009,6.824145e-01,,2.535437e-04,100.00,13.682
2010,6.906635e-01,,2.530805e-04,100.00,13.684
2011,6.778860e-01,,2.526176e-04,100.00,13.684
2012,7.002201e-01,,2.521550e-04,100.00,13.685
2013,6.555357e-01,,2.516927e-04,100.00,13.834
2014,7.017965e-01,,2.512307e-04,100.00,13.734
2015,7.053043e-01,,2.507690e-04,100.00,13.791
2016,6.427466e-01,,2.503075e-04,100.00,13.681
2017,6.857935e-01,,2.498463e-04,100.00,13.684
2018,7.004156e-01,,2.493854e-04,100.00,13.681
2019,6.562446e-01,,2.489248e-04,100.00,13.746
2020,6.678483e-01,,2.484645e-04,100.00,13.778
2021,6.470928e-01,,2.480044e-04,100.00,13.683
2022,7.037430e-01,,2.475447e-04,100.00,13.684
2023,6.481580e-01,,2.470852e-04,100.00,13.795
2024,6.895284e-01,,2.466260e-04,100.00,13.735
2025,6.701417e-01,,2.461671e-04,100.00,13.838
2026,6.819499e-01,,2.457085e-04,100.00,13.838
2027,6.811992e-01,,2.452502e-04,100.00,13.708
2028,6.811214e-01,,2.447921e-04,100.00,13.818
2029,6.849890e-01,,2.443344e-04,100.00,13.813
2030,6.695291e-01,,2.438769e-04,100.00,13.684
2031,6.955531e-01,,2.434198e-04,100.00,13.682
2032,6.587141e-01,,2.429629e-04,100.00,13.682
2033,6.848077e-01,,2.425063e-04,100.00,13.680
2034,7.024295e-01,,2.420500e-04,100.00,13.684
2035,6.629349e-01,,2.415940e-04,100.00,13.682
2036,6.785481e-01,,2.411383e-04,100.00,13.690
2037,6.970785e-01,,2.406829e-04,100.00,13.830
2038,6.801131e-01,,2.402278e-04,100.00,13.724
2039,6.804190e-01,,2.397730e-04,100.00,13.784
2040,6.684693e-01,,2.393185e-04,100.00,13.678
2041,6.356508e-01,,2.388642e-04,100.00,13.681
2042,6.702227e-01,,2.384103e-04,100.00,13.784
2043,6.548453e-01,,2.379567e-04,100.00,13.865
2044,6.950560e-01,,2.375033e-04,100.00,13.746
2045,6.355896e-01,,2.370503e-04,100.00,13.740
2046,6.543887e-01,,2.365975e-04,100.00,13.738
2047,6.728518e-01,,2.361451e-04,100.00,13.736
2048,6.933133e-01,,2.356929e-04,100.00,13.842
2049,6.338576e-01,6.579153e-01,2.352411e-04,15.00,16.264
2050,6.889628e-01,,2.347895e-04,100.00,13.874
2051,6.662916e-01,,2.343383e-04,100.00,13.773
2052,6.526945e-01,,2.338874e-04,100.00,13.838
2053,6.646853e-01,,2.334367e-04,100.00,13.812
2054,7.027001e-01,,2.329864e-04,100.00,13.799
2055,6.489719e-01,,2.325363e-04,100.00,13.765
2056,6.767801e-01,,2.320866e-04,100.00,13.848
2057,6.904016e-01,,2.316372e-04,100.00,13.741
2058,6.478329e-01,,2.311880e-04,100.00,13.737
2059,6.800838e-01,,2.307392e-04,100.00,13.877
2060,6.755762e-01,,2.302907e-04,100.00,13.737
2061,6.874108e-01,,2.298425e-04,100.00,13.739
2062,6.619521e-01,,2.293946e-04,100.00,13.848
2063,6.645682e-01,,2.289470e-04,100.00,13.758
2064,6.632481e-01,,2.284997e-04,100.00,13.740
2065,6.676016e-01,,2.280527e-04,100.00,13.738
2066,6.779308e-01,,2.276061e-04,100.00,13.738
2067,6.641297e-01,,2.271597e-04,100.00,13.739
2068,6.810571e-01,,2.267136e-04,100.00,13.774
2069,6.490799e-01,,2.262679e-04,100.00,13.860
2070,6.739815e-01,,2.258225e-04,100.00,13.741
2071,6.526179e-01,,2.253773e-04,100.00,13.833
2072,6.702081e-01,,2.249325e-04,100.00,13.841
2073,6.844906e-01,,2.244880e-04,100.00,13.815
2074,6.564707e-01,,2.240438e-04,100.00,13.678
2075,6.963818e-01,,2.236000e-04,100.00,13.678
2076,6.626314e-01,,2.231564e-04,100.00,13.827
2077,6.456840e-01,,2.227132e-04,100.00,13.746
2078,7.019263e-01,,2.222702e-04,100.00,13.815
2079,6.395901e-01,,2.218276e-04,100.00,13.696
2080,6.579079e-01,,2.213853e-04,100.00,13.820
2081,6.748427e-01,,2.209433e-04,100.00,13.775
2082,6.410532e-01,,2.205017e-04,100.00,13.810
2083,6.879070e-01,,2.200603e-04,100.00,13.682
2084,6.604422e-01,,2.196193e-04,100.00,13.679
2085,6.563157e-01,,2.191786e-04,100.00,13.682
2086,6.885562e-01,,2.187382e-04,100.00,13.679
2087,6.546042e-01,,2.182981e-04,100.00,13.678
2088,6.563150e-01,,2.178583e-04,100.00,13.718
2089,6.780812e-01,,2.174189e-04,100.00,13.815
2090,6.575094e-01,,2.169798e-04,100.00,13.806
2091,6.683670e-01,,2.165410e-04,100.00,13.675
2092,6.707621e-01,,2.161025e-04,100.00,13.677
2093,6.435287e-01,,2.156643e-04,100.00,13.746
2094,6.715519e-01,,2.152265e-04,100.00,13.842
2095,6.611445e-01,,2.147890e-04,100.00,13.732
2096,6.450252e-01,,2.143518e-04,100.00,13.864
2097,6.735612e-01,,2.139149e-04,100.00,13.732
2098,6.560266e-01,,2.134784e-04,100.00,13.740
2099,6.559900e-01,6.846670e-01,2.130422e-04,24.00,16.069
2100,6.807677e-01,,2.126063e-04,100.00,13.851
2101,6.396574e-01,,2.121707e-04,100.00,13.876
2102,6.470613e-01,,2.117355e-04,100.00,13.856
2103,6.768009e-01,,2.113006e-04,100.00,13.760
2104,6.423735e-01,,2.108660e-04,100.00,13.859
2105,6.773049e-01,,2.104318e-04,100.00,13.754
2106,6.278299e-01,,2.099978e-04,100.00,13.806
2107,6.600070e-01,,2.095642e-04,100.00,13.817
2108,6.523527e-01,,2.091310e-04,100.00,13.693
2109,6.799610e-01,,2.086980e-04,100.00,13.764
2110,6.387473e-01,,2.082654e-04,100.00,13.767
2111,6.704516e-01,,2.078332e-04,100.00,13.694
2112,6.842949e-01,,2.074012e-04,100.00,13.690
2113,6.231124e-01,,2.069696e-04,100.00,13.688
2114,6.704959e-01,,2.065383e-04,100.00,13.690
2115,6.463712e-01,,2.061074e-04,100.00,13.688
2116,6.524652e-01,,2.056768e-04,100.00,13.810
2117,6.494818e-01,,2.052465e-04,100.00,13.711
2118,6.875999e-01,,2.048165e-04,100.00,13.689
2119,6.358147e-01,,2.043869e-04,100.00,13.688
2120,6.835410e-01,,2.039577e-04,100.00,13.724
2121,6.392518e-01,,2.035287e-04,100.00,13.797
2122,6.381288e-01,,2.031001e-04,100.00,13.690
2123,6.285831e-01,,2.026718e-04,100.00,13.688
2124,6.973951e-01,,2.022439e-04,100.00,13.688
2125,6.440135e-01,,2.018163e-04,100.00,13.690
2126,6.849179e-01,,2.013891e-04,100.00,13.688
2127,6.465306e-01,,2.009622e-04,100.00,13.685
2128,6.228894e-01,,2.005356e-04,100.00,13.689
2129,6.699025e-01,,2.001093e-04,100.00,13.689
2130,6.534569e-01,,1.996834e-04,100.00,13.688
2131,6.572084e-01,,1.992579e-04,100.00,13.689
2132,6.604490e-01,,1.988327e-04,100.00,13.691
2133,6.456532e-01,,1.984078e-04,100.00,13.691
2134,6.604058e-01,,1.979833e-04,100.00,13.689
2135,6.496935e-01,,1.975591e-04,100.00,13.688
2136,6.494311e-01,,1.971352e-04,100.00,13.689
2137,6.582645e-01,,1.967117e-04,100.00,13.814
2138,6.257880e-01,,1.962886e-04,100.00,13.719
2139,6.780140e-01,,1.958658e-04,100.00,13.690
2140,6.283682e-01,,1.954433e-04,100.00,13.685
2141,6.788078e-01,,1.950212e-04,100.00,13.803
2142,7.060450e-01,,1.945994e-04,100.00,13.722
2143,6.432213e-01,,1.941780e-04,100.00,13.691
2144,6.291872e-01,,1.937569e-04,100.00,13.689
2145,6.392077e-01,,1.933361e-04,100.00,13.687
2146,6.759478e-01,,1.929158e-04,100.00,13.688
2147,6.313782e-01,,1.924957e-04,100.00,13.785
2148,6.577594e-01,,1.920760e-04,100.00,13.757
2149,6.430370e-01,6.577120e-01,1.916567e-04,36.00,16.103
2150,6.557051e-01,,1.912377e-04,100.00,13.849
2151,6.323231e-01,,1.908190e-04,100.00,13.688
2152,6.254126e-01,,1.904008e-04,100.00,13.687
2153,6.501041e-01,,1.899828e-04,100.00,13.685
2154,6.478852e-01,,1.895652e-04,100.00,13.687
2155,6.463038e-01,,1.891480e-04,100.00,13.687
2156,6.657809e-01,,1.887311e-04,100.00,13.688
2157,6.304802e-01,,1.883146e-04,100.00,13.687
2158,6.369355e-01,,1.878984e-04,100.00,13.685
2159,6.543494e-01,,1.874826e-04,100.00,13.689
2160,6.332517e-01,,1.870671e-04,100.00,13.687
2161,6.583855e-01,,1.866520e-04,100.00,13.783
2162,6.307749e-01,,1.862372e-04,100.00,13.756
2163,6.236478e-01,,1.858228e-04,100.00,13.685
2164,6.524732e-01,,1.854088e-04,100.00,13.683
2165,6.466596e-01,,1.849951e-04,100.00,13.687
2166,6.357724e-01,,1.845818e-04,100.00,13.687
2167,6.359735e-01,,1.841688e-04,100.00,13.685
2168,6.471750e-01,,1.837562e-04,100.00,13.686
2169,6.483169e-01,,1.833439e-04,100.00,13.686
2170,6.473396e-01,,1.829320e-04,100.00,13.687
2171,6.251576e-01,,1.825205e-04,100.00,13.685
2172,6.508028e-01,,1.821093e-04,100.00,13.688
2173,6.468469e-01,,1.816985e-04,100.00,13.688
2174,6.306444e-01,,1.812880e-04,100.00,13.711
2175,6.542324e-01,,1.808779e-04,100.00,13.728
2176,6.234030e-01,,1.804682e-04,100.00,13.727
2177,6.402847e-01,,1.800588e-04,100.00,13.728
2178,6.436108e-01,,1.796498e-04,100.00,13.724
2179,6.432495e-01,,1.792411e-04,100.00,13.722
2180,6.287213e-01,,1.788329e-04,100.00,13.722
2181,6.275812e-01,,1.784249e-04,100.00,13.722
2182,6.566846e-01,,1.780174e-04,100.00,13.720
2183,6.388563e-01,,1.776102e-04,100.00,13.724
2184,6.264544e-01,,1.772034e-04,100.00,13.723
2185,6.468579e-01,,1.767969e-04,100.00,13.719
2186,6.410121e-01,,1.763908e-04,100.00,13.726
2187,6.313920e-01,,1.759851e-04,100.00,13.724
2188,6.419981e-01,,1.755798e-04,100.00,13.721
2189,6.474564e-01,,1.751748e-04,100.00,13.722
2190,6.336606e-01,,1.747701e-04,100.00,13.722
2191,6.315687e-01,,1.743659e-04,100.00,13.723
2192,6.292631e-01,,1.739620e-04,100.00,13.726
2193,6.425561e-01,,1.735585e-04,100.00,13.724
2194,6.477462e-01,,1.731554e-04,100.00,13.723
2195,6.417468e-01,,1.727526e-04,100.00,13.720
2196,6.375567e-01,,1.723502e-04,100.00,13.723
2197,6.353129e-01,,1.719482e-04,100.00,13.720
2198,6.284064e-01,,1.715465e-04,100.00,13.723
2199,6.419062e-01,6.594445e-01,1.711452e-04,12.00,16.162
2200,6.497102e-01,,1.707443e-04,100.00,13.721
2201,6.188738e-01,,1.703438e-04,100.00,13.710
2202,6.253833e-01,,1.699436e-04,100.00,13.696
2203,6.529337e-01,,1.695438e-04,100.00,13.701
2204,6.152405e-01,,1.691444e-04,100.00,13.830
2205,6.224037e-01,,1.687454e-04,100.00,13.735
2206,6.544348e-01,,1.683467e-04,100.00,13.697
2207,6.206528e-01,,1.679484e-04,100.00,13.697
2208,6.384274e-01,,1.675505e-04,100.00,13.691
2209,6.455060e-01,,1.671530e-04,100.00,13.698
2210,6.281775e-01,,1.667558e-04,100.00,13.692
2211,6.270967e-01,,1.663590e-04,100.00,13.695
2212,6.462333e-01,,1.659626e-04,100.00,13.815
2213,6.367098e-01,,1.655666e-04,100.00,13.729
2214,6.402761e-01,,1.651710e-04,100.00,13.696
2215,6.478455e-01,,1.647757e-04,100.00,13.692
2216,6.154911e-01,,1.643808e-04,100.00,13.717
2217,6.222340e-01,,1.639863e-04,100.00,13.819
2218,6.266016e-01,,1.635922e-04,100.00,13.692
2219,6.493112e-01,,1.631985e-04,100.00,13.694
2220,6.148945e-01,,1.628051e-04,100.00,13.693
2221,6.301435e-01,,1.624121e-04,100.00,13.689
2222,6.172746e-01,,1.620196e-04,100.00,13.692
2223,6.181359e-01,,1.616273e-04,100.00,13.692
2224,6.411152e-01,,1.612355e-04,100.00,13.742
2225,6.304185e-01,,1.608441e-04,100.00,13.791
2226,6.193737e-01,,1.604530e-04,100.00,13.692
2227,6.226947e-01,,1.600624e-04,100.00,13.693
2228,6.418704e-01,,1.596721e-04,100.00,13.691
2229,6.222974e-01,,1.592822e-04,100.00,13.808
2230,6.273099e-01,,1.588927e-04,100.00,13.733
2231,6.398403e-01,,1.585035e-04,100.00,13.692
2232,6.151719e-01,,1.581148e-04,100.00,13.690
2233,6.334854e-01,,1.577264e-04,100.00,13.692
2234,6.361401e-01,,1.573385e-04,100.00,13.690
2235,6.074680e-01,,1.569509e-04,100.00,13.695
2236,6.199865e-01,,1.565637e-04,100.00,13.691
2237,6.439105e-01,,1.561769e-04,100.00,13.691
2238,6.175135e-01,,1.557905e-04,100.00,13.697
2239,6.149498e-01,,1.554045e-04,100.00,13.846
2240,6.129778e-01,,1.550189e-04,100.00,13.731
2241,6.447620e-01,,1.546337e-04,100.00,13.733
2242,6.136441e-01,,1.542488e-04,100.00,13.730
2243,6.351085e-01,,1.538644e-04,100.00,13.726
2244,6.284424e-01,,1.534803e-04,100.00,13.731
2245,6.115118e-01,,1.530966e-04,100.00,13.728
2246,6.136018e-01,,1.527134e-04,100.00,13.730
2247,6.281737e-01,,1.523305e-04,100.00,13.728
2248,6.350383e-01,,1.519480e-04,100.00,13.728
2249,6.114167e-01,6.185632e-01,1.515659e-04,16.00,16.145
2250,6.162509e-01,,1.511842e-04,100.00,13.739
2251,6.282671e-01,,1.508029e-04,100.00,13.739
2252,6.111265e-01,,1.504220e-04,100.00,13.741
2253,6.123626e-01,,1.500415e-04,100.00,13.743
2254,6.073911e-01,,1.496614e-04,100.00,13.740
2255,6.231409e-01,,1.492817e-04,100.00,13.740
2256,6.369657e-01,,1.489024e-04,100.00,13.741
2257,6.092387e-01,,1.485235e-04,100.00,13.744
2258,6.077640e-01,,1.481450e-04,100.00,13.743
2259,6.270992e-01,,1.477669e-04,100.00,13.741
2260,6.253529e-01,,1.473892e-04,100.00,13.740
2261,6.134681e-01,,1.470118e-04,100.00,13.743
2262,6.118947e-01,,1.466349e-04,100.00,13.740
2263,6.309052e-01,,1.462584e-04,100.00,13.743
2264,6.178078e-01,,1.458823e-04,100.00,13.743
2265,6.112316e-01,,1.455066e-04,100.00,13.742
2266,6.203329e-01,,1.451313e-04,100.00,13.741
2267,6.252440e-01,,1.447564e-04,100.00,13.745
2268,6.071186e-01,,1.443819e-04,100.00,13.740
2269,6.340626e-01,,1.440077e-04,100.00,13.743
2270,6.112376e-01,,1.436341e-04,100.00,13.767
2271,6.229517e-01,,1.432608e-04,100.00,13.847
2272,6.269806e-01,,1.428879e-04,100.00,13.743
2273,6.138787e-01,,1.425154e-04,100.00,13.740
2274,6.182371e-01,,1.421433e-04,100.00,13.745
2275,6.194190e-01,,1.417716e-04,100.00,13.743
2276,6.078761e-01,,1.414004e-04,100.00,13.830
2277,6.138573e-01,,1.410295e-04,100.00,13.782
2278,6.225546e-01,,1.406590e-04,100.00,13.862
2279,6.295849e-01,,1.402890e-04,100.00,13.804
2280,6.117716e-01,,1.399194e-04,100.00,13.824
2281,6.104163e-01,,1.395501e-04,100.00,13.880
2282,6.194024e-01,,1.391813e-04,100.00,13.792
2283,6.182979e-01,,1.388129e-04,100.00,13.843
2284,6.075830e-01,,1.384449e-04,100.00,13.881
2285,6.060475e-01,,1.380773e-04,100.00,13.870
2286,6.116361e-01,,1.377101e-04,100.00,13.740
2287,6.264551e-01,,1.373434e-04,100.00,13.818
2288,6.051471e-01,,1.369770e-04,100.00,13.808
2289,6.039545e-01,,1.366111e-04,100.00,13.858
2290,6.124603e-01,,1.362455e-04,100.00,13.754
2291,6.290941e-01,,1.358804e-04,100.00,13.780
2292,6.189588e-01,,1.355157e-04,100.00,13.749
2293,6.089179e-01,,1.351514e-04,100.00,13.685
2294,6.063137e-01,,1.347875e-04,100.00,13.826
2295,6.053949e-01,,1.344240e-04,100.00,13.685
2296,6.104362e-01,,1.340610e-04,100.00,13.717
2297,6.264812e-01,,1.336983e-04,100.00,13.795
2298,6.125275e-01,,1.333361e-04,100.00,13.686
2299,6.156074e-01,6.393855e-01,1.329743e-04,16.00,15.975
2300,6.221685e-01,,1.326129e-04,100.00,13.695
2301,6.077249e-01,,1.322520e-04,100.00,13.697
2302,6.058104e-01,,1.318914e-04,100.00,13.698
2303,6.054212e-01,,1.315313e-04,100.00,13.725
2304,6.179260e-01,,1.311715e-04,100.00,13.803
2305,6.092179e-01,,1.308122e-04,100.00,13.686
2306,6.165902e-01,,1.304533e-04,100.00,13.685
2307,6.058334e-01,,1.300949e-04,100.00,13.689
2308,6.051167e-01,,1.297368e-04,100.00,13.688
2309,6.043786e-01,,1.293792e-04,100.00,13.687
2310,6.110780e-01,,1.290220e-04,100.00,13.770
2311,6.047800e-01,,1.286652e-04,100.00,13.754
2312,6.052989e-01,,1.283088e-04,100.00,13.691
2313,6.037000e-01,,1.279529e-04,100.00,13.721
2314,6.110882e-01,,1.275974e-04,100.00,13.805
2315,6.120069e-01,,1.272423e-04,100.00,13.693
2316,5.995993e-01,,1.268876e-04,100.00,13.690
2317,6.046524e-01,,1.265334e-04,100.00,13.784
2318,6.048481e-01,,1.261795e-04,100.00,13.739
2319,6.049621e-01,,1.258261e-04,100.00,13.690
2320,6.108623e-01,,1.254731e-04,100.00,13.689
2321,6.086011e-01,,1.251206e-04,100.00,13.707
2322,6.012454e-01,,1.247685e-04,100.00,13.810
2323,6.060162e-01,,1.244167e-04,100.00,13.686
2324,6.050937e-01,,1.240655e-04,100.00,13.685
2325,6.076457e-01,,1.237146e-04,100.00,13.685
2326,6.108393e-01,,1.233642e-04,100.00,13.686
2327,6.143781e-01,,1.230142e-04,100.00,13.683
2328,6.083003e-01,,1.226646e-04,100.00,13.688
2329,6.011555e-01,,1.223155e-04,100.00,13.821
2330,6.137392e-01,,1.219668e-04,100.00,13.795
2331,5.996683e-01,,1.216185e-04,100.00,13.695
2332,6.036734e-01,,1.212706e-04,100.00,13.837
2333,6.083613e-01,,1.209232e-04,100.00,13.817
2334,6.151553e-01,,1.205762e-04,100.00,13.828
2335,6.048395e-01,,1.202296e-04,100.00,13.748
2336,6.031398e-01,,1.198835e-04,100.00,13.772
2337,6.164595e-01,,1.195378e-04,100.00,13.839
2338,6.100353e-01,,1.191925e-04,100.00,13.814
2339,6.033801e-01,,1.188477e-04,100.00,13.806
2340,6.096386e-01,,1.185033e-04,100.00,13.811
2341,6.179733e-01,,1.181593e-04,100.00,13.829
2342,6.023303e-01,,1.178157e-04,100.00,13.824
2343,6.042407e-01,,1.174726e-04,100.00,13.819
2344,6.062681e-01,,1.171299e-04,100.00,13.749
2345,6.047297e-01,,1.167877e-04,100.00,13.815
2346,6.038330e-01,,1.164459e-04,100.00,13.701
2347,6.002804e-01,,1.161045e-04,100.00,13.688
2348,6.104488e-01,,1.157636e-04,100.00,13.688
2349,6.069213e-01,6.143966e-01,1.154231e-04,16.00,16.102
2350,6.054745e-01,,1.150830e-04,100.00,13.817
2351,6.036421e-01,,1.147434e-04,100.00,13.724
2352,6.075888e-01,,1.144042e-04,100.00,13.741
2353,6.147466e-01,,1.140654e-04,100.00,13.745
2354,6.043402e-01,,1.137271e-04,100.00,13.737
2355,6.018807e-01,,1.133892e-04,100.00,13.735
2356,6.097716e-01,,1.130518e-04,100.00,13.734
2357,6.060969e-01,,1.127148e-04,100.00,13.743
2358,6.029984e-01,,1.123782e-04,100.00,13.870
2359,6.034443e-01,,1.120421e-04,100.00,13.810
2360,6.084116e-01,,1.117064e-04,100.00,13.800
2361,6.109101e-01,,1.113712e-04,100.00,13.738
2362,6.019719e-01,,1.110364e-04,100.00,13.813
2363,6.077772e-01,,1.107020e-04,100.00,13.805
2364,6.066523e-01,,1.103681e-04,100.00,13.767
2365,6.036719e-01,,1.100346e-04,100.00,13.847
2366,6.076342e-01,,1.097016e-04,100.00,13.802
2367,6.049228e-01,,1.093690e-04,100.00,13.829
2368,6.027762e-01,,1.090368e-04,100.00,13.810
2369,6.000647e-01,,1.087051e-04,100.00,13.819
2370,6.044514e-01,,1.083739e-04,100.00,13.862
2371,6.053024e-01,,1.080430e-04,100.00,13.844
2372,6.039462e-01,,1.077127e-04,100.00,13.858
2373,6.032707e-01,,1.073827e-04,100.00,13.736
2374,5.971795e-01,,1.070533e-04,100.00,13.736
2375,6.034503e-01,,1.067242e-04,100.00,13.737
2376,6.043977e-01,,1.063956e-04,100.00,13.857
2377,6.005768e-01,,1.060675e-04,100.00,13.732
2378,6.071895e-01,,1.057398e-04,100.00,13.737
2379,5.991143e-01,,1.054125e-04,100.00,13.738
2380,6.050632e-01,,1.050857e-04,100.00,13.736
2381,6.032345e-01,,1.047594e-04,100.00,13.736
2382,6.004273e-01,,1.044335e-04,100.00,13.735
2383,6.008919e-01,,1.041080e-04,100.00,13.736
2384,6.048047e-01,,1.037830e-04,100.00,13.734
2385,6.077109e-01,,1.034584e-04,100.00,13.738
2386,6.109172e-01,,1.031343e-04,100.00,13.735
2387,6.110920e-01,,1.028107e-04,100.00,13.734
2388,6.089078e-01,,1.024874e-04,100.00,13.737
2389,6.093218e-01,,1.021647e-04,100.00,13.737
2390,6.043975e-01,,1.018424e-04,100.00,13.737
2391,6.052272e-01,,1.015205e-04,100.00,13.736
2392,6.026017e-01,,1.011991e-04,100.00,13.740
2393,6.024549e-01,,1.008782e-04,100.00,13.738
2394,6.010520e-01,,1.005577e-04,100.00,13.737
2395,6.010095e-01,,1.002376e-04,100.00,13.736
2396,6.035463e-01,,9.991802e-05,100.00,13.857
2397,6.080844e-01,,9.959888e-05,100.00,13.743
2398,6.034143e-01,,9.928019e-05,100.00,13.735
2399,6.031636e-01,6.112781e-01,9.896196e-05,15.00,16.152
2400,5.981975e-01,,9.864418e-05,100.00,13.871
2401,5.997999e-01,,9.832686e-05,100.00,13.826
2402,6.024198e-01,,9.800999e-05,100.00,13.772
2403,5.988293e-01,,9.769358e-05,100.00,13.737
2404,6.053883e-01,,9.737763e-05,100.00,13.735
2405,6.039330e-01,,9.706213e-05,100.00,13.740
2406,6.045098e-01,,9.674709e-05,100.00,13.740
2407,5.995583e-01,,9.643251e-05,100.00,13.735
2408,6.000339e-01,,9.611838e-05,100.00,13.734
2409,6.051860e-01,,9.580471e-05,100.00,13.738
2410,6.007828e-01,,9.549150e-05,100.00,13.735
2411,5.961555e-01,,9.517875e-05,100.00,13.738
2412,6.002553e-01,,9.486646e-05,100.00,13.737
2413,5.992697e-01,,9.455463e-05,100.00,13.740
2414,5.971476e-01,,9.424326e-05,100.00,13.850
2415,5.960734e-01,,9.393234e-05,100.00,13.734
2416,6.019055e-01,,9.362189e-05,100.00,13.737
2417,6.037506e-01,,9.331190e-05,100.00,13.738
2418,5.990003e-01,,9.300237e-05,100.00,13.739
2419,6.016976e-01,,9.269331e-05,100.00,13.735
2420,5.998406e-01,,9.238470e-05,100.00,13.736
2421,6.010289e-01,,9.207656e-05,100.00,13.733
2422,6.040449e-01,,9.176888e-05,100.00,13.736
2423,6.023772e-01,,9.146166e-05,100.00,13.739
2424,5.995690e-01,,9.115490e-05,100.00,13.736
2425,6.005701e-01,,9.084861e-05,100.00,13.733
2426,5.979728e-01,,9.054279e-05,100.00,13.738
2427,6.028368e-01,,9.023742e-05,100.00,13.734
2428,5.986907e-01,,8.993252e-05,100.00,13.736
2429,5.995992e-01,,8.962809e-05,100.00,13.736
2430,6.021156e-01,,8.932412e-05,100.00,13.737
2431,6.007058e-01,,8.902062e-05,100.00,13.739
2432,6.000688e-01,,8.871759e-05,100.00,13.736
2433,5.989546e-01,,8.841502e-05,100.00,13.735
2434,5.996195e-01,,8.811292e-05,100.00,13.736
2435,6.007369e-01,,8.781128e-05,100.00,13.737
2436,5.968720e-01,,8.751011e-05,100.00,13.737
2437,6.030286e-01,,8.720941e-05,100.00,13.739
2438,5.983203e-01,,8.690918e-05,100.00,13.737
2439,5.995483e-01,,8.660942e-05,100.00,13.733
2440,6.018332e-01,,8.631012e-05,100.00,13.738
2441,6.002869e-01,,8.601130e-05,100.00,13.734
2442,5.977290e-01,,8.571294e-05,100.00,13.736
2443,6.000704e-01,,8.541506e-05,100.00,13.733
2444,5.947639e-01,,8.511764e-05,100.00,13.740
2445,6.004948e-01,,8.482070e-05,100.00,13.734
2446,6.022884e-01,,8.452422e-05,100.00,13.739
2447,6.016687e-01,,8.422822e-05,100.00,13.736
2448,6.039224e-01,,8.393269e-05,100.00,13.738
2449,5.948325e-01,6.138980e-01,8.363763e-05,12.00,16.027
2450,6.008286e-01,,8.334304e-05,100.00,13.738
2451,6.042552e-01,,8.304893e-05,100.00,13.734
2452,6.025828e-01,,8.275528e-05,100.00,13.732
2453,5.973689e-01,,8.246211e-05,100.00,13.709
2454,5.979855e-01,,8.216942e-05,100.00,13.705
2455,5.978216e-01,,8.187720e-05,100.00,13.712
2456,6.000269e-01,,8.158545e-05,100.00,13.712
2457,5.986933e-01,,8.129418e-05,100.00,13.717
2458,5.971755e-01,,8.100338e-05,100.00,13.714
2459,5.958911e-01,,8.071306e-05,100.00,13.712
2460,5.970240e-01,,8.042321e-05,100.00,13.713
2461,5.973643e-01,,8.013384e-05,100.00,13.714
2462,5.957943e-01,,7.984494e-05,100.00,13.715
2463,5.995287e-01,,7.955652e-05,100.00,13.711
2464,5.954856e-01,,7.926858e-05,100.00,13.710
2465,5.998188e-01,,7.898112e-05,100.00,13.764
2466,6.027124e-01,,7.869413e-05,100.00,13.802
2467,6.013681e-01,,7.840762e-05,100.00,13.711
2468,5.981266e-01,,7.812159e-05,100.00,13.706
2469,5.941666e-01,,7.783604e-05,100.00,13.710
2470,6.022255e-01,,7.755096e-05,100.00,13.714
2471,6.009554e-01,,7.726637e-05,100.00,13.714
2472,5.947429e-01,,7.698225e-05,100.00,13.712
2473,6.005606e-01,,7.669862e-05,100.00,13.755
2474,5.974101e-01,,7.641546e-05,100.00,13.809
2475,6.000714e-01,,7.613279e-05,100.00,13.737
2476,5.974757e-01,,7.585059e-05,100.00,13.730
2477,6.018524e-01,,7.556888e-05,100.00,13.722
2478,6.063923e-01,,7.528765e-05,100.00,13.730
2479,5.945710e-01,,7.500690e-05,100.00,13.732
2480,5.972573e-01,,7.472663e-05,100.00,13.731
2481,6.001401e-01,,7.444684e-05,100.00,13.729
2482,6.005084e-01,,7.416754e-05,100.00,13.731
2483,5.949978e-01,,7.388872e-05,100.00,13.731
2484,5.967635e-01,,7.361038e-05,100.00,13.730
2485,5.976237e-01,,7.333252e-05,100.00,13.730
2486,6.012682e-01,,7.305516e-05,100.00,13.730
2487,5.979725e-01,,7.277827e-05,100.00,13.728
2488,6.010041e-01,,7.250187e-05,100.00,13.731
2489,6.004840e-01,,7.222595e-05,100.00,13.732
2490,5.974580e-01,,7.195052e-05,100.00,13.730
2491,6.014344e-01,,7.167557e-05,100.00,13.732
2492,6.009984e-01,,7.140111e-05,100.00,13.732
2493,5.975429e-01,,7.112714e-05,100.00,13.732
2494,5.991512e-01,,7.085365e-05,100.00,13.733
2495,5.974818e-01,,7.058065e-05,100.00,13.730
2496,5.959519e-01,,7.030814e-05,100.00,13.733
2497,5.932745e-01,,7.003611e-05,100.00,13.731
2498,5.995057e-01,,6.976457e-05,100.00,13.739
2499,5.937342e-01,6.142867e-01,6.949352e-05,16.00,16.030
2500,5.989880e-01,,6.922296e-05,100.00,13.730
2501,5.975187e-01,,6.895289e-05,100.00,13.730
2502,5.960158e-01,,6.868330e-05,100.00,13.725
2503,5.986543e-01,,6.841420e-05,100.00,13.691
2504,5.956787e-01,,6.814560e-05,100.00,13.696
2505,5.937726e-01,,6.787748e-05,100.00,13.695
2506,5.963274e-01,,6.760985e-05,100.00,13.691
2507,5.921186e-01,,6.734272e-05,100.00,13.693
2508,5.946176e-01,,6.707607e-05,100.00,13.693
2509,5.938753e-01,,6.680992e-05,100.00,13.688
2510,5.949471e-01,,6.654425e-05,100.00,13.684
2511,5.998746e-01,,6.627908e-05,100.00,13.688
2512,5.953476e-01,,6.601440e-05,100.00,13.688
2513,5.913872e-01,,6.575021e-05,100.00,13.684
2514,5.951009e-01,,6.548652e-05,100.00,13.684
2515,5.950830e-01,,6.522331e-05,100.00,13.689
2516,5.977791e-01,,6.496061e-05,100.00,13.686
2517,5.939489e-01,,6.469839e-05,100.00,13.692
2518,5.906503e-01,,6.443667e-05,100.00,13.696
2519,5.920737e-01,,6.417544e-05,100.00,13.692
2520,5.997153e-01,,6.391470e-05,100.00,13.694
2521,6.006825e-01,,6.365446e-05,100.00,13.692
2522,6.001067e-01,,6.339472e-05,100.00,13.694
2523,5.957156e-01,,6.313547e-05,100.00,13.695
2524,5.935794e-01,,6.287672e-05,100.00,13.690
2525,5.960988e-01,,6.261846e-05,100.00,13.695
2526,5.993930e-01,,6.236070e-05,100.00,13.689
2527,6.008741e-01,,6.210343e-05,100.00,13.690
2528,5.907106e-01,,6.184666e-05,100.00,13.689
2529,5.984142e-01,,6.159039e-05,100.00,13.688
2530,5.975853e-01,,6.133461e-05,100.00,13.690
2531,5.963987e-01,,6.107933e-05,100.00,13.689
2532,5.962720e-01,,6.082455e-05,100.00,13.690
2533,5.963871e-01,,6.057027e-05,100.00,13.692
2534,5.943991e-01,,6.031649e-05,100.00,13.688
2535,5.943533e-01,,6.006320e-05,100.00,13.690
2536,5.939429e-01,,5.981042e-05,100.00,13.692
2537,5.967210e-01,,5.955813e-05,100.00,13.692
2538,5.944490e-01,,5.930634e-05,100.00,13.688
2539,5.955808e-01,,5.905506e-05,100.00,13.691
2540,5.966811e-01,,5.880427e-05,100.00,13.691
2541,5.950545e-01,,5.855398e-05,100.00,13.692
2542,5.928663e-01,,5.830420e-05,100.00,13.694
2543,5.972273e-01,,5.805491e-05,100.00,13.693
2544,5.921488e-01,,5.780613e-05,100.00,13.696
2545,5.946168e-01,,5.755784e-05,100.00,13.693
2546,5.957139e-01,,5.731006e-05,100.00,13.694
2547,5.936504e-01,,5.706278e-05,100.00,13.692
2548,5.969386e-01,,5.681601e-05,100.00,13.696
2549,5.999713e-01,5.980351e-01,5.656973e-05,57.00,16.114
2550,5.954605e-01,,5.632396e-05,100.00,13.819
2551,5.934862e-01,,5.607869e-05,100.00,13.695
2552,5.941845e-01,,5.583393e-05,100.00,13.692
2553,5.975237e-01,,5.558967e-05,100.00,13.698
2554,5.950424e-01,,5.534591e-05,100.00,13.694
2555,5.919819e-01,,5.510266e-05,100.00,13.692
2556,5.982043e-01,,5.485991e-05,100.00,13.695
2557,5.944907e-01,,5.461767e-05,100.00,13.694
2558,5.941216e-01,,5.437593e-05,100.00,13.692
2559,5.960464e-01,,5.413470e-05,100.00,13.696
2560,5.929115e-01,,5.389397e-05,100.00,13.692
2561,5.920740e-01,,5.365375e-05,100.00,13.693
2562,5.926295e-01,,5.341404e-05,100.00,13.693
2563,5.936745e-01,,5.317483e-05,100.00,13.697
2564,5.924860e-01,,5.293613e-05,100.00,13.693
2565,5.943517e-01,,5.269793e-05,100.00,13.693
2566,5.876719e-01,,5.246025e-05,100.00,13.692
2567,5.908126e-01,,5.222307e-05,100.00,13.691
2568,5.946643e-01,,5.198640e-05,100.00,13.694
2569,5.894843e-01,,5.175023e-05,100.00,13.690
2570,5.905744e-01,,5.151458e-05,100.00,13.693
2571,5.911384e-01,,5.127943e-05,100.00,13.694
2572,5.881924e-01,,5.104479e-05,100.00,13.696
2573,5.936719e-01,,5.081066e-05,100.00,13.691
2574,5.915753e-01,,5.057704e-05,100.00,13.691
2575,5.899617e-01,,5.034393e-05,100.00,13.693
2576,5.902224e-01,,5.011134e-05,100.00,13.693
2577,5.935573e-01,,4.987925e-05,100.00,13.690
2578,5.982783e-01,,4.964767e-05,100.00,13.695
2579,5.948020e-01,,4.941660e-05,100.00,13.696
2580,5.947833e-01,,4.918604e-05,100.00,13.690
2581,5.942041e-01,,4.895600e-05,100.00,13.693
2582,5.911585e-01,,4.872646e-05,100.00,13.695
2583,5.923263e-01,,4.849744e-05,100.00,13.695
2584,5.918047e-01,,4.826893e-05,100.00,13.693
2585,5.929398e-01,,4.804093e-05,100.00,13.695
2586,5.928110e-01,,4.781345e-05,100.00,13.693
2587,5.950764e-01,,4.758647e-05,100.00,13.697
2588,5.933841e-01,,4.736001e-05,100.00,13.697
2589,5.928953e-01,,4.713407e-05,100.00,13.695
2590,5.928875e-01,,4.690864e-05,100.00,13.691
2591,5.927106e-01,,4.668372e-05,100.00,13.693
2592,5.966201e-01,,4.645931e-05,100.00,13.694
2593,5.947365e-01,,4.623542e-05,100.00,13.691
2594,5.935228e-01,,4.601205e-05,100.00,13.693
2595,5.885364e-01,,4.578919e-05,100.00,13.693
2596,5.938432e-01,,4.556684e-05,100.00,13.693
2597,5.878261e-01,,4.534501e-05,100.00,13.695
2598,5.916015e-01,,4.512369e-05,100.00,13.694
2599,5.901305e-01,5.880697e-01,4.490290e-05,62.00,16.113
2600,5.926142e-01,,4.468261e-05,100.00,13.687
2601,5.914863e-01,,4.446285e-05,100.00,13.688
2602,5.929600e-01,,4.424360e-05,100.00,13.689
2603,5.937277e-01,,4.402486e-05,100.00,13.689
2604,5.911324e-01,,4.380665e-05,100.00,13.686
2605,5.976477e-01,,4.358895e-05,100.00,13.692
2606,5.888910e-01,,4.337177e-05,100.00,13.690
2607,5.937451e-01,,4.315511e-05,100.00,13.688
2608,5.902955e-01,,4.293896e-05,100.00,13.688
2609,5.927663e-01,,4.272334e-05,100.00,13.688
2610,5.949949e-01,,4.250823e-05,100.00,13.693
2611,5.946560e-01,,4.229364e-05,100.00,13.688
2612,5.920137e-01,,4.207957e-05,100.00,13.686
2613,5.968952e-01,,4.186602e-05,100.00,13.686
2614,5.883998e-01,,4.165299e-05,100.00,13.691
2615,5.963289e-01,,4.144048e-05,100.00,13.689
2616,5.915089e-01,,4.122849e-05,100.00,13.689
2617,5.949837e-01,,4.101702e-05,100.00,13.689
2618,5.921991e-01,,4.080607e-05,100.00,13.688
2619,5.988653e-01,,4.059564e-05,100.00,13.688
2620,5.940463e-01,,4.038573e-05,100.00,13.688
2621,5.954714e-01,,4.017634e-05,100.00,13.692
2622,5.878507e-01,,3.996748e-05,100.00,13.688
2623,5.894720e-01,,3.975913e-05,100.00,13.690
2624,5.927297e-01,,3.955131e-05,100.00,13.685
2625,5.908821e-01,,3.934401e-05,100.00,13.687
2626,5.971207e-01,,3.913723e-05,100.00,13.687
2627,5.907339e-01,,3.893098e-05,100.00,13.690
2628,5.908376e-01,,3.872525e-05,100.00,13.688
2629,5.911069e-01,,3.852004e-05,100.00,13.689
2630,5.896212e-01,,3.831535e-05,100.00,13.687
2631,5.905949e-01,,3.811119e-05,100.00,13.688
2632,5.961381e-01,,3.790755e-05,100.00,13.689
2633,5.985794e-01,,3.770444e-05,100.00,13.691
2634,5.909410e-01,,3.750185e-05,100.00,13.689
2635,5.870288e-01,,3.729979e-05,100.00,13.686
2636,5.924544e-01,,3.709825e-05,100.00,13.691
2637,5.932070e-01,,3.689723e-05,100.00,13.688
2638,5.897033e-01,,3.669674e-05,100.00,13.690
2639,5.901384e-01,,3.649678e-05,100.00,13.686
2640,5.917076e-01,,3.629734e-05,100.00,13.687
2641,5.938128e-01,,3.609843e-05,100.00,13.686
2642,5.955579e-01,,3.590004e-05,100.00,13.688
2643,5.928865e-01,,3.570218e-05,100.00,13.686
2644,5.926531e-01,,3.550484e-05,100.00,13.688
2645,5.881246e-01,,3.530804e-05,100.00,13.689
2646,5.902065e-01,,3.511176e-05,100.00,13.688
2647,5.885516e-01,,3.491600e-05,100.00,13.687
2648,5.929110e-01,,3.472078e-05,100.00,13.691
2649,5.883690e-01,6.073446e-01,3.452608e-05,12.00,15.982
2650,5.907094e-01,,3.433191e-05,100.00,13.690
2651,5.958236e-01,,3.413827e-05,100.00,13.694
2652,5.917499e-01,,3.394516e-05,100.00,13.687
