epoch,train_loss,validation_loss,lr,gpu_utillization,per_epoch_time
0,5.082863e+02,,8.000000e-07,1.00,3.232
1,4.992406e+02,,8.792000e-06,1.00,0.093
2,4.388931e+02,,1.678400e-05,9.00,0.081
3,3.816266e+02,,2.477600e-05,9.00,0.079
4,3.739835e+02,,3.276800e-05,55.00,0.084
5,3.698008e+02,,4.076000e-05,55.00,0.080
6,3.403288e+02,,4.875200e-05,55.00,0.081
7,2.893409e+02,,5.674400e-05,49.00,0.078
8,2.749107e+02,,6.473600e-05,49.00,0.080
9,2.890759e+02,,7.272800e-05,60.00,0.079
10,2.606811e+02,,8.072000e-05,60.00,0.078
11,2.420516e+02,,8.871200e-05,60.00,0.079
12,2.271978e+02,,9.670400e-05,48.00,0.078
13,2.156981e+02,,1.046960e-04,48.00,0.081
14,1.994892e+02,,1.126880e-04,58.00,0.082
15,1.926297e+02,,1.206800e-04,58.00,0.079
16,1.768071e+02,,1.286720e-04,58.00,0.077
17,1.785889e+02,,1.366640e-04,48.00,0.079
18,1.603160e+02,,1.446560e-04,48.00,0.077
19,1.550285e+02,,1.526480e-04,60.00,0.079
20,1.463730e+02,,1.606400e-04,60.00,0.078
21,1.391250e+02,,1.686320e-04,60.00,0.079
22,1.357860e+02,,1.766240e-04,48.00,0.077
23,1.325760e+02,,1.846160e-04,48.00,0.077
24,1.268048e+02,,1.926080e-04,56.00,0.081
25,1.151191e+02,,2.006000e-04,56.00,0.084
26,1.128104e+02,,2.085920e-04,56.00,0.080
27,1.135822e+02,,2.165840e-04,47.00,0.082
28,1.053721e+02,,2.245760e-04,47.00,0.084
29,1.022154e+02,,2.325680e-04,57.00,0.086
30,1.018602e+02,,2.405600e-04,57.00,0.082
31,9.848285e+01,,2.485520e-04,57.00,0.078
32,9.066278e+01,,2.565440e-04,47.00,0.077
33,1.006647e+02,,2.645360e-04,47.00,0.077
34,8.631952e+01,,2.725280e-04,63.00,0.077
35,7.595259e+01,,2.805200e-04,63.00,0.077
36,8.170091e+01,,2.885120e-04,63.00,0.077
37,8.137039e+01,,2.965040e-04,49.00,0.077
38,7.261550e+01,,3.044960e-04,49.00,0.076
39,8.044390e+01,,3.124880e-04,60.00,0.081
40,8.415476e+01,,3.204800e-04,60.00,0.079
41,8.277355e+01,,3.284720e-04,60.00,0.084
42,7.067008e+01,,3.364640e-04,48.00,0.080
43,6.546676e+01,,3.444560e-04,48.00,0.085
44,7.268861e+01,,3.524480e-04,55.00,0.080
45,6.624431e+01,,3.604400e-04,55.00,0.080
46,5.974890e+01,,3.684320e-04,55.00,0.077
47,6.092929e+01,,3.764240e-04,48.00,0.083
48,8.729172e+01,,3.844160e-04,48.00,0.082
49,8.100044e+01,,3.924080e-04,57.00,0.085
50,5.568070e+01,,4.004000e-04,57.00,0.083
51,5.500326e+01,,4.083920e-04,48.00,0.087
52,5.987584e+01,,4.163840e-04,48.00,0.084
53,6.887679e+01,,4.243760e-04,48.00,0.084
54,5.872460e+01,,4.323680e-04,46.00,0.082
55,5.355463e+01,,4.403600e-04,46.00,0.087
56,5.884609e+01,,4.483520e-04,52.00,0.079
57,5.022639e+01,,4.563440e-04,52.00,0.079
58,4.882976e+01,,4.643360e-04,52.00,0.083
59,5.414759e+01,,4.723280e-04,48.00,0.084
60,3.967629e+01,,4.803200e-04,48.00,0.082
61,4.203062e+01,,4.883120e-04,58.00,0.085
62,6.161390e+01,,4.963040e-04,58.00,0.084
63,4.730757e+01,,5.042960e-04,49.00,0.082
64,6.150261e+01,,5.122880e-04,49.00,0.079
65,5.106159e+01,,5.202800e-04,49.00,0.079
66,6.483096e+01,,5.282720e-04,48.00,0.080
67,9.528109e+01,,5.362640e-04,48.00,0.083
68,1.060156e+02,,5.442560e-04,56.00,0.079
69,8.906582e+01,,5.522480e-04,56.00,0.084
70,6.447714e+01,,5.602400e-04,56.00,0.082
71,7.363441e+01,,5.682320e-04,47.00,0.079
72,7.693529e+01,,5.762240e-04,47.00,0.081
73,6.304167e+01,,5.842160e-04,60.00,0.085
74,4.387457e+01,,5.922080e-04,60.00,0.082
75,5.052317e+01,,6.002000e-04,60.00,0.085
76,4.653947e+01,,6.081920e-04,47.00,0.080
77,7.182322e+01,,6.161840e-04,47.00,0.078
78,5.634748e+01,,6.241760e-04,58.00,0.087
79,5.703040e+01,,6.321680e-04,58.00,0.080
80,5.630518e+01,,6.401600e-04,52.00,0.078
81,5.263048e+01,,6.481520e-04,52.00,0.078
82,5.981372e+01,,6.561440e-04,52.00,0.080
83,5.428445e+01,,6.641360e-04,53.00,0.079
84,5.939975e+01,,6.721280e-04,53.00,0.077
85,6.051971e+01,,6.801200e-04,52.00,0.079
86,3.861854e+01,,6.881120e-04,52.00,0.084
87,5.359949e+01,,6.961040e-04,52.00,0.082
88,5.742111e+01,,7.040960e-04,48.00,0.082
89,5.499589e+01,,7.120880e-04,48.00,0.084
90,3.706002e+01,,7.200800e-04,54.00,0.081
91,4.305385e+01,,7.280720e-04,54.00,0.081
92,4.683394e+01,,7.360640e-04,54.00,0.078
93,4.054670e+01,,7.440560e-04,48.00,0.083
94,4.566766e+01,,7.520480e-04,48.00,0.079
95,4.222144e+01,,7.600400e-04,60.00,0.082
96,5.902907e+01,,7.680320e-04,60.00,0.080
97,6.092946e+01,,7.760240e-04,60.00,0.084
98,4.897637e+01,,7.840160e-04,47.00,0.082
99,5.356426e+01,4.882619e+01,7.920080e-04,61.00,0.246
100,3.677580e+01,,8.000000e-04,0.00,0.086
101,3.336560e+01,,7.999998e-04,0.00,0.082
102,3.215969e+01,,7.999991e-04,0.00,0.083
103,2.825658e+01,,7.999979e-04,47.00,0.081
104,4.481065e+01,,7.999962e-04,47.00,0.081
105,7.232953e+01,,7.999941e-04,59.00,0.081
106,5.798126e+01,,7.999916e-04,59.00,0.083
107,5.407576e+01,,7.999885e-04,49.00,0.081
108,8.028237e+01,,7.999850e-04,49.00,0.077
109,4.861182e+01,,7.999810e-04,49.00,0.080
110,5.437384e+01,,7.999765e-04,55.00,0.079
111,4.210647e+01,,7.999716e-04,55.00,0.082
112,3.554907e+01,,7.999662e-04,49.00,0.080
113,3.893471e+01,,7.999603e-04,49.00,0.078
114,6.034083e+01,,7.999540e-04,49.00,0.082
115,4.666732e+01,,7.999472e-04,50.00,0.080
116,4.240563e+01,,7.999399e-04,50.00,0.078
117,3.633168e+01,,7.999322e-04,56.00,0.077
118,3.194281e+01,,7.999240e-04,56.00,0.080
119,2.990230e+01,,7.999153e-04,56.00,0.078
120,2.981513e+01,,7.999061e-04,53.00,0.078
121,3.139426e+01,,7.998965e-04,53.00,0.081
122,3.337169e+01,,7.998864e-04,51.00,0.084
123,2.866091e+01,,7.998758e-04,51.00,0.078
124,2.942312e+01,,7.998648e-04,51.00,0.078
125,2.262611e+01,,7.998533e-04,51.00,0.077
126,2.234998e+01,,7.998413e-04,51.00,0.077
127,2.128624e+01,,7.998289e-04,51.00,0.076
128,2.157820e+01,,7.998160e-04,52.00,0.077
129,2.020832e+01,,7.998026e-04,52.00,0.086
130,1.916161e+01,,7.997888e-04,54.00,0.080
131,1.932495e+01,,7.997745e-04,54.00,0.085
132,1.825423e+01,,7.997597e-04,49.00,0.081
133,1.901403e+01,,7.997444e-04,49.00,0.091
134,2.091730e+01,,7.997287e-04,49.00,0.087
135,1.744249e+01,,7.997125e-04,46.00,0.086
136,1.835904e+01,,7.996959e-04,46.00,0.085
137,1.961426e+01,,7.996787e-04,54.00,0.079
138,1.516320e+01,,7.996611e-04,54.00,0.080
139,1.665875e+01,,7.996431e-04,54.00,0.078
140,1.676689e+01,,7.996245e-04,51.00,0.077
141,1.786480e+01,,7.996055e-04,51.00,0.077
142,1.840004e+01,,7.995860e-04,59.00,0.077
143,2.551672e+01,,7.995661e-04,59.00,0.077
144,2.340200e+01,,7.995457e-04,59.00,0.077
145,2.664583e+01,,7.995248e-04,50.00,0.083
146,2.678256e+01,,7.995035e-04,50.00,0.084
147,2.279351e+01,,7.994816e-04,56.00,0.078
148,1.752973e+01,,7.994593e-04,56.00,0.084
149,2.835331e+01,,7.994366e-04,49.00,0.082
150,3.257296e+01,,7.994134e-04,49.00,0.078
151,2.076433e+01,,7.993897e-04,49.00,0.078
152,2.291697e+01,,7.993655e-04,54.00,0.078
153,2.035408e+01,,7.993409e-04,54.00,0.081
154,1.976239e+01,,7.993158e-04,54.00,0.081
155,1.878737e+01,,7.992902e-04,50.00,0.080
156,1.900562e+01,,7.992642e-04,50.00,0.081
157,1.868017e+01,,7.992377e-04,50.00,0.083
158,1.759664e+01,,7.992107e-04,50.00,0.079
159,2.240039e+01,,7.991832e-04,55.00,0.080
160,2.314799e+01,,7.991553e-04,55.00,0.082
161,2.147879e+01,,7.991270e-04,55.00,0.080
162,1.841168e+01,,7.990981e-04,47.00,0.078
163,2.007931e+01,,7.990688e-04,47.00,0.080
164,2.351865e+01,,7.990390e-04,57.00,0.078
165,1.697935e+01,,7.990088e-04,57.00,0.080
166,1.389405e+01,,7.989780e-04,57.00,0.081
167,1.495874e+01,,7.989468e-04,47.00,0.078
168,2.164486e+01,,7.989152e-04,47.00,0.080
169,2.067031e+01,,7.988831e-04,57.00,0.078
170,1.811435e+01,,7.988505e-04,57.00,0.080
171,1.311278e+01,,7.988174e-04,57.00,0.083
172,1.314180e+01,,7.987839e-04,47.00,0.083
173,1.450661e+01,,7.987499e-04,47.00,0.080
174,1.314936e+01,,7.987154e-04,60.00,0.082
175,1.379699e+01,,7.986805e-04,45.00,0.081
176,1.256649e+01,,7.986451e-04,45.00,0.078
177,1.403175e+01,,7.986092e-04,45.00,0.077
178,1.818357e+01,,7.985729e-04,54.00,0.081
179,1.373738e+01,,7.985361e-04,54.00,0.081
180,1.698044e+01,,7.984988e-04,52.00,0.083
181,1.217191e+01,,7.984610e-04,52.00,0.084
182,1.733234e+01,,7.984228e-04,52.00,0.081
183,1.313945e+01,,7.983842e-04,47.00,0.078
184,1.505845e+01,,7.983450e-04,47.00,0.085
185,1.165602e+01,,7.983054e-04,56.00,0.085
186,1.070149e+01,,7.982653e-04,56.00,0.080
187,1.192161e+01,,7.982248e-04,56.00,0.080
188,1.952072e+01,,7.981838e-04,47.00,0.078
189,3.369336e+01,,7.981423e-04,47.00,0.077
190,2.037982e+01,,7.981003e-04,63.00,0.078
191,1.963648e+01,,7.980579e-04,63.00,0.078
192,1.848826e+01,,7.980150e-04,63.00,0.078
193,2.529277e+01,,7.979717e-04,48.00,0.078
194,1.865988e+01,,7.979279e-04,48.00,0.082
195,1.185372e+01,,7.978836e-04,59.00,0.081
196,1.280681e+01,,7.978389e-04,59.00,0.078
197,1.174064e+01,,7.977936e-04,59.00,0.080
198,1.932082e+01,,7.977480e-04,48.00,0.079
199,2.376110e+01,1.820684e+01,7.977018e-04,60.00,0.225
200,2.087975e+01,,7.976552e-04,0.00,0.082
201,1.696753e+01,,7.976081e-04,0.00,0.078
202,2.520032e+01,,7.975605e-04,0.00,0.077
203,1.816828e+01,,7.975125e-04,52.00,0.084
204,1.478079e+01,,7.974640e-04,52.00,0.079
205,1.916775e+01,,7.974151e-04,55.00,0.080
206,1.769286e+01,,7.973657e-04,55.00,0.077
207,1.228216e+01,,7.973158e-04,55.00,0.077
208,1.472043e+01,,7.972655e-04,53.00,0.076
209,1.371633e+01,,7.972146e-04,53.00,0.076
210,1.072476e+01,,7.971634e-04,53.00,0.076
211,1.262448e+01,,7.971116e-04,50.00,0.076
212,1.081527e+01,,7.970594e-04,50.00,0.076
213,1.021294e+01,,7.970067e-04,65.00,0.076
214,1.139668e+01,,7.969536e-04,65.00,0.076
215,1.231514e+01,,7.969000e-04,65.00,0.076
216,1.079793e+01,,7.968459e-04,49.00,0.076
217,1.123690e+01,,7.967913e-04,49.00,0.076
218,1.972664e+01,,7.967363e-04,49.00,0.076
219,1.635381e+01,,7.966809e-04,60.00,0.076
220,1.284845e+01,,7.966249e-04,60.00,0.076
221,1.213830e+01,,7.965685e-04,57.00,0.076
222,1.345612e+01,,7.965116e-04,57.00,0.076
223,1.212255e+01,,7.964543e-04,57.00,0.077
224,9.310217e+00,,7.963965e-04,50.00,0.076
225,8.892635e+00,,7.963382e-04,50.00,0.076
226,1.036786e+01,,7.962795e-04,64.00,0.076
227,1.116767e+01,,7.962203e-04,64.00,0.076
228,1.389877e+01,,7.961606e-04,64.00,0.076
229,1.341320e+01,,7.961005e-04,49.00,0.076
230,1.423579e+01,,7.960399e-04,49.00,0.076
231,1.594321e+01,,7.959789e-04,49.00,0.076
232,1.065807e+01,,7.959174e-04,58.00,0.076
233,8.886807e+00,,7.958554e-04,58.00,0.076
234,8.500449e+00,,7.957929e-04,59.00,0.076
235,8.357252e+00,,7.957300e-04,59.00,0.076
236,9.399395e+00,,7.956666e-04,59.00,0.076
237,9.117081e+00,,7.956028e-04,50.00,0.076
238,9.485338e+00,,7.955385e-04,50.00,0.076
239,9.137028e+00,,7.954737e-04,65.00,0.078
240,1.516006e+01,,7.954085e-04,65.00,0.076
241,1.080772e+01,,7.953428e-04,65.00,0.076
242,1.163051e+01,,7.952766e-04,49.00,0.076
243,1.139487e+01,,7.952100e-04,49.00,0.076
244,9.032252e+00,,7.951429e-04,49.00,0.076
245,1.190076e+01,,7.950753e-04,58.00,0.076
246,1.367762e+01,,7.950073e-04,58.00,0.076
247,1.573812e+01,,7.949388e-04,60.00,0.076
248,1.264213e+01,,7.948699e-04,60.00,0.077
249,1.050682e+01,,7.948005e-04,60.00,0.076
250,8.031315e+00,,7.947306e-04,50.00,0.076
251,7.223102e+00,,7.946603e-04,50.00,0.076
252,1.019258e+01,,7.945895e-04,64.00,0.076
253,8.234447e+00,,7.945182e-04,64.00,0.076
254,9.196762e+00,,7.944465e-04,64.00,0.076
255,8.643424e+00,,7.943743e-04,49.00,0.076
256,7.404399e+00,,7.943017e-04,49.00,0.076
257,1.161870e+01,,7.942285e-04,49.00,0.076
258,9.899319e+00,,7.941550e-04,57.00,0.076
259,7.555070e+00,,7.940809e-04,57.00,0.076
260,8.349285e+00,,7.940064e-04,60.00,0.076
261,8.544512e+00,,7.939315e-04,60.00,0.077
262,8.917322e+00,,7.938560e-04,60.00,0.076
263,8.184166e+00,,7.937801e-04,50.00,0.076
264,1.151874e+01,,7.937038e-04,50.00,0.082
265,8.299554e+00,,7.936270e-04,59.00,0.079
266,8.520214e+00,,7.935497e-04,59.00,0.077
267,8.305054e+00,,7.934720e-04,59.00,0.076
268,7.745343e+00,,7.933938e-04,49.00,0.076
269,8.901634e+00,,7.933151e-04,49.00,0.076
270,8.091429e+00,,7.932360e-04,49.00,0.076
271,7.551455e+00,,7.931564e-04,62.00,0.076
272,8.043124e+00,,7.930764e-04,62.00,0.077
273,7.153590e+00,,7.929959e-04,52.00,0.077
274,7.287154e+00,,7.929149e-04,52.00,0.076
275,8.596570e+00,,7.928335e-04,52.00,0.076
276,9.339954e+00,,7.927516e-04,52.00,0.076
277,9.032596e+00,,7.926692e-04,52.00,0.076
278,9.279547e+00,,7.925864e-04,64.00,0.076
279,1.214101e+01,,7.925032e-04,64.00,0.076
280,1.291918e+01,,7.924194e-04,64.00,0.076
281,1.154315e+01,,7.923352e-04,49.00,0.075
282,9.785736e+00,,7.922506e-04,49.00,0.076
283,9.401752e+00,,7.921655e-04,49.00,0.076
284,6.390441e+00,,7.920799e-04,61.00,0.076
285,9.738875e+00,,7.919939e-04,61.00,0.076
286,7.938338e+00,,7.919074e-04,54.00,0.076
287,8.107386e+00,,7.918204e-04,54.00,0.076
288,9.730444e+00,,7.917330e-04,54.00,0.076
289,1.045565e+01,,7.916451e-04,50.00,0.076
290,1.152391e+01,,7.915568e-04,50.00,0.076
291,1.199555e+01,,7.914680e-04,64.00,0.076
292,9.775606e+00,,7.913788e-04,64.00,0.076
293,8.771161e+00,,7.912890e-04,64.00,0.076
294,7.251742e+00,,7.911989e-04,49.00,0.077
295,6.620392e+00,,7.911082e-04,49.00,0.076
296,6.366757e+00,,7.910172e-04,49.00,0.076
297,6.008145e+00,,7.909256e-04,60.00,0.076
298,9.926125e+00,,7.908336e-04,60.00,0.077
299,6.306923e+00,1.138246e+01,7.907411e-04,55.00,0.222
300,6.551493e+00,,7.906482e-04,0.00,0.086
301,8.007181e+00,,7.905548e-04,1.00,0.081
302,7.271813e+00,,7.904610e-04,1.00,0.080
303,6.921487e+00,,7.903667e-04,59.00,0.078
304,6.755598e+00,,7.902719e-04,59.00,0.078
305,8.386677e+00,,7.901767e-04,59.00,0.077
306,9.259084e+00,,7.900811e-04,50.00,0.082
307,1.215010e+01,,7.899849e-04,50.00,0.078
308,1.352607e+01,,7.898883e-04,60.00,0.078
309,8.864523e+00,,7.897913e-04,60.00,0.077
310,8.009042e+00,,7.896938e-04,60.00,0.077
311,1.040990e+01,,7.895958e-04,49.00,0.082
312,9.556989e+00,,7.894974e-04,49.00,0.079
313,7.748376e+00,,7.893986e-04,61.00,0.082
314,5.523552e+00,,7.892992e-04,61.00,0.080
315,7.800274e+00,,7.891994e-04,61.00,0.078
316,8.161628e+00,,7.890992e-04,48.00,0.079
317,6.677436e+00,,7.889985e-04,48.00,0.078
318,8.456769e+00,,7.888973e-04,62.00,0.077
319,9.180576e+00,,7.887957e-04,62.00,0.077
320,7.548742e+00,,7.886936e-04,62.00,0.077
321,8.936476e+00,,7.885911e-04,48.00,0.077
322,1.216902e+01,,7.884881e-04,48.00,0.077
323,9.898489e+00,,7.883847e-04,64.00,0.077
324,7.925923e+00,,7.882808e-04,64.00,0.076
325,8.046962e+00,,7.881765e-04,64.00,0.077
326,1.067473e+01,,7.880717e-04,50.00,0.077
327,8.645257e+00,,7.879664e-04,50.00,0.077
328,6.684080e+00,,7.878607e-04,50.00,0.076
329,5.705198e+00,,7.877545e-04,54.00,0.077
330,6.878600e+00,,7.876479e-04,54.00,0.077
331,5.483303e+00,,7.875408e-04,61.00,0.077
332,5.251035e+00,,7.874333e-04,61.00,0.083
333,6.898048e+00,,7.873253e-04,61.00,0.085
334,4.818831e+00,,7.872168e-04,48.00,0.083
335,5.017309e+00,,7.871079e-04,48.00,0.081
336,5.677603e+00,,7.869986e-04,49.00,0.080
337,6.728469e+00,,7.868888e-04,49.00,0.085
338,7.490022e+00,,7.867785e-04,53.00,0.082
339,9.250000e+00,,7.866678e-04,53.00,0.081
340,9.585853e+00,,7.865566e-04,53.00,0.083
341,6.881088e+00,,7.864450e-04,47.00,0.087
342,7.563838e+00,,7.863329e-04,47.00,0.083
343,6.406609e+00,,7.862204e-04,57.00,0.086
344,7.078385e+00,,7.861074e-04,57.00,0.081
345,7.976254e+00,,7.859940e-04,57.00,0.085
346,1.074731e+01,,7.858801e-04,50.00,0.082
347,1.128059e+01,,7.857657e-04,50.00,0.086
348,8.602531e+00,,7.856509e-04,47.00,0.080
349,8.844600e+00,,7.855357e-04,47.00,0.084
350,8.208357e+00,,7.854200e-04,56.00,0.079
351,7.316332e+00,,7.853038e-04,56.00,0.085
352,7.553232e+00,,7.851872e-04,56.00,0.081
353,6.660249e+00,,7.850702e-04,47.00,0.086
354,5.684033e+00,,7.849527e-04,47.00,0.083
355,5.989085e+00,,7.848347e-04,53.00,0.081
356,6.548347e+00,,7.847163e-04,53.00,0.082
357,7.349627e+00,,7.845974e-04,53.00,0.080
358,6.159638e+00,,7.844781e-04,51.00,0.085
359,5.772124e+00,,7.843584e-04,51.00,0.086
360,6.357005e+00,,7.842381e-04,47.00,0.080
361,6.978441e+00,,7.841175e-04,47.00,0.082
362,5.606293e+00,,7.839964e-04,58.00,0.081
363,7.426856e+00,,7.838748e-04,58.00,0.083
364,5.994967e+00,,7.837528e-04,58.00,0.079
365,5.371432e+00,,7.836303e-04,47.00,0.089
366,5.780423e+00,,7.835074e-04,47.00,0.080
367,5.635159e+00,,7.833840e-04,58.00,0.086
368,6.663556e+00,,7.832602e-04,58.00,0.080
369,6.985713e+00,,7.831359e-04,58.00,0.089
370,6.249302e+00,,7.830112e-04,53.00,0.080
371,6.676190e+00,,7.828860e-04,53.00,0.087
372,5.700235e+00,,7.827604e-04,47.00,0.084
373,4.652411e+00,,7.826343e-04,47.00,0.081
374,5.607666e+00,,7.825078e-04,59.00,0.082
375,4.902206e+00,,7.823809e-04,59.00,0.085
376,6.398933e+00,,7.822534e-04,59.00,0.083
377,5.445122e+00,,7.821256e-04,48.00,0.082
378,5.036436e+00,,7.819973e-04,48.00,0.083
379,7.282223e+00,,7.818685e-04,48.00,0.085
380,8.610327e+00,,7.817393e-04,48.00,0.082
381,1.072423e+01,,7.816096e-04,58.00,0.089
382,6.650933e+00,,7.814795e-04,58.00,0.082
383,6.124925e+00,,7.813490e-04,58.00,0.088
384,6.522462e+00,,7.812180e-04,56.00,0.088
385,6.820989e+00,,7.810865e-04,56.00,0.083
386,6.665129e+00,,7.809547e-04,47.00,0.084
387,6.059569e+00,,7.808223e-04,47.00,0.084
388,7.361020e+00,,7.806895e-04,56.00,0.085
389,8.953085e+00,,7.805563e-04,56.00,0.082
390,6.337789e+00,,7.804226e-04,56.00,0.080
391,5.320763e+00,,7.802885e-04,47.00,0.083
392,5.072133e+00,,7.801539e-04,47.00,0.085
393,5.646395e+00,,7.800189e-04,55.00,0.085
394,4.427466e+00,,7.798834e-04,55.00,0.087
395,4.972675e+00,,7.797475e-04,49.00,0.087
396,5.301395e+00,,7.796112e-04,49.00,0.084
397,5.377999e+00,,7.794743e-04,49.00,0.081
398,5.776082e+00,,7.793371e-04,47.00,0.083
399,5.709735e+00,8.946589e+00,7.791994e-04,55.00,0.226
400,5.707507e+00,,7.790613e-04,0.00,0.081
401,5.660737e+00,,7.789227e-04,0.00,0.079
402,6.562008e+00,,7.787837e-04,45.00,0.080
403,7.357375e+00,,7.786442e-04,45.00,0.080
404,6.538861e+00,,7.785043e-04,56.00,0.079
405,6.601166e+00,,7.783639e-04,56.00,0.078
406,1.011194e+01,,7.782231e-04,56.00,0.077
407,7.996709e+00,,7.780819e-04,50.00,0.077
408,9.463161e+00,,7.779402e-04,50.00,0.077
409,7.728696e+00,,7.777980e-04,64.00,0.077
410,7.357826e+00,,7.776554e-04,64.00,0.076
411,6.283336e+00,,7.775124e-04,64.00,0.077
412,6.711671e+00,,7.773690e-04,48.00,0.077
413,9.714908e+00,,7.772250e-04,48.00,0.079
414,6.685882e+00,,7.770807e-04,48.00,0.078
415,6.411250e+00,,7.769359e-04,61.00,0.078
416,5.641026e+00,,7.767907e-04,61.00,0.078
417,6.214750e+00,,7.766450e-04,48.00,0.078
418,5.404826e+00,,7.764989e-04,48.00,0.080
419,5.038158e+00,,7.763523e-04,48.00,0.079
420,4.974751e+00,,7.762053e-04,59.00,0.079
421,6.289633e+00,,7.760579e-04,59.00,0.078
422,4.763685e+00,,7.759100e-04,48.00,0.078
423,1.036127e+01,,7.757616e-04,48.00,0.080
424,6.875197e+00,,7.756129e-04,48.00,0.080
425,6.607676e+00,,7.754637e-04,56.00,0.078
426,7.384965e+00,,7.753140e-04,56.00,0.078
427,5.045263e+00,,7.751639e-04,49.00,0.080
428,5.187041e+00,,7.750134e-04,49.00,0.078
429,5.725950e+00,,7.748624e-04,49.00,0.078
430,5.532164e+00,,7.747110e-04,56.00,0.078
431,4.467427e+00,,7.745592e-04,56.00,0.077
432,6.271576e+00,,7.744069e-04,55.00,0.077
433,8.081381e+00,,7.742541e-04,55.00,0.077
434,7.403533e+00,,7.741010e-04,55.00,0.079
435,6.299183e+00,,7.739474e-04,50.00,0.079
436,6.568814e+00,,7.737933e-04,50.00,0.078
437,6.124831e+00,,7.736388e-04,61.00,0.077
438,5.486839e+00,,7.734839e-04,61.00,0.077
439,5.627874e+00,,7.733285e-04,61.00,0.077
440,5.574512e+00,,7.731727e-04,49.00,0.077
441,5.979649e+00,,7.730165e-04,49.00,0.076
442,6.241663e+00,,7.728598e-04,64.00,0.078
443,5.487739e+00,,7.727027e-04,64.00,0.078
444,4.696391e+00,,7.725452e-04,64.00,0.079
445,5.654705e+00,,7.723872e-04,48.00,0.079
446,5.400122e+00,,7.722288e-04,48.00,0.079
447,6.404346e+00,,7.720699e-04,48.00,0.078
448,4.783755e+00,,7.719106e-04,61.00,0.078
449,8.065070e+00,,7.717509e-04,61.00,0.079
450,8.722566e+00,,7.715907e-04,48.00,0.079
451,6.905750e+00,,7.714301e-04,48.00,0.078
452,6.155080e+00,,7.712690e-04,48.00,0.079
453,6.628195e+00,,7.711076e-04,60.00,0.078
454,6.982450e+00,,7.709456e-04,60.00,0.078
455,7.873355e+00,,7.707833e-04,48.00,0.077
456,6.707555e+00,,7.706205e-04,48.00,0.079
457,7.136236e+00,,7.704573e-04,48.00,0.078
458,5.571168e+00,,7.702936e-04,55.00,0.080
459,5.798546e+00,,7.701295e-04,55.00,0.078
460,5.599959e+00,,7.699650e-04,51.00,0.077
461,4.161171e+00,,7.698001e-04,51.00,0.077
462,5.201146e+00,,7.696347e-04,51.00,0.077
463,5.388590e+00,,7.694688e-04,53.00,0.077
464,4.937181e+00,,7.693026e-04,53.00,0.077
465,5.687898e+00,,7.691359e-04,61.00,0.077
466,4.274671e+00,,7.689688e-04,61.00,0.077
467,4.906308e+00,,7.688012e-04,61.00,0.080
468,5.387309e+00,,7.686332e-04,49.00,0.079
469,4.963527e+00,,7.684648e-04,49.00,0.080
470,5.519422e+00,,7.682959e-04,61.00,0.078
471,6.555074e+00,,7.681266e-04,61.00,0.078
472,5.246689e+00,,7.679569e-04,61.00,0.077
473,4.379833e+00,,7.677868e-04,48.00,0.079
474,4.158694e+00,,7.676162e-04,48.00,0.078
475,5.074643e+00,,7.674452e-04,62.00,0.080
476,5.105839e+00,,7.672737e-04,62.00,0.080
477,4.536225e+00,,7.671019e-04,62.00,0.080
478,4.513959e+00,,7.669295e-04,48.00,0.078
479,5.232497e+00,,7.667568e-04,48.00,0.077
480,3.931815e+00,,7.665836e-04,48.00,0.079
481,5.189925e+00,,7.664100e-04,63.00,0.078
482,7.775057e+00,,7.662360e-04,63.00,0.077
483,5.997442e+00,,7.660615e-04,49.00,0.077
484,3.887957e+00,,7.658867e-04,49.00,0.077
485,4.495884e+00,,7.657113e-04,49.00,0.076
486,3.623008e+00,,7.655356e-04,61.00,0.078
487,3.561568e+00,,7.653594e-04,61.00,0.078
488,4.661747e+00,,7.651828e-04,50.00,0.078
489,4.601829e+00,,7.650058e-04,50.00,0.076
490,4.799188e+00,,7.648283e-04,50.00,0.077
491,5.295307e+00,,7.646504e-04,54.00,0.077
492,4.715711e+00,,7.644721e-04,54.00,0.077
493,5.619574e+00,,7.642934e-04,61.00,0.077
494,5.066260e+00,,7.641142e-04,61.00,0.078
495,4.942073e+00,,7.639346e-04,61.00,0.079
496,4.687739e+00,,7.637545e-04,49.00,0.078
497,6.841866e+00,,7.635741e-04,49.00,0.077
498,5.517871e+00,,7.633932e-04,63.00,0.079
499,4.693957e+00,6.705213e+00,7.632119e-04,47.00,0.225
500,4.684781e+00,,7.630302e-04,0.00,0.079
501,4.628111e+00,,7.628480e-04,0.00,0.078
502,5.631200e+00,,7.626654e-04,0.00,0.077
503,6.030374e+00,,7.624824e-04,56.00,0.077
504,4.779522e+00,,7.622990e-04,56.00,0.076
505,3.809582e+00,,7.621151e-04,59.00,0.076
506,3.471281e+00,,7.619308e-04,59.00,0.076
507,4.162256e+00,,7.617461e-04,59.00,0.076
508,4.791060e+00,,7.615610e-04,50.00,0.076
509,4.505791e+00,,7.613754e-04,50.00,0.076
510,5.457169e+00,,7.611894e-04,50.00,0.076
511,5.702712e+00,,7.610030e-04,64.00,0.077
512,5.600129e+00,,7.608162e-04,64.00,0.076
513,5.102954e+00,,7.606289e-04,48.00,0.076
514,3.985589e+00,,7.604412e-04,48.00,0.076
515,5.149642e+00,,7.602531e-04,48.00,0.076
516,4.558678e+00,,7.600646e-04,56.00,0.076
517,4.424638e+00,,7.598757e-04,56.00,0.076
518,5.187858e+00,,7.596863e-04,61.00,0.076
519,4.884403e+00,,7.594965e-04,61.00,0.076
520,4.284783e+00,,7.593063e-04,61.00,0.076
521,5.467144e+00,,7.591157e-04,49.00,0.076
522,4.607333e+00,,7.589246e-04,49.00,0.077
523,5.385546e+00,,7.587331e-04,49.00,0.076
524,4.795004e+00,,7.585412e-04,64.00,0.076
525,4.110763e+00,,7.583489e-04,64.00,0.076
526,4.088410e+00,,7.581562e-04,50.00,0.076
527,4.430479e+00,,7.579630e-04,50.00,0.076
528,3.853726e+00,,7.577694e-04,50.00,0.076
529,3.782729e+00,,7.575754e-04,53.00,0.076
530,3.889838e+00,,7.573810e-04,53.00,0.076
531,5.055508e+00,,7.571862e-04,64.00,0.076
532,5.062841e+00,,7.569909e-04,64.00,0.076
533,4.502422e+00,,7.567952e-04,64.00,0.076
534,4.305906e+00,,7.565991e-04,48.00,0.076
535,6.009484e+00,,7.564026e-04,48.00,0.076
536,3.854412e+00,,7.562057e-04,48.00,0.077
537,3.945791e+00,,7.560083e-04,64.00,0.076
538,3.824706e+00,,7.558106e-04,64.00,0.076
539,3.371467e+00,,7.556124e-04,52.00,0.076
540,3.315033e+00,,7.554138e-04,52.00,0.076
541,3.344279e+00,,7.552147e-04,52.00,0.076
542,3.346537e+00,,7.550153e-04,52.00,0.076
543,4.072779e+00,,7.548154e-04,52.00,0.076
544,3.653422e+00,,7.546152e-04,52.00,0.076
545,4.841463e+00,,7.544145e-04,64.00,0.076
546,4.154889e+00,,7.542134e-04,64.00,0.076
547,4.961511e+00,,7.540119e-04,49.00,0.076
548,5.495084e+00,,7.538099e-04,49.00,0.076
549,4.701604e+00,,7.536076e-04,49.00,0.076
550,4.217958e+00,,7.534048e-04,61.00,0.076
551,4.757781e+00,,7.532016e-04,61.00,0.076
552,4.887378e+00,,7.529980e-04,55.00,0.076
553,4.583178e+00,,7.527940e-04,55.00,0.076
554,4.628199e+00,,7.525896e-04,55.00,0.076
555,4.028558e+00,,7.523848e-04,51.00,0.076
556,3.256846e+00,,7.521795e-04,51.00,0.076
557,3.178635e+00,,7.519739e-04,51.00,0.076
558,3.631122e+00,,7.517678e-04,65.00,0.076
559,3.411362e+00,,7.515613e-04,65.00,0.076
560,3.622059e+00,,7.513544e-04,49.00,0.076
561,3.706214e+00,,7.511471e-04,49.00,0.077
562,4.931406e+00,,7.509394e-04,49.00,0.076
563,3.772573e+00,,7.507312e-04,58.00,0.076
564,4.215260e+00,,7.505227e-04,58.00,0.076
565,4.222492e+00,,7.503137e-04,58.00,0.076
566,3.590855e+00,,7.501043e-04,58.00,0.076
567,4.614641e+00,,7.498946e-04,58.00,0.076
568,4.160123e+00,,7.496844e-04,51.00,0.076
569,3.801714e+00,,7.494738e-04,51.00,0.076
570,4.302949e+00,,7.492627e-04,51.00,0.076
571,4.302859e+00,,7.490513e-04,64.00,0.076
572,4.305113e+00,,7.488395e-04,64.00,0.076
573,4.196237e+00,,7.486272e-04,49.00,0.076
574,3.850390e+00,,7.484146e-04,49.00,0.076
575,4.012184e+00,,7.482015e-04,49.00,0.076
576,4.064943e+00,,7.479881e-04,56.00,0.076
577,3.459802e+00,,7.477742e-04,56.00,0.076
578,3.844768e+00,,7.475599e-04,61.00,0.076
579,3.303340e+00,,7.473452e-04,61.00,0.076
580,3.655056e+00,,7.471301e-04,61.00,0.076
581,5.077246e+00,,7.469146e-04,49.00,0.076
582,4.921777e+00,,7.466987e-04,49.00,0.076
583,3.989508e+00,,7.464824e-04,49.00,0.076
584,3.139992e+00,,7.462656e-04,64.00,0.076
585,3.132210e+00,,7.460485e-04,64.00,0.076
586,2.983464e+00,,7.458310e-04,49.00,0.077
587,3.172501e+00,,7.456130e-04,49.00,0.078
588,4.536557e+00,,7.453947e-04,49.00,0.079
589,6.808607e+00,,7.451759e-04,54.00,0.078
590,3.834476e+00,,7.449567e-04,54.00,0.077
591,3.728896e+00,,7.447372e-04,57.00,0.077
592,4.141087e+00,,7.445172e-04,57.00,0.076
593,3.823786e+00,,7.442968e-04,57.00,0.078
594,3.484948e+00,,7.440760e-04,50.00,0.076
595,4.462175e+00,,7.438548e-04,50.00,0.076
596,3.248445e+00,,7.436333e-04,50.00,0.076
597,3.706166e+00,,7.434113e-04,55.00,0.077
598,3.106393e+00,,7.431889e-04,55.00,0.077
599,4.089348e+00,5.117391e+00,7.429661e-04,61.00,0.222
600,3.788918e+00,,7.427429e-04,0.00,0.082
601,3.876612e+00,,7.425193e-04,43.00,0.079
602,3.339474e+00,,7.422953e-04,43.00,0.077
603,3.381131e+00,,7.420709e-04,66.00,0.078
604,4.104529e+00,,7.418460e-04,66.00,0.081
605,5.468928e+00,,7.416208e-04,66.00,0.082
606,3.547935e+00,,7.413952e-04,45.00,0.078
607,3.933675e+00,,7.411692e-04,45.00,0.078
608,3.321336e+00,,7.409428e-04,64.00,0.081
609,5.035476e+00,,7.407160e-04,64.00,0.082
610,3.861265e+00,,7.404888e-04,64.00,0.085
611,3.516857e+00,,7.402612e-04,46.00,0.080
612,3.794738e+00,,7.400332e-04,46.00,0.078
613,3.657639e+00,,7.398048e-04,57.00,0.082
614,3.730221e+00,,7.395760e-04,57.00,0.082
615,3.916620e+00,,7.393467e-04,57.00,0.080
616,3.687797e+00,,7.391171e-04,51.00,0.082
617,3.681133e+00,,7.388871e-04,51.00,0.081
618,3.571180e+00,,7.386567e-04,47.00,0.084
619,3.389272e+00,,7.384259e-04,47.00,0.081
620,3.920263e+00,,7.381947e-04,59.00,0.081
621,3.888677e+00,,7.379632e-04,59.00,0.082
622,3.961178e+00,,7.377312e-04,59.00,0.082
623,4.009130e+00,,7.374988e-04,44.00,0.080
624,4.501474e+00,,7.372660e-04,44.00,0.083
625,5.137291e+00,,7.370328e-04,65.00,0.078
626,5.091750e+00,,7.367993e-04,65.00,0.079
627,4.490004e+00,,7.365653e-04,65.00,0.078
628,4.258014e+00,,7.363309e-04,45.00,0.077
629,4.038818e+00,,7.360962e-04,45.00,0.078
630,2.837205e+00,,7.358610e-04,63.00,0.077
631,3.652869e+00,,7.356255e-04,63.00,0.077
632,4.075851e+00,,7.353895e-04,63.00,0.077
633,3.852769e+00,,7.351532e-04,48.00,0.078
634,4.029893e+00,,7.349165e-04,48.00,0.078
635,3.564156e+00,,7.346794e-04,48.00,0.077
636,3.812880e+00,,7.344418e-04,57.00,0.077
637,4.027876e+00,,7.342039e-04,57.00,0.077
638,3.393590e+00,,7.339656e-04,54.00,0.081
639,3.556724e+00,,7.337270e-04,54.00,0.081
640,3.807643e+00,,7.334879e-04,54.00,0.082
641,3.778078e+00,,7.332484e-04,53.00,0.082
642,3.911314e+00,,7.330085e-04,53.00,0.080
643,3.329611e+00,,7.327683e-04,46.00,0.081
644,3.355155e+00,,7.325276e-04,46.00,0.082
645,2.842221e+00,,7.322866e-04,59.00,0.082
646,3.695048e+00,,7.320452e-04,59.00,0.078
647,3.779068e+00,,7.318034e-04,59.00,0.082
648,3.192363e+00,,7.315612e-04,44.00,0.086
649,3.773854e+00,,7.313186e-04,44.00,0.080
650,4.708107e+00,,7.310756e-04,66.00,0.078
651,3.525218e+00,,7.308322e-04,66.00,0.082
652,3.145446e+00,,7.305885e-04,66.00,0.081
653,3.184178e+00,,7.303443e-04,46.00,0.078
654,3.679255e+00,,7.300998e-04,46.00,0.080
655,3.424387e+00,,7.298549e-04,62.00,0.082
656,4.112320e+00,,7.296096e-04,62.00,0.081
657,3.870197e+00,,7.293639e-04,62.00,0.081
658,3.249525e+00,,7.291178e-04,46.00,0.078
659,3.275006e+00,,7.288713e-04,46.00,0.077
660,3.764840e+00,,7.286245e-04,65.00,0.078
661,3.057917e+00,,7.283772e-04,65.00,0.080
662,3.133838e+00,,7.281296e-04,65.00,0.083
663,3.423050e+00,,7.278816e-04,46.00,0.084
664,3.564733e+00,,7.276332e-04,46.00,0.080
665,3.618789e+00,,7.273844e-04,58.00,0.078
666,3.023319e+00,,7.271353e-04,58.00,0.083
667,2.692519e+00,,7.268857e-04,58.00,0.080
668,3.786921e+00,,7.266358e-04,51.00,0.081
669,2.871809e+00,,7.263855e-04,51.00,0.080
670,2.793205e+00,,7.261348e-04,53.00,0.080
671,3.200493e+00,,7.258837e-04,53.00,0.081
672,3.247782e+00,,7.256322e-04,53.00,0.078
673,3.029578e+00,,7.253804e-04,54.00,0.078
674,2.684048e+00,,7.251282e-04,54.00,0.079
675,3.468890e+00,,7.248755e-04,50.00,0.082
676,2.921154e+00,,7.246226e-04,50.00,0.082
677,3.256033e+00,,7.243692e-04,50.00,0.081
678,2.774839e+00,,7.241154e-04,57.00,0.081
679,2.747154e+00,,7.238613e-04,57.00,0.083
680,2.725375e+00,,7.236068e-04,43.00,0.085
681,2.974353e+00,,7.233519e-04,43.00,0.079
682,3.290836e+00,,7.230966e-04,62.00,0.082
683,3.319390e+00,,7.228410e-04,62.00,0.080
684,2.868717e+00,,7.225850e-04,62.00,0.081
685,3.349557e+00,,7.223286e-04,45.00,0.082
686,3.081782e+00,,7.220718e-04,45.00,0.084
687,3.029160e+00,,7.218146e-04,59.00,0.080
688,2.726290e+00,,7.215571e-04,59.00,0.078
689,2.996972e+00,,7.212991e-04,59.00,0.077
690,3.256697e+00,,7.210408e-04,47.00,0.082
691,2.820719e+00,,7.207822e-04,47.00,0.082
692,2.898727e+00,,7.205231e-04,57.00,0.081
693,2.653446e+00,,7.202637e-04,57.00,0.083
694,2.464353e+00,,7.200039e-04,57.00,0.080
695,2.871039e+00,,7.197437e-04,51.00,0.082
696,2.891145e+00,,7.194832e-04,51.00,0.082
697,3.110224e+00,,7.192223e-04,48.00,0.081
698,3.071485e+00,,7.189610e-04,48.00,0.078
699,2.731795e+00,3.678244e+00,7.186993e-04,56.00,0.227
700,2.725460e+00,,7.184372e-04,0.00,0.083
701,2.453409e+00,,7.181748e-04,48.00,0.079
702,2.717140e+00,,7.179120e-04,48.00,0.078
703,2.482411e+00,,7.176488e-04,48.00,0.077
704,2.652810e+00,,7.173853e-04,57.00,0.077
705,2.653633e+00,,7.171214e-04,57.00,0.077
706,3.495080e+00,,7.168571e-04,58.00,0.076
707,3.661635e+00,,7.165924e-04,58.00,0.076
708,3.475577e+00,,7.163274e-04,58.00,0.076
709,3.478171e+00,,7.160620e-04,48.00,0.076
710,3.885374e+00,,7.157962e-04,48.00,0.078
711,2.789931e+00,,7.155301e-04,67.00,0.077
712,3.052635e+00,,7.152636e-04,67.00,0.077
713,2.687901e+00,,7.149967e-04,67.00,0.077
714,3.146775e+00,,7.147294e-04,45.00,0.077
715,3.944917e+00,,7.144618e-04,45.00,0.076
716,4.806346e+00,,7.141938e-04,45.00,0.076
717,4.427592e+00,,7.139255e-04,62.00,0.077
718,3.118442e+00,,7.136567e-04,62.00,0.078
719,2.877842e+00,,7.133876e-04,52.00,0.077
720,2.893621e+00,,7.131182e-04,52.00,0.077
721,3.094652e+00,,7.128483e-04,52.00,0.077
722,2.496423e+00,,7.125781e-04,53.00,0.076
723,2.430099e+00,,7.123076e-04,53.00,0.076
724,3.668009e+00,,7.120367e-04,64.00,0.076
725,3.420707e+00,,7.117654e-04,64.00,0.076
726,3.165099e+00,,7.114937e-04,64.00,0.078
727,2.880314e+00,,7.112217e-04,46.00,0.077
728,3.234916e+00,,7.109493e-04,46.00,0.077
729,3.319443e+00,,7.106765e-04,65.00,0.077
730,3.043981e+00,,7.104034e-04,65.00,0.076
731,3.315914e+00,,7.101299e-04,65.00,0.077
732,3.465339e+00,,7.098560e-04,49.00,0.076
733,3.771371e+00,,7.095818e-04,49.00,0.077
734,4.146605e+00,,7.093072e-04,49.00,0.076
735,3.968218e+00,,7.090323e-04,56.00,0.076
736,3.514947e+00,,7.087570e-04,56.00,0.076
737,3.245573e+00,,7.084813e-04,61.00,0.077
738,3.201559e+00,,7.082053e-04,61.00,0.077
739,3.576213e+00,,7.079289e-04,61.00,0.077
740,3.602880e+00,,7.076522e-04,47.00,0.076
741,3.193688e+00,,7.073750e-04,47.00,0.076
742,2.935360e+00,,7.070976e-04,64.00,0.080
743,3.716644e+00,,7.068197e-04,64.00,0.085
744,3.121185e+00,,7.065415e-04,64.00,0.082
745,3.035029e+00,,7.062630e-04,46.00,0.082
746,3.431378e+00,,7.059841e-04,46.00,0.082
747,3.287335e+00,,7.057048e-04,53.00,0.083
748,2.867600e+00,,7.054252e-04,53.00,0.081
749,2.757116e+00,,7.051452e-04,53.00,0.082
750,2.777553e+00,,7.048648e-04,53.00,0.082
751,3.087801e+00,,7.045841e-04,53.00,0.081
752,2.771300e+00,,7.043031e-04,45.00,0.081
753,2.707894e+00,,7.040216e-04,45.00,0.082
754,2.750500e+00,,7.037399e-04,58.00,0.084
755,2.422619e+00,,7.034577e-04,58.00,0.085
756,3.427775e+00,,7.031752e-04,58.00,0.083
757,2.629495e+00,,7.028924e-04,44.00,0.085
758,2.981191e+00,,7.026092e-04,44.00,0.081
759,3.136378e+00,,7.023256e-04,54.00,0.084
760,2.589811e+00,,7.020417e-04,54.00,0.079
761,2.692213e+00,,7.017574e-04,54.00,0.084
762,6.015860e+00,,7.014728e-04,50.00,0.079
763,3.942650e+00,,7.011879e-04,50.00,0.084
764,3.865191e+00,,7.009025e-04,45.00,0.081
765,3.478206e+00,,7.006168e-04,45.00,0.084
766,3.478035e+00,,7.003308e-04,58.00,0.086
767,2.992521e+00,,7.000444e-04,58.00,0.084
768,3.102400e+00,,6.997577e-04,58.00,0.082
769,2.935939e+00,,6.994706e-04,46.00,0.080
770,2.783767e+00,,6.991832e-04,46.00,0.079
771,3.272481e+00,,6.988954e-04,57.00,0.084
772,2.633870e+00,,6.986072e-04,57.00,0.081
773,2.606322e+00,,6.983187e-04,57.00,0.080
774,2.493010e+00,,6.980299e-04,50.00,0.081
775,2.847455e+00,,6.977407e-04,50.00,0.081
776,2.574859e+00,,6.974512e-04,50.00,0.080
777,2.409158e+00,,6.971613e-04,50.00,0.080
778,2.632222e+00,,6.968710e-04,50.00,0.081
779,3.143464e+00,,6.965804e-04,55.00,0.082
780,3.218121e+00,,6.962895e-04,55.00,0.082
781,3.153221e+00,,6.959982e-04,45.00,0.079
782,3.002606e+00,,6.957066e-04,45.00,0.078
783,2.930503e+00,,6.954146e-04,45.00,0.079
784,3.099562e+00,,6.951223e-04,59.00,0.080
785,2.955912e+00,,6.948296e-04,59.00,0.085
786,2.872877e+00,,6.945366e-04,43.00,0.081
787,2.896920e+00,,6.942432e-04,43.00,0.078
788,2.569204e+00,,6.939495e-04,63.00,0.081
789,3.059918e+00,,6.936555e-04,63.00,0.084
790,3.619724e+00,,6.933611e-04,63.00,0.079
791,2.880808e+00,,6.930663e-04,45.00,0.080
792,2.563448e+00,,6.927712e-04,45.00,0.081
793,3.374444e+00,,6.924758e-04,63.00,0.081
794,2.711356e+00,,6.921800e-04,63.00,0.080
795,2.886882e+00,,6.918839e-04,63.00,0.082
796,2.326254e+00,,6.915875e-04,46.00,0.080
797,2.940151e+00,,6.912906e-04,46.00,0.085
798,2.036059e+00,,6.909935e-04,56.00,0.081
799,2.092425e+00,3.210295e+00,6.906960e-04,14.00,0.224
800,2.238813e+00,,6.903982e-04,0.00,0.080
801,2.454542e+00,,6.901000e-04,0.00,0.079
802,2.968782e+00,,6.898015e-04,52.00,0.078
803,3.127966e+00,,6.895027e-04,52.00,0.078
804,2.948295e+00,,6.892035e-04,52.00,0.077
805,3.640249e+00,,6.889040e-04,53.00,0.077
806,3.317504e+00,,6.886041e-04,53.00,0.077
807,2.638818e+00,,6.883039e-04,62.00,0.077
808,2.829254e+00,,6.880034e-04,62.00,0.076
809,2.898139e+00,,6.877025e-04,62.00,0.077
810,3.030454e+00,,6.874013e-04,47.00,0.077
811,2.891945e+00,,6.870997e-04,47.00,0.078
812,3.057671e+00,,6.867978e-04,67.00,0.077
813,3.046878e+00,,6.864956e-04,67.00,0.077
814,2.669629e+00,,6.861930e-04,67.00,0.078
815,2.388224e+00,,6.858901e-04,45.00,0.077
816,2.777536e+00,,6.855869e-04,45.00,0.077
817,3.175703e+00,,6.852833e-04,45.00,0.077
818,3.419350e+00,,6.849794e-04,61.00,0.076
819,3.026315e+00,,6.846752e-04,61.00,0.077
820,2.953727e+00,,6.843706e-04,54.00,0.077
821,3.100821e+00,,6.840657e-04,54.00,0.077
822,3.041640e+00,,6.837604e-04,54.00,0.076
823,2.269056e+00,,6.834549e-04,51.00,0.077
824,2.122479e+00,,6.831490e-04,51.00,0.077
825,2.368435e+00,,6.828427e-04,65.00,0.077
826,3.613136e+00,,6.825361e-04,65.00,0.076
827,3.353265e+00,,6.822292e-04,65.00,0.077
828,2.656598e+00,,6.819220e-04,46.00,0.077
829,3.026026e+00,,6.816144e-04,46.00,0.076
830,2.759315e+00,,6.813065e-04,46.00,0.077
831,2.730975e+00,,6.809983e-04,63.00,0.077
832,2.925586e+00,,6.806898e-04,63.00,0.077
833,3.057309e+00,,6.803809e-04,52.00,0.077
834,2.691373e+00,,6.800717e-04,52.00,0.077
835,2.086242e+00,,6.797621e-04,52.00,0.077
836,2.358612e+00,,6.794522e-04,53.00,0.077
837,2.114418e+00,,6.791420e-04,53.00,0.077
838,2.576785e+00,,6.788315e-04,60.00,0.078
839,2.902964e+00,,6.785207e-04,60.00,0.078
840,2.613005e+00,,6.782095e-04,60.00,0.077
841,2.513625e+00,,6.778980e-04,47.00,0.077
842,3.261422e+00,,6.775861e-04,47.00,0.077
843,2.883661e+00,,6.772740e-04,47.00,0.077
844,2.855746e+00,,6.769615e-04,67.00,0.077
845,2.798702e+00,,6.766487e-04,67.00,0.076
846,2.503766e+00,,6.763356e-04,46.00,0.077
847,2.291063e+00,,6.760221e-04,46.00,0.076
848,2.457730e+00,,6.757083e-04,46.00,0.077
849,2.393077e+00,,6.753942e-04,60.00,0.078
850,2.730973e+00,,6.750798e-04,60.00,0.076
851,2.251439e+00,,6.747650e-04,55.00,0.077
852,2.161603e+00,,6.744500e-04,55.00,0.076
853,2.810602e+00,,6.741346e-04,55.00,0.077
854,2.947768e+00,,6.738188e-04,49.00,0.077
855,3.106981e+00,,6.735028e-04,49.00,0.076
856,2.546923e+00,,6.731864e-04,66.00,0.077
857,2.302271e+00,,6.728698e-04,66.00,0.077
858,2.623543e+00,,6.725528e-04,66.00,0.077
859,3.553910e+00,,6.722354e-04,46.00,0.077
860,2.811617e+00,,6.719178e-04,46.00,0.077
861,2.784493e+00,,6.715998e-04,46.00,0.077
862,2.840602e+00,,6.712816e-04,63.00,0.077
863,2.794844e+00,,6.709630e-04,63.00,0.077
864,2.671177e+00,,6.706440e-04,49.00,0.078
865,2.829261e+00,,6.703248e-04,49.00,0.077
866,2.835594e+00,,6.700053e-04,49.00,0.078
867,2.845837e+00,,6.696854e-04,56.00,0.077
868,2.585271e+00,,6.693652e-04,56.00,0.077
869,2.562789e+00,,6.690447e-04,57.00,0.077
870,2.980023e+00,,6.687239e-04,57.00,0.077
871,3.039899e+00,,6.684028e-04,57.00,0.077
872,2.399572e+00,,6.680813e-04,48.00,0.076
873,2.484197e+00,,6.677596e-04,48.00,0.076
874,2.862298e+00,,6.674375e-04,67.00,0.077
875,2.356120e+00,,6.671151e-04,67.00,0.077
876,2.173189e+00,,6.667924e-04,67.00,0.076
877,3.124188e+00,,6.664694e-04,45.00,0.076
878,2.616131e+00,,6.661461e-04,45.00,0.077
879,2.548304e+00,,6.658224e-04,45.00,0.077
880,2.702104e+00,,6.654985e-04,61.00,0.076
881,3.283112e+00,,6.651742e-04,61.00,0.077
882,2.500476e+00,,6.648496e-04,55.00,0.077
883,2.387645e+00,,6.645247e-04,55.00,0.076
884,1.947987e+00,,6.641996e-04,55.00,0.076
885,1.950597e+00,,6.638740e-04,51.00,0.078
886,2.214837e+00,,6.635482e-04,51.00,0.077
887,2.577641e+00,,6.632221e-04,65.00,0.077
888,2.937813e+00,,6.628957e-04,65.00,0.077
889,2.052304e+00,,6.625689e-04,65.00,0.077
890,1.866318e+00,,6.622419e-04,46.00,0.076
891,2.019940e+00,,6.619145e-04,46.00,0.077
892,2.411164e+00,,6.615869e-04,46.00,0.077
893,2.475756e+00,,6.612589e-04,64.00,0.076
894,2.565669e+00,,6.609306e-04,64.00,0.078
895,2.993198e+00,,6.606020e-04,50.00,0.077
896,2.626381e+00,,6.602731e-04,50.00,0.077
897,2.582517e+00,,6.599439e-04,50.00,0.077
898,2.718693e+00,,6.596144e-04,55.00,0.077
899,2.528898e+00,3.355990e+00,6.592846e-04,55.00,0.084
900,2.513220e+00,,6.589545e-04,0.00,0.083
901,2.474353e+00,,6.586241e-04,53.00,0.081
902,3.152191e+00,,6.582934e-04,53.00,0.080
903,3.180173e+00,,6.579624e-04,53.00,0.087
904,2.462715e+00,,6.576310e-04,51.00,0.083
905,2.577313e+00,,6.572994e-04,51.00,0.086
906,2.490196e+00,,6.569675e-04,44.00,0.080
907,2.687194e+00,,6.566353e-04,44.00,0.082
908,2.572559e+00,,6.563027e-04,60.00,0.084
909,2.677793e+00,,6.559699e-04,60.00,0.083
910,2.431890e+00,,6.556368e-04,60.00,0.082
911,2.362664e+00,,6.553033e-04,46.00,0.090
912,2.112818e+00,,6.549696e-04,46.00,0.085
913,2.225333e+00,,6.546356e-04,43.00,0.090
914,2.208596e+00,,6.543012e-04,43.00,0.082
915,2.129293e+00,,6.539666e-04,58.00,0.086
916,2.016768e+00,,6.536317e-04,58.00,0.081
917,2.115020e+00,,6.532965e-04,58.00,0.082
918,2.062017e+00,,6.529609e-04,46.00,0.085
919,1.794919e+00,,6.526251e-04,46.00,0.080
920,2.285432e+00,,6.522890e-04,49.00,0.083
921,1.860808e+00,,6.519526e-04,49.00,0.085
922,2.103329e+00,,6.516159e-04,49.00,0.083
923,2.612897e+00,,6.512789e-04,58.00,0.086
924,2.338707e+00,,6.509416e-04,58.00,0.085
925,2.014496e+00,,6.506040e-04,44.00,0.088
926,2.165379e+00,,6.502661e-04,44.00,0.083
927,2.270342e+00,,6.499279e-04,44.00,0.090
928,2.360191e+00,,6.495895e-04,44.00,0.082
929,2.331008e+00,,6.492507e-04,44.00,0.086
930,1.967010e+00,,6.489116e-04,58.00,0.079
931,1.935012e+00,,6.485723e-04,58.00,0.080
932,2.041497e+00,,6.482327e-04,44.00,0.080
933,2.331649e+00,,6.478927e-04,44.00,0.086
934,2.259827e+00,,6.475525e-04,61.00,0.083
935,2.122978e+00,,6.472120e-04,61.00,0.085
936,2.108211e+00,,6.468712e-04,61.00,0.084
937,3.085126e+00,,6.465301e-04,47.00,0.084
938,2.754320e+00,,6.461887e-04,47.00,0.082
939,2.664611e+00,,6.458470e-04,43.00,0.085
940,2.858234e+00,,6.455051e-04,43.00,0.080
941,3.374508e+00,,6.451628e-04,43.00,0.084
942,2.491684e+00,,6.448203e-04,60.00,0.081
943,2.587470e+00,,6.444775e-04,60.00,0.085
944,2.370302e+00,,6.441344e-04,44.00,0.080
945,2.193451e+00,,6.437910e-04,44.00,0.086
946,2.361388e+00,,6.434473e-04,53.00,0.086
947,2.063042e+00,,6.431033e-04,53.00,0.086
948,2.291080e+00,,6.427590e-04,53.00,0.083
949,2.149057e+00,,6.424145e-04,55.00,0.086
950,2.471734e+00,,6.420697e-04,55.00,0.081
951,2.409483e+00,,6.417246e-04,44.00,0.084
952,2.404049e+00,,6.413792e-04,44.00,0.080
953,2.733483e+00,,6.410335e-04,60.00,0.084
954,2.613579e+00,,6.406876e-04,60.00,0.080
955,2.610426e+00,,6.403413e-04,60.00,0.085
956,2.516478e+00,,6.399948e-04,46.00,0.084
957,2.744436e+00,,6.396480e-04,46.00,0.085
958,2.751556e+00,,6.393009e-04,45.00,0.083
959,2.173653e+00,,6.389535e-04,45.00,0.087
960,2.137088e+00,,6.386059e-04,45.00,0.081
961,3.279288e+00,,6.382580e-04,64.00,0.086
962,2.942439e+00,,6.379098e-04,64.00,0.080
963,2.309547e+00,,6.375613e-04,46.00,0.085
964,2.481624e+00,,6.372125e-04,46.00,0.081
965,2.523958e+00,,6.368635e-04,54.00,0.085
966,2.177953e+00,,6.365142e-04,54.00,0.084
967,1.931026e+00,,6.361646e-04,54.00,0.088
968,2.076456e+00,,6.358147e-04,52.00,0.086
969,2.068381e+00,,6.354645e-04,52.00,0.083
970,2.486188e+00,,6.351141e-04,44.00,0.086
971,2.207605e+00,,6.347634e-04,44.00,0.087
972,2.056581e+00,,6.344124e-04,49.00,0.085
973,2.170375e+00,,6.340612e-04,49.00,0.085
974,1.950277e+00,,6.337096e-04,49.00,0.082
975,1.893338e+00,,6.333578e-04,59.00,0.086
976,2.172568e+00,,6.330058e-04,59.00,0.082
977,2.007759e+00,,6.326534e-04,43.00,0.088
978,2.355671e+00,,6.323008e-04,43.00,0.085
979,2.360054e+00,,6.319479e-04,49.00,0.086
980,2.197618e+00,,6.315947e-04,49.00,0.084
981,2.421291e+00,,6.312413e-04,49.00,0.082
982,2.759380e+00,,6.308876e-04,57.00,0.080
983,2.476674e+00,,6.305336e-04,57.00,0.084
984,2.480472e+00,,6.301793e-04,43.00,0.082
985,2.174987e+00,,6.298248e-04,43.00,0.084
986,2.745709e+00,,6.294700e-04,62.00,0.082
987,3.393353e+00,,6.291150e-04,62.00,0.083
988,3.399254e+00,,6.287596e-04,62.00,0.083
989,2.298100e+00,,6.284040e-04,46.00,0.084
990,2.537342e+00,,6.280482e-04,46.00,0.083
991,2.438108e+00,,6.276920e-04,44.00,0.084
992,3.014382e+00,,6.273356e-04,44.00,0.083
993,2.376274e+00,,6.269789e-04,44.00,0.083
994,2.651581e+00,,6.266220e-04,60.00,0.082
995,2.717081e+00,,6.262648e-04,60.00,0.082
996,2.113357e+00,,6.259073e-04,44.00,0.086
997,1.981435e+00,,6.255496e-04,44.00,0.084
998,2.333177e+00,,6.251916e-04,55.00,0.082
999,2.005240e+00,3.073994e+00,6.248334e-04,20.00,0.229
1000,2.225285e+00,,6.244748e-04,2.00,0.082
1001,2.393685e+00,,6.241160e-04,2.00,0.081
1002,3.667809e+00,,6.237570e-04,56.00,0.080
1003,2.528432e+00,,6.233977e-04,56.00,0.078
1004,2.707616e+00,,6.230381e-04,56.00,0.078
1005,2.441529e+00,,6.226783e-04,49.00,0.077
1006,2.689694e+00,,6.223182e-04,49.00,0.077
1007,2.565288e+00,,6.219578e-04,49.00,0.077
1008,2.277411e+00,,6.215972e-04,63.00,0.077
1009,2.027283e+00,,6.212363e-04,63.00,0.077
1010,2.374067e+00,,6.208752e-04,47.00,0.077
1011,2.076392e+00,,6.205138e-04,47.00,0.078
1012,1.701714e+00,,6.201521e-04,47.00,0.079
1013,2.072469e+00,,6.197902e-04,65.00,0.079
1014,2.267165e+00,,6.194280e-04,65.00,0.078
1015,1.776866e+00,,6.190656e-04,45.00,0.079
1016,1.740717e+00,,6.187029e-04,45.00,0.079
1017,1.933664e+00,,6.183399e-04,45.00,0.078
1018,2.017696e+00,,6.179767e-04,64.00,0.078
1019,1.797379e+00,,6.176133e-04,64.00,0.079
1020,1.871838e+00,,6.172496e-04,45.00,0.078
1021,1.786252e+00,,6.168856e-04,45.00,0.077
1022,1.729466e+00,,6.165214e-04,45.00,0.078
1023,1.806841e+00,,6.161569e-04,60.00,0.077
1024,1.798884e+00,,6.157922e-04,60.00,0.077
1025,2.022502e+00,,6.154272e-04,51.00,0.079
1026,1.791644e+00,,6.150619e-04,51.00,0.080
1027,1.828647e+00,,6.146965e-04,51.00,0.080
1028,2.101165e+00,,6.143307e-04,56.00,0.079
1029,1.798601e+00,,6.139647e-04,56.00,0.079
1030,1.974860e+00,,6.135985e-04,50.00,0.080
1031,2.250111e+00,,6.132320e-04,50.00,0.078
1032,2.393629e+00,,6.128652e-04,50.00,0.078
1033,2.251294e+00,,6.124982e-04,56.00,0.078
1034,2.761869e+00,,6.121310e-04,56.00,0.076
1035,2.868351e+00,,6.117635e-04,58.00,0.077
1036,2.387276e+00,,6.113958e-04,58.00,0.076
1037,2.191418e+00,,6.110278e-04,58.00,0.076
1038,2.032171e+00,,6.106595e-04,47.00,0.076
1039,1.962086e+00,,6.102911e-04,47.00,0.078
1040,1.864813e+00,,6.099223e-04,47.00,0.079
1041,2.026714e+00,,6.095534e-04,66.00,0.078
1042,2.382064e+00,,6.091841e-04,66.00,0.078
1043,2.061675e+00,,6.088147e-04,45.00,0.078
1044,2.008287e+00,,6.084449e-04,45.00,0.080
1045,1.849812e+00,,6.080750e-04,45.00,0.078
1046,1.989318e+00,,6.077048e-04,66.00,0.078
1047,2.312705e+00,,6.073343e-04,66.00,0.079
1048,1.975687e+00,,6.069637e-04,45.00,0.078
1049,1.982183e+00,,6.065927e-04,45.00,0.077
1050,1.825843e+00,,6.062215e-04,45.00,0.077
1051,1.825715e+00,,6.058501e-04,62.00,0.078
1052,1.945640e+00,,6.054785e-04,62.00,0.077
1053,1.979309e+00,,6.051066e-04,50.00,0.077
1054,1.701976e+00,,6.047344e-04,50.00,0.078
1055,1.800204e+00,,6.043620e-04,50.00,0.078
1056,1.859703e+00,,6.039894e-04,55.00,0.078
1057,2.071890e+00,,6.036166e-04,55.00,0.077
1058,2.207204e+00,,6.032435e-04,56.00,0.078
1059,2.139814e+00,,6.028701e-04,56.00,0.079
1060,2.051661e+00,,6.024966e-04,56.00,0.079
1061,2.102700e+00,,6.021227e-04,50.00,0.078
1062,2.240644e+00,,6.017487e-04,50.00,0.078
1063,2.320107e+00,,6.013744e-04,59.00,0.078
1064,3.124242e+00,,6.009999e-04,59.00,0.078
1065,2.560990e+00,,6.006251e-04,59.00,0.077
1066,2.179645e+00,,6.002501e-04,47.00,0.077
1067,2.000786e+00,,5.998749e-04,47.00,0.077
1068,2.111732e+00,,5.994994e-04,47.00,0.077
1069,2.132178e+00,,5.991237e-04,67.00,0.078
1070,2.453736e+00,,5.987478e-04,67.00,0.077
1071,2.532016e+00,,5.983716e-04,45.00,0.078
1072,2.321731e+00,,5.979952e-04,45.00,0.077
1073,2.281483e+00,,5.976186e-04,45.00,0.079
1074,2.739085e+00,,5.972417e-04,63.00,0.078
1075,2.350785e+00,,5.968647e-04,63.00,0.079
1076,2.159778e+00,,5.964873e-04,45.00,0.080
1077,2.058582e+00,,5.961098e-04,45.00,0.077
1078,2.110031e+00,,5.957320e-04,45.00,0.078
1079,2.174372e+00,,5.953540e-04,60.00,0.077
1080,2.422604e+00,,5.949757e-04,60.00,0.077
1081,2.197686e+00,,5.945973e-04,51.00,0.078
1082,1.940520e+00,,5.942186e-04,51.00,0.078
1083,1.838674e+00,,5.938396e-04,51.00,0.078
1084,1.907973e+00,,5.934605e-04,55.00,0.077
1085,1.916361e+00,,5.930811e-04,55.00,0.079
1086,1.905450e+00,,5.927015e-04,55.00,0.079
1087,2.132843e+00,,5.923216e-04,55.00,0.079
1088,1.980525e+00,,5.919416e-04,55.00,0.079
1089,2.017965e+00,,5.915613e-04,51.00,0.080
1090,2.071676e+00,,5.911808e-04,51.00,0.079
1091,2.175123e+00,,5.908000e-04,55.00,0.079
1092,2.330227e+00,,5.904191e-04,55.00,0.078
1093,1.782034e+00,,5.900379e-04,55.00,0.078
1094,2.115124e+00,,5.896565e-04,51.00,0.080
1095,2.448023e+00,,5.892748e-04,51.00,0.078
1096,2.211282e+00,,5.888930e-04,51.00,0.078
1097,2.556822e+00,,5.885109e-04,59.00,0.077
1098,2.199016e+00,,5.881286e-04,59.00,0.078
1099,1.960125e+00,2.437488e+00,5.877461e-04,47.00,0.227
1100,1.919701e+00,,5.873634e-04,0.00,0.084
1101,2.102867e+00,,5.869804e-04,44.00,0.081
1102,2.138521e+00,,5.865972e-04,44.00,0.078
1103,2.145166e+00,,5.862139e-04,44.00,0.078
1104,2.318616e+00,,5.858302e-04,66.00,0.077
1105,1.845038e+00,,5.854464e-04,66.00,0.083
1106,2.028565e+00,,5.850624e-04,44.00,0.082
1107,2.081117e+00,,5.846781e-04,44.00,0.082
1108,2.310894e+00,,5.842936e-04,44.00,0.083
1109,1.988551e+00,,5.839089e-04,59.00,0.083
1110,1.942866e+00,,5.835240e-04,59.00,0.079
1111,1.932607e+00,,5.831389e-04,51.00,0.085
1112,1.678896e+00,,5.827535e-04,51.00,0.084
1113,1.680661e+00,,5.823680e-04,44.00,0.083
1114,1.888571e+00,,5.819822e-04,44.00,0.082
1115,1.523391e+00,,5.815962e-04,44.00,0.082
1116,1.835475e+00,,5.812100e-04,62.00,0.079
1117,1.935281e+00,,5.808236e-04,62.00,0.079
1118,1.885619e+00,,5.804370e-04,45.00,0.079
1119,2.150518e+00,,5.800501e-04,45.00,0.080
1120,1.783580e+00,,5.796631e-04,45.00,0.083
1121,1.766254e+00,,5.792758e-04,63.00,0.081
1122,1.904080e+00,,5.788883e-04,63.00,0.078
1123,2.536550e+00,,5.785007e-04,45.00,0.082
1124,2.554327e+00,,5.781128e-04,45.00,0.078
1125,2.049050e+00,,5.777247e-04,45.00,0.080
1126,1.969911e+00,,5.773364e-04,64.00,0.079
1127,1.954615e+00,,5.769479e-04,64.00,0.077
1128,2.057552e+00,,5.765591e-04,46.00,0.082
1129,2.087449e+00,,5.761702e-04,46.00,0.085
1130,1.971672e+00,,5.757811e-04,46.00,0.081
1131,2.146774e+00,,5.753917e-04,59.00,0.079
1132,2.478551e+00,,5.750022e-04,59.00,0.082
1133,2.069506e+00,,5.746124e-04,46.00,0.079
1134,1.969443e+00,,5.742225e-04,46.00,0.085
1135,2.103089e+00,,5.738323e-04,45.00,0.087
1136,2.186414e+00,,5.734419e-04,45.00,0.090
1137,1.976442e+00,,5.730514e-04,45.00,0.086
1138,1.987463e+00,,5.726606e-04,58.00,0.080
1139,2.207667e+00,,5.722696e-04,58.00,0.082
1140,2.018428e+00,,5.718784e-04,46.00,0.079
1141,2.353718e+00,,5.714871e-04,46.00,0.085
1142,2.458784e+00,,5.710955e-04,51.00,0.086
1143,2.664104e+00,,5.707037e-04,51.00,0.082
1144,2.674680e+00,,5.703117e-04,51.00,0.079
1145,2.056861e+00,,5.699195e-04,57.00,0.081
1146,1.861646e+00,,5.695272e-04,57.00,0.079
1147,2.249415e+00,,5.691346e-04,47.00,0.081
1148,2.340634e+00,,5.687418e-04,47.00,0.081
1149,1.867830e+00,,5.683488e-04,47.00,0.081
1150,2.448835e+00,,5.679556e-04,58.00,0.083
1151,1.965879e+00,,5.675623e-04,58.00,0.085
1152,2.004582e+00,,5.671687e-04,44.00,0.084
1153,1.882467e+00,,5.667749e-04,44.00,0.084
1154,1.675598e+00,,5.663810e-04,44.00,0.080
1155,1.822349e+00,,5.659868e-04,59.00,0.084
1156,1.980825e+00,,5.655925e-04,59.00,0.080
1157,2.019427e+00,,5.651979e-04,49.00,0.078
1158,1.913343e+00,,5.648032e-04,49.00,0.077
1159,1.818368e+00,,5.644083e-04,49.00,0.077
1160,2.101227e+00,,5.640131e-04,60.00,0.076
1161,2.418596e+00,,5.636178e-04,60.00,0.085
1162,1.866316e+00,,5.632223e-04,45.00,0.084
1163,1.910211e+00,,5.628266e-04,45.00,0.085
1164,1.888595e+00,,5.624307e-04,47.00,0.081
1165,1.933196e+00,,5.620346e-04,47.00,0.080
1166,1.974849e+00,,5.616384e-04,47.00,0.078
1167,2.093779e+00,,5.612419e-04,59.00,0.084
1168,1.790028e+00,,5.608452e-04,59.00,0.079
1169,2.088618e+00,,5.604484e-04,44.00,0.081
1170,2.693455e+00,,5.600514e-04,44.00,0.079
1171,2.136105e+00,,5.596542e-04,44.00,0.078
1172,1.808921e+00,,5.592567e-04,62.00,0.077
1173,2.024747e+00,,5.588592e-04,62.00,0.084
1174,2.503950e+00,,5.584614e-04,43.00,0.083
1175,2.090879e+00,,5.580634e-04,43.00,0.087
1176,1.825264e+00,,5.576653e-04,43.00,0.085
1177,1.815104e+00,,5.572669e-04,59.00,0.081
1178,1.675612e+00,,5.568684e-04,59.00,0.078
1179,1.639198e+00,,5.564697e-04,48.00,0.084
1180,1.601989e+00,,5.560708e-04,48.00,0.087
1181,1.487344e+00,,5.556718e-04,43.00,0.086
1182,1.579237e+00,,5.552725e-04,43.00,0.084
1183,1.655587e+00,,5.548731e-04,43.00,0.080
1184,1.660506e+00,,5.544735e-04,64.00,0.084
1185,2.030763e+00,,5.540737e-04,64.00,0.084
1186,2.071844e+00,,5.536737e-04,45.00,0.080
1187,1.822264e+00,,5.532735e-04,45.00,0.081
1188,1.809302e+00,,5.528732e-04,45.00,0.080
1189,2.004289e+00,,5.524727e-04,58.00,0.084
1190,2.202588e+00,,5.520720e-04,58.00,0.081
1191,2.446203e+00,,5.516711e-04,51.00,0.085
1192,2.225461e+00,,5.512700e-04,51.00,0.080
1193,2.125736e+00,,5.508688e-04,45.00,0.082
1194,1.867881e+00,,5.504674e-04,45.00,0.079
1195,1.968913e+00,,5.500658e-04,45.00,0.084
1196,2.015845e+00,,5.496641e-04,58.00,0.085
1197,2.294737e+00,,5.492621e-04,58.00,0.085
1198,2.117239e+00,,5.488600e-04,44.00,0.083
1199,1.863833e+00,2.346202e+00,5.484577e-04,40.00,0.234
1200,1.711489e+00,,5.480553e-04,0.00,0.084
1201,1.838258e+00,,5.476526e-04,0.00,0.080
1202,1.726076e+00,,5.472498e-04,49.00,0.078
1203,1.808673e+00,,5.468468e-04,49.00,0.080
1204,1.676582e+00,,5.464437e-04,49.00,0.077
1205,1.717145e+00,,5.460404e-04,56.00,0.077
1206,1.830352e+00,,5.456369e-04,56.00,0.077
1207,2.078676e+00,,5.452332e-04,48.00,0.077
1208,1.815617e+00,,5.448294e-04,48.00,0.077
1209,1.611246e+00,,5.444254e-04,48.00,0.077
1210,2.055351e+00,,5.440212e-04,66.00,0.079
1211,1.891118e+00,,5.436168e-04,66.00,0.083
1212,1.466030e+00,,5.432123e-04,45.00,0.080
1213,1.443278e+00,,5.428076e-04,45.00,0.082
1214,1.581680e+00,,5.424028e-04,45.00,0.078
1215,1.552441e+00,,5.419978e-04,62.00,0.082
1216,1.701062e+00,,5.415926e-04,62.00,0.079
1217,1.475234e+00,,5.411872e-04,47.00,0.082
1218,1.621860e+00,,5.407817e-04,47.00,0.081
1219,1.488001e+00,,5.403760e-04,47.00,0.078
1220,1.591894e+00,,5.399702e-04,57.00,0.077
1221,1.441207e+00,,5.395642e-04,57.00,0.082
1222,1.757334e+00,,5.391580e-04,47.00,0.085
1223,2.618378e+00,,5.387517e-04,47.00,0.080
1224,2.269554e+00,,5.383452e-04,47.00,0.078
1225,1.854996e+00,,5.379385e-04,53.00,0.080
1226,1.790983e+00,,5.375317e-04,53.00,0.084
1227,1.540364e+00,,5.371247e-04,53.00,0.083
1228,1.726451e+00,,5.367176e-04,53.00,0.083
1229,1.627738e+00,,5.363103e-04,43.00,0.086
1230,1.870733e+00,,5.359028e-04,43.00,0.080
1231,1.903221e+00,,5.354952e-04,43.00,0.079
1232,1.973781e+00,,5.350874e-04,65.00,0.083
1233,2.004150e+00,,5.346794e-04,65.00,0.080
1234,1.741896e+00,,5.342713e-04,46.00,0.082
1235,1.865470e+00,,5.338631e-04,46.00,0.084
1236,1.933652e+00,,5.334547e-04,46.00,0.083
1237,1.791618e+00,,5.330461e-04,54.00,0.084
1238,1.820889e+00,,5.326374e-04,54.00,0.081
1239,1.798431e+00,,5.322285e-04,55.00,0.084
1240,1.879442e+00,,5.318194e-04,55.00,0.079
1241,1.982275e+00,,5.314102e-04,45.00,0.081
1242,1.841438e+00,,5.310009e-04,45.00,0.082
1243,1.910193e+00,,5.305914e-04,45.00,0.084
1244,1.920317e+00,,5.301817e-04,60.00,0.085
1245,1.667650e+00,,5.297719e-04,60.00,0.091
1246,1.812730e+00,,5.293620e-04,44.00,0.089
1247,1.580047e+00,,5.289519e-04,44.00,0.082
1248,1.550818e+00,,5.285416e-04,44.00,0.081
1249,1.919965e+00,,5.281312e-04,44.00,0.079
1250,1.825055e+00,,5.277206e-04,44.00,0.078
1251,1.814669e+00,,5.273099e-04,62.00,0.082
1252,1.712294e+00,,5.268990e-04,62.00,0.082
1253,1.703447e+00,,5.264880e-04,45.00,0.081
1254,1.749091e+00,,5.260769e-04,45.00,0.079
1255,1.985296e+00,,5.256655e-04,45.00,0.082
1256,1.984941e+00,,5.252541e-04,62.00,0.078
1257,1.895398e+00,,5.248425e-04,62.00,0.082
1258,1.901582e+00,,5.244307e-04,45.00,0.078
1259,1.847372e+00,,5.240188e-04,45.00,0.078
1260,1.932355e+00,,5.236068e-04,45.00,0.077
1261,2.078509e+00,,5.231946e-04,67.00,0.080
1262,2.121303e+00,,5.227823e-04,67.00,0.082
1263,1.864045e+00,,5.223698e-04,44.00,0.082
1264,1.688717e+00,,5.219572e-04,44.00,0.079
1265,1.760299e+00,,5.215444e-04,44.00,0.084
1266,1.833279e+00,,5.211315e-04,60.00,0.081
1267,2.173736e+00,,5.207185e-04,60.00,0.084
1268,1.586441e+00,,5.203053e-04,46.00,0.080
1269,1.403444e+00,,5.198919e-04,46.00,0.087
1270,1.343427e+00,,5.194785e-04,46.00,0.079
1271,1.700572e+00,,5.190649e-04,50.00,0.078
1272,1.783277e+00,,5.186511e-04,50.00,0.079
1273,1.887816e+00,,5.182372e-04,55.00,0.078
1274,1.783710e+00,,5.178232e-04,55.00,0.083
1275,1.562036e+00,,5.174090e-04,44.00,0.086
1276,1.358803e+00,,5.169947e-04,44.00,0.080
1277,1.364425e+00,,5.165803e-04,44.00,0.084
1278,1.426377e+00,,5.161657e-04,60.00,0.080
1279,1.437167e+00,,5.157510e-04,60.00,0.079
1280,1.519190e+00,,5.153361e-04,45.00,0.078
1281,1.443383e+00,,5.149211e-04,45.00,0.077
1282,1.658972e+00,,5.145060e-04,45.00,0.078
1283,2.059920e+00,,5.140908e-04,62.00,0.077
1284,1.778087e+00,,5.136754e-04,62.00,0.077
1285,1.852015e+00,,5.132599e-04,44.00,0.086
1286,2.145557e+00,,5.128442e-04,44.00,0.083
1287,1.785461e+00,,5.124284e-04,44.00,0.081
1288,1.608061e+00,,5.120125e-04,63.00,0.080
1289,1.543358e+00,,5.115964e-04,63.00,0.086
1290,1.868551e+00,,5.111803e-04,44.00,0.079
1291,1.920628e+00,,5.107639e-04,44.00,0.078
1292,1.651843e+00,,5.103475e-04,44.00,0.080
1293,1.479911e+00,,5.099309e-04,65.00,0.078
1294,1.655623e+00,,5.095142e-04,65.00,0.081
1295,1.862650e+00,,5.090974e-04,46.00,0.081
1296,1.766476e+00,,5.086804e-04,46.00,0.078
1297,1.598159e+00,,5.082634e-04,46.00,0.080
1298,1.798820e+00,,5.078461e-04,64.00,0.082
1299,1.715801e+00,1.978789e+00,5.074288e-04,47.00,0.233
1300,1.555033e+00,,5.070113e-04,0.00,0.082
1301,1.585659e+00,,5.065937e-04,44.00,0.081
1302,1.440126e+00,,5.061760e-04,44.00,0.079
1303,1.579354e+00,,5.057582e-04,44.00,0.077
1304,1.636174e+00,,5.053402e-04,61.00,0.080
1305,1.497525e+00,,5.049221e-04,61.00,0.080
1306,1.478087e+00,,5.045039e-04,46.00,0.077
1307,1.602466e+00,,5.040856e-04,46.00,0.077
1308,1.682565e+00,,5.036671e-04,46.00,0.076
1309,2.068332e+00,,5.032486e-04,59.00,0.086
1310,2.075344e+00,,5.028299e-04,59.00,0.084
1311,1.671575e+00,,5.024110e-04,44.00,0.084
1312,1.546826e+00,,5.019921e-04,44.00,0.084
1313,1.545166e+00,,5.015730e-04,44.00,0.087
1314,1.486914e+00,,5.011539e-04,57.00,0.080
1315,1.512480e+00,,5.007346e-04,57.00,0.085
1316,1.465349e+00,,5.003151e-04,47.00,0.079
1317,1.649322e+00,,4.998956e-04,47.00,0.081
1318,1.640277e+00,,4.994760e-04,47.00,0.082
1319,1.767941e+00,,4.990562e-04,48.00,0.086
1320,1.630701e+00,,4.986363e-04,48.00,0.084
1321,1.692715e+00,,4.982163e-04,60.00,0.086
1322,1.608150e+00,,4.977962e-04,60.00,0.086
1323,1.579191e+00,,4.973760e-04,45.00,0.083
1324,1.518648e+00,,4.969556e-04,45.00,0.084
1325,1.716715e+00,,4.965352e-04,45.00,0.081
1326,1.842976e+00,,4.961146e-04,53.00,0.078
1327,2.007175e+00,,4.956939e-04,53.00,0.077
1328,1.727787e+00,,4.952731e-04,52.00,0.077
1329,1.696763e+00,,4.948522e-04,52.00,0.082
1330,2.084742e+00,,4.944312e-04,52.00,0.078
1331,1.490744e+00,,4.940100e-04,55.00,0.080
1332,1.637194e+00,,4.935888e-04,55.00,0.081
1333,1.876452e+00,,4.931675e-04,51.00,0.078
1334,1.684781e+00,,4.927460e-04,51.00,0.078
1335,1.722034e+00,,4.923244e-04,51.00,0.084
1336,1.421384e+00,,4.919028e-04,52.00,0.082
1337,1.299160e+00,,4.914810e-04,52.00,0.083
1338,1.530575e+00,,4.910591e-04,54.00,0.081
1339,1.429133e+00,,4.906371e-04,54.00,0.084
1340,1.430785e+00,,4.902150e-04,44.00,0.081
1341,1.469419e+00,,4.897928e-04,44.00,0.084
1342,1.365139e+00,,4.893704e-04,44.00,0.079
1343,1.509447e+00,,4.889480e-04,65.00,0.085
1344,1.542560e+00,,4.885255e-04,65.00,0.083
1345,1.561451e+00,,4.881029e-04,46.00,0.084
1346,1.376169e+00,,4.876801e-04,46.00,0.078
1347,1.415081e+00,,4.872573e-04,46.00,0.086
1348,1.349587e+00,,4.868344e-04,51.00,0.081
1349,1.531270e+00,,4.864113e-04,51.00,0.078
1350,1.542765e+00,,4.859882e-04,56.00,0.082
1351,1.477735e+00,,4.855649e-04,56.00,0.081
1352,1.582053e+00,,4.851416e-04,56.00,0.077
1353,1.523639e+00,,4.847181e-04,48.00,0.077
1354,1.422717e+00,,4.842946e-04,48.00,0.079
1355,1.573747e+00,,4.838710e-04,56.00,0.077
1356,1.532646e+00,,4.834472e-04,56.00,0.078
1357,1.525959e+00,,4.830234e-04,56.00,0.080
1358,1.337285e+00,,4.825995e-04,54.00,0.085
1359,1.533023e+00,,4.821754e-04,54.00,0.082
1360,1.702888e+00,,4.817513e-04,55.00,0.086
1361,1.916778e+00,,4.813271e-04,55.00,0.083
1362,1.607863e+00,,4.809027e-04,44.00,0.083
1363,1.776299e+00,,4.804783e-04,44.00,0.084
1364,1.825434e+00,,4.800538e-04,44.00,0.079
1365,1.718551e+00,,4.796292e-04,63.00,0.086
1366,1.565123e+00,,4.792045e-04,63.00,0.080
1367,1.538876e+00,,4.787797e-04,47.00,0.087
1368,1.646578e+00,,4.783549e-04,47.00,0.080
1369,1.895431e+00,,4.779299e-04,47.00,0.086
1370,1.976721e+00,,4.775048e-04,44.00,0.079
1371,1.822291e+00,,4.770797e-04,44.00,0.081
1372,1.873963e+00,,4.766544e-04,59.00,0.079
1373,2.102079e+00,,4.762291e-04,59.00,0.083
1374,1.783953e+00,,4.758036e-04,44.00,0.079
1375,1.512113e+00,,4.753781e-04,44.00,0.078
1376,1.491788e+00,,4.749525e-04,44.00,0.079
1377,1.636474e+00,,4.745268e-04,61.00,0.077
1378,1.546498e+00,,4.741011e-04,61.00,0.077
1379,1.777164e+00,,4.736752e-04,61.00,0.078
1380,1.824032e+00,,4.732492e-04,48.00,0.077
1381,1.710955e+00,,4.728232e-04,48.00,0.077
1382,1.613511e+00,,4.723971e-04,58.00,0.077
1383,1.634830e+00,,4.719709e-04,58.00,0.078
1384,1.574575e+00,,4.715446e-04,58.00,0.077
1385,1.452439e+00,,4.711182e-04,56.00,0.078
1386,1.561251e+00,,4.706917e-04,56.00,0.077
1387,1.668024e+00,,4.702652e-04,50.00,0.080
1388,1.821965e+00,,4.698386e-04,50.00,0.079
1389,2.008924e+00,,4.694119e-04,50.00,0.087
1390,1.738707e+00,,4.689851e-04,52.00,0.081
1391,1.552246e+00,,4.685582e-04,52.00,0.083
1392,1.746569e+00,,4.681312e-04,54.00,0.078
1393,1.468937e+00,,4.677042e-04,54.00,0.079
1394,1.519198e+00,,4.672771e-04,54.00,0.077
1395,1.378917e+00,,4.668499e-04,51.00,0.082
1396,1.326828e+00,,4.664226e-04,51.00,0.083
1397,1.738500e+00,,4.659953e-04,54.00,0.079
1398,2.170117e+00,,4.655679e-04,54.00,0.078
1399,1.434549e+00,1.820957e+00,4.651404e-04,46.00,0.226
1400,1.646259e+00,,4.647128e-04,0.00,0.082
1401,1.665669e+00,,4.642851e-04,27.00,0.079
1402,1.430581e+00,,4.638574e-04,27.00,0.082
1403,2.457688e+00,,4.634296e-04,46.00,0.080
1404,1.887576e+00,,4.630017e-04,46.00,0.078
1405,1.897908e+00,,4.625738e-04,46.00,0.079
1406,1.704192e+00,,4.621458e-04,62.00,0.083
1407,1.925463e+00,,4.617177e-04,62.00,0.086
1408,1.800163e+00,,4.612895e-04,45.00,0.082
1409,1.738893e+00,,4.608613e-04,45.00,0.078
1410,1.999476e+00,,4.604329e-04,45.00,0.077
1411,1.589901e+00,,4.600046e-04,55.00,0.078
1412,1.887779e+00,,4.595761e-04,55.00,0.077
1413,1.833321e+00,,4.591476e-04,51.00,0.077
1414,1.774322e+00,,4.587190e-04,51.00,0.077
1415,1.657938e+00,,4.582903e-04,51.00,0.076
1416,1.511365e+00,,4.578616e-04,64.00,0.077
1417,1.585350e+00,,4.574328e-04,64.00,0.076
1418,1.826969e+00,,4.570039e-04,47.00,0.078
1419,1.343391e+00,,4.565750e-04,47.00,0.080
1420,1.579735e+00,,4.561460e-04,47.00,0.079
1421,1.661051e+00,,4.557169e-04,64.00,0.087
1422,1.538047e+00,,4.552878e-04,64.00,0.080
1423,1.568874e+00,,4.548586e-04,47.00,0.078
1424,1.743261e+00,,4.544293e-04,47.00,0.077
1425,1.663236e+00,,4.540000e-04,47.00,0.088
1426,1.625335e+00,,4.535706e-04,58.00,0.083
1427,1.362675e+00,,4.531412e-04,58.00,0.087
1428,1.452348e+00,,4.527117e-04,47.00,0.082
1429,1.377481e+00,,4.522821e-04,47.00,0.085
1430,1.495715e+00,,4.518524e-04,47.00,0.083
1431,1.378614e+00,,4.514227e-04,43.00,0.086
1432,1.393528e+00,,4.509930e-04,43.00,0.081
1433,1.306799e+00,,4.505632e-04,63.00,0.085
1434,1.378275e+00,,4.501333e-04,63.00,0.081
1435,1.374841e+00,,4.497034e-04,46.00,0.078
1436,1.266207e+00,,4.492734e-04,46.00,0.078
1437,1.552147e+00,,4.488433e-04,46.00,0.077
1438,1.468792e+00,,4.484132e-04,65.00,0.077
1439,1.549712e+00,,4.479830e-04,65.00,0.078
1440,1.827062e+00,,4.475528e-04,46.00,0.079
1441,1.474155e+00,,4.471225e-04,46.00,0.085
1442,1.399299e+00,,4.466922e-04,46.00,0.079
1443,1.268761e+00,,4.462618e-04,65.00,0.081
1444,1.619653e+00,,4.458314e-04,65.00,0.080
1445,1.739769e+00,,4.454009e-04,46.00,0.086
1446,1.693200e+00,,4.449703e-04,46.00,0.086
1447,1.597319e+00,,4.445397e-04,46.00,0.087
1448,1.617607e+00,,4.441091e-04,45.00,0.079
1449,1.598594e+00,,4.436784e-04,45.00,0.079
1450,2.490241e+00,,4.432476e-04,59.00,0.083
1451,1.682359e+00,,4.428168e-04,59.00,0.086
1452,1.670906e+00,,4.423859e-04,43.00,0.081
1453,1.960880e+00,,4.419550e-04,43.00,0.082
1454,2.135410e+00,,4.415241e-04,43.00,0.081
1455,1.702282e+00,,4.410931e-04,63.00,0.081
1456,1.724171e+00,,4.406620e-04,63.00,0.081
1457,1.521684e+00,,4.402309e-04,46.00,0.087
1458,1.447009e+00,,4.397998e-04,46.00,0.084
1459,1.601486e+00,,4.393686e-04,46.00,0.083
1460,1.429536e+00,,4.389373e-04,51.00,0.085
1461,1.392013e+00,,4.385060e-04,51.00,0.084
1462,1.597326e+00,,4.380747e-04,56.00,0.084
1463,1.622782e+00,,4.376433e-04,56.00,0.084
1464,1.523588e+00,,4.372119e-04,44.00,0.079
1465,1.479469e+00,,4.367804e-04,44.00,0.078
1466,1.441120e+00,,4.363489e-04,44.00,0.082
1467,1.647463e+00,,4.359174e-04,63.00,0.082
1468,1.683143e+00,,4.354858e-04,63.00,0.078
1469,1.653715e+00,,4.350541e-04,46.00,0.082
1470,1.722237e+00,,4.346225e-04,46.00,0.078
1471,1.707626e+00,,4.341908e-04,46.00,0.081
1472,1.674571e+00,,4.337590e-04,62.00,0.081
1473,1.779268e+00,,4.333272e-04,62.00,0.086
1474,1.267364e+00,,4.328954e-04,46.00,0.082
1475,1.665315e+00,,4.324635e-04,46.00,0.088
1476,1.433322e+00,,4.320316e-04,46.00,0.084
1477,1.590059e+00,,4.315996e-04,43.00,0.081
1478,1.472962e+00,,4.311676e-04,43.00,0.082
1479,1.438943e+00,,4.307356e-04,62.00,0.079
1480,1.596528e+00,,4.303036e-04,62.00,0.078
1481,2.270585e+00,,4.298715e-04,62.00,0.081
1482,1.769216e+00,,4.294393e-04,45.00,0.081
1483,1.411749e+00,,4.290072e-04,45.00,0.083
1484,1.666814e+00,,4.285750e-04,61.00,0.081
1485,2.030511e+00,,4.281427e-04,61.00,0.079
1486,1.449773e+00,,4.277105e-04,45.00,0.082
1487,1.279283e+00,,4.272782e-04,45.00,0.084
1488,1.390025e+00,,4.268458e-04,45.00,0.080
1489,1.121836e+00,,4.264135e-04,60.00,0.083
1490,1.410766e+00,,4.259811e-04,60.00,0.080
1491,1.233225e+00,,4.255487e-04,47.00,0.083
1492,1.320191e+00,,4.251162e-04,47.00,0.083
1493,2.009794e+00,,4.246837e-04,47.00,0.085
1494,1.491153e+00,,4.242512e-04,46.00,0.082
1495,1.519704e+00,,4.238187e-04,46.00,0.082
1496,1.573561e+00,,4.233861e-04,59.00,0.084
1497,1.360705e+00,,4.229535e-04,59.00,0.086
1498,1.426510e+00,,4.225209e-04,43.00,0.081
1499,1.613133e+00,1.687067e+00,4.220882e-04,40.00,0.229
1500,1.175236e+00,,4.216556e-04,0.00,0.085
1501,1.541124e+00,,4.212229e-04,0.00,0.083
1502,1.814923e+00,,4.207901e-04,61.00,0.084
1503,1.609219e+00,,4.203574e-04,61.00,0.084
1504,1.480408e+00,,4.199246e-04,44.00,0.080
1505,1.411837e+00,,4.194918e-04,44.00,0.081
1506,1.334905e+00,,4.190590e-04,44.00,0.082
1507,1.317940e+00,,4.186262e-04,59.00,0.082
1508,1.329505e+00,,4.181933e-04,59.00,0.079
1509,1.214987e+00,,4.177604e-04,49.00,0.082
1510,1.464542e+00,,4.173275e-04,49.00,0.083
1511,1.222333e+00,,4.168946e-04,49.00,0.085
1512,1.210323e+00,,4.164616e-04,47.00,0.081
1513,1.545255e+00,,4.160287e-04,47.00,0.082
1514,1.886680e+00,,4.155957e-04,57.00,0.079
1515,1.962610e+00,,4.151627e-04,57.00,0.081
1516,1.360627e+00,,4.147297e-04,57.00,0.078
1517,1.389134e+00,,4.142966e-04,45.00,0.083
1518,2.098703e+00,,4.138636e-04,45.00,0.083
1519,1.742111e+00,,4.134305e-04,61.00,0.086
1520,1.392684e+00,,4.129974e-04,61.00,0.079
1521,1.480115e+00,,4.125643e-04,46.00,0.081
1522,1.557028e+00,,4.121312e-04,46.00,0.084
1523,2.000907e+00,,4.116981e-04,46.00,0.083
1524,1.726406e+00,,4.112649e-04,55.00,0.082
1525,1.363374e+00,,4.108318e-04,55.00,0.082
1526,1.452908e+00,,4.103986e-04,52.00,0.080
1527,1.720114e+00,,4.099654e-04,52.00,0.080
1528,1.804447e+00,,4.095322e-04,52.00,0.078
1529,1.420968e+00,,4.090990e-04,50.00,0.086
1530,1.538786e+00,,4.086658e-04,50.00,0.084
1531,1.442310e+00,,4.082326e-04,58.00,0.086
1532,1.689060e+00,,4.077993e-04,58.00,0.081
1533,1.535592e+00,,4.073661e-04,45.00,0.082
1534,1.579851e+00,,4.069328e-04,45.00,0.082
1535,1.398883e+00,,4.064996e-04,45.00,0.085
1536,1.374396e+00,,4.060663e-04,57.00,0.081
1537,1.355396e+00,,4.056330e-04,57.00,0.082
1538,1.562617e+00,,4.051997e-04,49.00,0.083
1539,2.056132e+00,,4.047664e-04,49.00,0.084
1540,1.509364e+00,,4.043331e-04,49.00,0.084
1541,1.472342e+00,,4.038998e-04,44.00,0.083
1542,1.655435e+00,,4.034665e-04,44.00,0.084
1543,1.884268e+00,,4.030332e-04,60.00,0.087
1544,1.634733e+00,,4.025999e-04,60.00,0.081
1545,1.470495e+00,,4.021666e-04,46.00,0.083
1546,1.688410e+00,,4.017333e-04,46.00,0.083
1547,1.607802e+00,,4.013000e-04,46.00,0.084
1548,2.159445e+00,,4.008666e-04,51.00,0.083
1549,1.666925e+00,,4.004333e-04,51.00,0.079
1550,1.412229e+00,,4.000000e-04,57.00,0.082
1551,1.596353e+00,,3.995667e-04,57.00,0.080
1552,2.032471e+00,,3.991334e-04,57.00,0.078
1553,1.391230e+00,,3.987000e-04,47.00,0.077
1554,1.693976e+00,,3.982667e-04,47.00,0.077
1555,1.622850e+00,,3.978334e-04,58.00,0.082
1556,1.566306e+00,,3.974001e-04,58.00,0.083
1557,1.510594e+00,,3.969668e-04,58.00,0.084
1558,1.437402e+00,,3.965335e-04,44.00,0.084
1559,1.473442e+00,,3.961002e-04,44.00,0.084
1560,1.322313e+00,,3.956669e-04,60.00,0.083
1561,1.442072e+00,,3.952336e-04,60.00,0.086
1562,1.390601e+00,,3.948003e-04,45.00,0.086
1563,1.439056e+00,,3.943670e-04,45.00,0.080
1564,1.431258e+00,,3.939337e-04,45.00,0.082
1565,1.348932e+00,,3.935004e-04,47.00,0.086
1566,1.275013e+00,,3.930672e-04,47.00,0.081
1567,1.323244e+00,,3.926339e-04,62.00,0.086
1568,1.372292e+00,,3.922007e-04,62.00,0.082
1569,1.459406e+00,,3.917674e-04,45.00,0.083
1570,1.458600e+00,,3.913342e-04,45.00,0.085
1571,1.362208e+00,,3.909010e-04,45.00,0.086
1572,1.400104e+00,,3.904678e-04,51.00,0.085
1573,1.402808e+00,,3.900346e-04,51.00,0.081
1574,1.478652e+00,,3.896014e-04,57.00,0.081
1575,1.495608e+00,,3.891682e-04,57.00,0.080
1576,1.467446e+00,,3.887351e-04,57.00,0.084
1577,1.421686e+00,,3.883019e-04,45.00,0.080
1578,1.326925e+00,,3.878688e-04,45.00,0.078
1579,1.358831e+00,,3.874357e-04,64.00,0.084
1580,1.174344e+00,,3.870026e-04,64.00,0.082
1581,1.163053e+00,,3.865695e-04,44.00,0.081
1582,1.322761e+00,,3.861364e-04,44.00,0.083
1583,1.422448e+00,,3.857034e-04,44.00,0.084
1584,1.321275e+00,,3.852703e-04,58.00,0.080
1585,1.405789e+00,,3.848373e-04,58.00,0.082
1586,1.296799e+00,,3.844043e-04,46.00,0.086
1587,1.229452e+00,,3.839713e-04,46.00,0.084
1588,1.227993e+00,,3.835384e-04,46.00,0.082
1589,1.512487e+00,,3.831054e-04,44.00,0.084
1590,1.736092e+00,,3.826725e-04,44.00,0.083
1591,1.424169e+00,,3.822396e-04,61.00,0.086
1592,1.382122e+00,,3.818067e-04,61.00,0.079
1593,1.435562e+00,,3.813738e-04,46.00,0.082
1594,1.411262e+00,,3.809410e-04,46.00,0.081
1595,1.383790e+00,,3.805082e-04,46.00,0.083
1596,1.384934e+00,,3.800754e-04,56.00,0.084
1597,1.274756e+00,,3.796426e-04,56.00,0.085
1598,1.355019e+00,,3.792099e-04,52.00,0.079
1599,1.347344e+00,1.711915e+00,3.787771e-04,52.00,0.091
1600,1.276493e+00,,3.783444e-04,0.00,0.081
1601,1.379612e+00,,3.779118e-04,37.00,0.081
1602,1.442539e+00,,3.774791e-04,37.00,0.080
1603,1.995058e+00,,3.770465e-04,37.00,0.083
1604,1.612968e+00,,3.766139e-04,44.00,0.082
1605,1.373342e+00,,3.761813e-04,44.00,0.078
1606,1.274290e+00,,3.757488e-04,65.00,0.077
1607,1.243404e+00,,3.753163e-04,65.00,0.078
1608,1.259974e+00,,3.748838e-04,65.00,0.077
1609,1.345551e+00,,3.744513e-04,46.00,0.081
1610,1.508709e+00,,3.740189e-04,46.00,0.080
1611,1.429586e+00,,3.735865e-04,64.00,0.077
1612,1.375196e+00,,3.731542e-04,64.00,0.081
1613,1.374876e+00,,3.727218e-04,64.00,0.083
1614,1.395174e+00,,3.722895e-04,44.00,0.080
1615,1.433357e+00,,3.718573e-04,44.00,0.080
1616,1.576087e+00,,3.714250e-04,64.00,0.080
1617,1.680462e+00,,3.709928e-04,64.00,0.084
1618,1.694037e+00,,3.705607e-04,46.00,0.082
1619,1.362129e+00,,3.701285e-04,46.00,0.082
1620,1.606079e+00,,3.696964e-04,46.00,0.081
1621,1.499110e+00,,3.692644e-04,55.00,0.081
1622,1.405989e+00,,3.688324e-04,55.00,0.081
1623,1.666531e+00,,3.684004e-04,52.00,0.084
1624,1.661794e+00,,3.679684e-04,52.00,0.080
1625,1.255214e+00,,3.675365e-04,52.00,0.085
1626,1.512133e+00,,3.671046e-04,44.00,0.081
1627,1.336380e+00,,3.666728e-04,44.00,0.084
1628,1.272008e+00,,3.662410e-04,61.00,0.080
1629,1.280384e+00,,3.658092e-04,61.00,0.080
1630,1.231007e+00,,3.653775e-04,61.00,0.079
1631,1.203100e+00,,3.649459e-04,45.00,0.077
1632,1.359518e+00,,3.645142e-04,45.00,0.077
1633,1.267677e+00,,3.640826e-04,65.00,0.078
1634,1.287566e+00,,3.636511e-04,65.00,0.082
1635,1.469722e+00,,3.632196e-04,65.00,0.080
1636,1.234671e+00,,3.627881e-04,44.00,0.078
1637,1.120967e+00,,3.623567e-04,44.00,0.086
1638,1.199386e+00,,3.619253e-04,59.00,0.084
1639,1.181053e+00,,3.614940e-04,59.00,0.083
1640,1.291371e+00,,3.610627e-04,46.00,0.080
1641,1.270964e+00,,3.606314e-04,46.00,0.084
1642,1.253901e+00,,3.602002e-04,46.00,0.079
1643,1.342890e+00,,3.597691e-04,57.00,0.081
1644,1.330132e+00,,3.593380e-04,57.00,0.079
1645,1.402622e+00,,3.589069e-04,50.00,0.086
1646,1.422057e+00,,3.584759e-04,50.00,0.084
1647,1.434802e+00,,3.580450e-04,50.00,0.081
1648,1.427790e+00,,3.576141e-04,45.00,0.082
1649,1.463308e+00,,3.571832e-04,45.00,0.081
1650,1.412872e+00,,3.567524e-04,59.00,0.080
1651,1.480951e+00,,3.563216e-04,59.00,0.083
1652,1.296002e+00,,3.558909e-04,59.00,0.081
1653,1.181104e+00,,3.554603e-04,44.00,0.084
1654,1.199267e+00,,3.550297e-04,44.00,0.082
1655,1.635249e+00,,3.545991e-04,63.00,0.081
1656,1.471344e+00,,3.541686e-04,63.00,0.081
1657,1.652308e+00,,3.537382e-04,46.00,0.081
1658,1.584843e+00,,3.533078e-04,46.00,0.083
1659,1.556435e+00,,3.528775e-04,46.00,0.082
1660,1.664145e+00,,3.524472e-04,55.00,0.079
1661,1.493351e+00,,3.520170e-04,55.00,0.084
1662,1.433927e+00,,3.515868e-04,50.00,0.079
1663,1.936891e+00,,3.511567e-04,50.00,0.080
1664,1.904161e+00,,3.507266e-04,50.00,0.080
1665,1.666138e+00,,3.502966e-04,50.00,0.085
1666,1.577802e+00,,3.498667e-04,50.00,0.084
1667,1.312039e+00,,3.494368e-04,57.00,0.083
1668,1.331306e+00,,3.490070e-04,57.00,0.081
1669,1.430582e+00,,3.485773e-04,57.00,0.087
1670,1.275565e+00,,3.481476e-04,44.00,0.080
1671,1.225203e+00,,3.477179e-04,44.00,0.078
1672,1.303019e+00,,3.472883e-04,63.00,0.081
1673,1.319540e+00,,3.468588e-04,63.00,0.087
1674,1.404851e+00,,3.464294e-04,45.00,0.084
1675,1.416139e+00,,3.460000e-04,45.00,0.086
1676,1.401515e+00,,3.455707e-04,45.00,0.079
1677,1.270938e+00,,3.451414e-04,48.00,0.087
1678,1.214641e+00,,3.447122e-04,48.00,0.082
1679,1.305566e+00,,3.442831e-04,62.00,0.084
1680,1.174178e+00,,3.438540e-04,62.00,0.083
1681,1.190376e+00,,3.434250e-04,62.00,0.080
1682,1.215882e+00,,3.429961e-04,45.00,0.083
1683,1.350648e+00,,3.425672e-04,45.00,0.081
1684,1.439923e+00,,3.421384e-04,60.00,0.078
1685,1.435273e+00,,3.417097e-04,60.00,0.077
1686,1.224054e+00,,3.412810e-04,60.00,0.080
1687,1.211129e+00,,3.408524e-04,47.00,0.080
1688,1.265856e+00,,3.404239e-04,47.00,0.080
1689,1.279235e+00,,3.399954e-04,62.00,0.082
1690,1.200623e+00,,3.395671e-04,62.00,0.082
1691,1.152206e+00,,3.391387e-04,46.00,0.086
1692,1.224938e+00,,3.387105e-04,46.00,0.082
1693,1.126922e+00,,3.382823e-04,46.00,0.081
1694,1.140352e+00,,3.378542e-04,48.00,0.082
1695,1.276698e+00,,3.374262e-04,48.00,0.083
1696,1.115835e+00,,3.369983e-04,57.00,0.083
1697,1.056914e+00,,3.365704e-04,57.00,0.079
1698,1.067631e+00,,3.361426e-04,57.00,0.080
1699,1.172194e+00,1.552896e+00,3.357149e-04,36.00,0.234
1700,1.260145e+00,,3.352872e-04,0.00,0.082
1701,1.203636e+00,,3.348596e-04,0.00,0.079
1702,1.204802e+00,,3.344321e-04,58.00,0.078
1703,1.150606e+00,,3.340047e-04,58.00,0.077
1704,1.172606e+00,,3.335774e-04,58.00,0.077
1705,1.301990e+00,,3.331501e-04,52.00,0.076
1706,1.345429e+00,,3.327229e-04,52.00,0.076
1707,1.325389e+00,,3.322958e-04,53.00,0.077
1708,1.412381e+00,,3.318688e-04,53.00,0.076
1709,1.701016e+00,,3.314418e-04,53.00,0.078
1710,1.309903e+00,,3.310149e-04,63.00,0.077
1711,1.155036e+00,,3.305881e-04,63.00,0.077
1712,1.063698e+00,,3.301614e-04,63.00,0.082
1713,1.164579e+00,,3.297348e-04,47.00,0.081
1714,1.183315e+00,,3.293083e-04,47.00,0.081
1715,1.352523e+00,,3.288818e-04,61.00,0.082
1716,1.396439e+00,,3.284554e-04,61.00,0.079
1717,1.501727e+00,,3.280291e-04,61.00,0.078
1718,1.322607e+00,,3.276029e-04,47.00,0.077
1719,1.301580e+00,,3.271768e-04,47.00,0.077
1720,1.339770e+00,,3.267508e-04,65.00,0.077
1721,1.522561e+00,,3.263248e-04,65.00,0.076
1722,1.329624e+00,,3.258989e-04,65.00,0.077
1723,1.153454e+00,,3.254732e-04,46.00,0.076
1724,1.222858e+00,,3.250475e-04,46.00,0.081
1725,1.349647e+00,,3.246219e-04,61.00,0.080
1726,1.246595e+00,,3.241964e-04,61.00,0.080
1727,1.142082e+00,,3.237709e-04,61.00,0.080
1728,1.268590e+00,,3.233456e-04,45.00,0.079
1729,1.347312e+00,,3.229203e-04,45.00,0.079
1730,1.366149e+00,,3.224952e-04,65.00,0.078
1731,1.271907e+00,,3.220701e-04,65.00,0.079
1732,1.361854e+00,,3.216451e-04,65.00,0.080
1733,1.221799e+00,,3.212203e-04,45.00,0.079
1734,1.298974e+00,,3.207955e-04,45.00,0.079
1735,1.239432e+00,,3.203708e-04,64.00,0.079
1736,1.376651e+00,,3.199462e-04,64.00,0.078
1737,1.338695e+00,,3.195217e-04,64.00,0.080
1738,1.347646e+00,,3.190973e-04,45.00,0.080
1739,1.235349e+00,,3.186729e-04,45.00,0.080
1740,1.198962e+00,,3.182487e-04,62.00,0.084
1741,1.319469e+00,,3.178246e-04,62.00,0.088
1742,1.327802e+00,,3.174005e-04,62.00,0.079
1743,1.201162e+00,,3.169766e-04,43.00,0.080
1744,1.217904e+00,,3.165528e-04,43.00,0.077
1745,1.244981e+00,,3.161290e-04,62.00,0.077
1746,1.163139e+00,,3.157054e-04,62.00,0.077
1747,1.118605e+00,,3.152819e-04,62.00,0.076
1748,1.059783e+00,,3.148584e-04,47.00,0.076
1749,1.138794e+00,,3.144351e-04,47.00,0.076
1750,1.262971e+00,,3.140118e-04,66.00,0.077
1751,1.151559e+00,,3.135887e-04,66.00,0.076
1752,1.117461e+00,,3.131656e-04,66.00,0.076
1753,1.153084e+00,,3.127427e-04,49.00,0.076
1754,1.151727e+00,,3.123199e-04,49.00,0.076
1755,1.168642e+00,,3.118971e-04,56.00,0.077
1756,1.074874e+00,,3.114745e-04,56.00,0.076
1757,1.051606e+00,,3.110520e-04,56.00,0.077
1758,1.221456e+00,,3.106296e-04,61.00,0.076
1759,1.181119e+00,,3.102072e-04,61.00,0.076
1760,1.183232e+00,,3.097850e-04,61.00,0.076
1761,1.127365e+00,,3.093629e-04,48.00,0.076
1762,1.027286e+00,,3.089409e-04,48.00,0.077
1763,1.162837e+00,,3.085190e-04,66.00,0.077
1764,1.240851e+00,,3.080972e-04,66.00,0.077
1765,1.214089e+00,,3.076756e-04,66.00,0.083
1766,1.322812e+00,,3.072540e-04,45.00,0.082
1767,1.222605e+00,,3.068325e-04,45.00,0.082
1768,1.240859e+00,,3.064112e-04,62.00,0.079
1769,1.152618e+00,,3.059900e-04,62.00,0.083
1770,1.223914e+00,,3.055688e-04,62.00,0.084
1771,1.279479e+00,,3.051478e-04,44.00,0.084
1772,1.299755e+00,,3.047269e-04,44.00,0.085
1773,1.168031e+00,,3.043061e-04,53.00,0.087
1774,1.230466e+00,,3.038854e-04,53.00,0.080
1775,1.689209e+00,,3.034648e-04,57.00,0.083
1776,1.357660e+00,,3.030444e-04,57.00,0.084
1777,1.516268e+00,,3.026240e-04,57.00,0.082
1778,2.053639e+00,,3.022038e-04,44.00,0.079
1779,1.528460e+00,,3.017837e-04,44.00,0.085
1780,1.800256e+00,,3.013637e-04,59.00,0.082
1781,1.406946e+00,,3.009438e-04,59.00,0.078
1782,1.410646e+00,,3.005240e-04,59.00,0.078
1783,1.191642e+00,,3.001044e-04,47.00,0.081
1784,1.226465e+00,,2.996849e-04,47.00,0.079
1785,1.295145e+00,,2.992654e-04,63.00,0.086
1786,1.237111e+00,,2.988461e-04,63.00,0.080
1787,1.264624e+00,,2.984270e-04,48.00,0.083
1788,1.348948e+00,,2.980079e-04,48.00,0.085
1789,1.117113e+00,,2.975890e-04,48.00,0.084
1790,1.090756e+00,,2.971701e-04,45.00,0.081
1791,1.072760e+00,,2.967514e-04,45.00,0.082
1792,1.112271e+00,,2.963329e-04,60.00,0.079
1793,1.126457e+00,,2.959144e-04,60.00,0.085
1794,1.096800e+00,,2.954961e-04,60.00,0.080
1795,1.094746e+00,,2.950779e-04,44.00,0.089
1796,1.065580e+00,,2.946598e-04,44.00,0.080
1797,1.074487e+00,,2.942418e-04,60.00,0.083
1798,1.078138e+00,,2.938240e-04,60.00,0.082
1799,1.039136e+00,1.585145e+00,2.934063e-04,49.00,0.089
1800,1.077656e+00,,2.929887e-04,0.00,0.078
1801,1.070722e+00,,2.925712e-04,0.00,0.077
1802,9.785004e-01,,2.921539e-04,0.00,0.076
1803,1.007648e+00,,2.917366e-04,54.00,0.076
1804,1.081659e+00,,2.913196e-04,54.00,0.076
1805,1.160011e+00,,2.909026e-04,62.00,0.077
1806,1.265215e+00,,2.904858e-04,62.00,0.076
1807,1.230816e+00,,2.900691e-04,62.00,0.076
1808,1.242337e+00,,2.896525e-04,47.00,0.076
1809,1.420278e+00,,2.892361e-04,47.00,0.076
1810,1.327143e+00,,2.888197e-04,65.00,0.076
1811,1.305347e+00,,2.884036e-04,65.00,0.076
1812,1.382664e+00,,2.879875e-04,65.00,0.076
1813,1.351327e+00,,2.875716e-04,52.00,0.076
1814,1.383531e+00,,2.871558e-04,52.00,0.076
1815,1.165165e+00,,2.867401e-04,52.00,0.076
1816,1.141872e+00,,2.863246e-04,54.00,0.076
1817,1.126131e+00,,2.859092e-04,54.00,0.076
1818,1.265792e+00,,2.854940e-04,65.00,0.076
1819,1.328403e+00,,2.850789e-04,65.00,0.076
1820,1.315430e+00,,2.846639e-04,65.00,0.076
1821,1.332327e+00,,2.842490e-04,46.00,0.076
1822,1.335780e+00,,2.838343e-04,46.00,0.076
1823,1.306245e+00,,2.834197e-04,62.00,0.076
1824,1.273301e+00,,2.830053e-04,62.00,0.076
1825,1.248518e+00,,2.825910e-04,62.00,0.076
1826,1.194774e+00,,2.821768e-04,55.00,0.076
1827,1.280370e+00,,2.817628e-04,55.00,0.076
1828,1.290587e+00,,2.813489e-04,55.00,0.076
1829,1.276984e+00,,2.809351e-04,49.00,0.076
1830,1.283946e+00,,2.805215e-04,49.00,0.077
1831,1.798659e+00,,2.801081e-04,67.00,0.076
1832,1.494390e+00,,2.796947e-04,67.00,0.076
1833,1.515232e+00,,2.792815e-04,67.00,0.076
1834,1.362438e+00,,2.788685e-04,46.00,0.076
1835,1.196037e+00,,2.784556e-04,46.00,0.075
1836,1.191651e+00,,2.780428e-04,60.00,0.076
1837,1.120419e+00,,2.776302e-04,60.00,0.076
1838,1.039271e+00,,2.772177e-04,60.00,0.076
1839,1.030948e+00,,2.768054e-04,58.00,0.076
1840,1.072211e+00,,2.763932e-04,58.00,0.076
1841,1.149798e+00,,2.759812e-04,58.00,0.076
1842,1.255926e+00,,2.755693e-04,47.00,0.076
1843,1.299490e+00,,2.751575e-04,47.00,0.076
1844,1.252701e+00,,2.747459e-04,68.00,0.076
1845,1.376097e+00,,2.743345e-04,68.00,0.076
1846,1.244136e+00,,2.739231e-04,68.00,0.076
1847,1.141492e+00,,2.735120e-04,49.00,0.076
1848,1.071603e+00,,2.731010e-04,49.00,0.076
1849,1.092497e+00,,2.726901e-04,49.00,0.076
1850,1.145594e+00,,2.722794e-04,56.00,0.076
1851,1.155881e+00,,2.718688e-04,56.00,0.076
1852,1.199649e+00,,2.714584e-04,62.00,0.076
1853,1.137297e+00,,2.710481e-04,62.00,0.076
1854,1.131489e+00,,2.706380e-04,62.00,0.076
1855,1.118916e+00,,2.702281e-04,47.00,0.077
1856,1.116544e+00,,2.698183e-04,47.00,0.076
1857,1.188922e+00,,2.694086e-04,64.00,0.076
1858,1.344836e+00,,2.689991e-04,64.00,0.076
1859,1.188985e+00,,2.685898e-04,64.00,0.076
1860,1.322795e+00,,2.681806e-04,52.00,0.076
1861,1.233771e+00,,2.677715e-04,52.00,0.076
1862,1.186320e+00,,2.673626e-04,52.00,0.076
1863,1.133516e+00,,2.669539e-04,53.00,0.076
1864,1.165816e+00,,2.665453e-04,53.00,0.076
1865,1.088629e+00,,2.661369e-04,65.00,0.076
1866,1.209160e+00,,2.657287e-04,65.00,0.076
1867,1.368439e+00,,2.653206e-04,65.00,0.076
1868,1.143245e+00,,2.649126e-04,46.00,0.076
1869,1.036901e+00,,2.645048e-04,46.00,0.076
1870,1.102419e+00,,2.640972e-04,62.00,0.076
1871,1.108479e+00,,2.636897e-04,62.00,0.076
1872,1.134256e+00,,2.632824e-04,62.00,0.076
1873,1.111129e+00,,2.628753e-04,56.00,0.076
1874,1.255968e+00,,2.624683e-04,56.00,0.076
1875,1.486496e+00,,2.620615e-04,56.00,0.076
1876,1.337046e+00,,2.616548e-04,49.00,0.076
1877,1.221141e+00,,2.612483e-04,49.00,0.076
1878,1.172492e+00,,2.608420e-04,68.00,0.076
1879,1.195959e+00,,2.604358e-04,68.00,0.076
1880,1.242080e+00,,2.600298e-04,68.00,0.077
1881,1.316135e+00,,2.596240e-04,46.00,0.076
1882,1.446757e+00,,2.592183e-04,46.00,0.076
1883,1.269412e+00,,2.588128e-04,46.00,0.076
1884,1.178211e+00,,2.584074e-04,59.00,0.076
1885,1.173106e+00,,2.580022e-04,59.00,0.076
1886,1.229778e+00,,2.575972e-04,59.00,0.076
1887,1.246343e+00,,2.571924e-04,59.00,0.076
1888,1.121180e+00,,2.567877e-04,59.00,0.076
1889,1.162671e+00,,2.563832e-04,48.00,0.076
1890,1.197108e+00,,2.559788e-04,48.00,0.076
1891,1.082666e+00,,2.555746e-04,67.00,0.076
1892,1.159544e+00,,2.551706e-04,67.00,0.075
1893,1.325736e+00,,2.547668e-04,67.00,0.076
1894,1.164561e+00,,2.543631e-04,50.00,0.076
1895,1.083168e+00,,2.539596e-04,50.00,0.076
1896,1.017753e+00,,2.535563e-04,50.00,0.076
1897,1.143776e+00,,2.531532e-04,55.00,0.076
1898,1.163558e+00,,2.527502e-04,55.00,0.076
1899,1.352197e+00,1.400190e+00,2.523474e-04,63.00,0.223
1900,1.070124e+00,,2.519447e-04,0.00,0.086
1901,1.095865e+00,,2.515423e-04,5.00,0.082
1902,1.047873e+00,,2.511400e-04,5.00,0.083
1903,9.943772e-01,,2.507379e-04,61.00,0.089
1904,1.058518e+00,,2.503359e-04,61.00,0.081
1905,1.082134e+00,,2.499342e-04,61.00,0.085
1906,1.145897e+00,,2.495326e-04,46.00,0.086
1907,1.248957e+00,,2.491312e-04,46.00,0.082
1908,1.167229e+00,,2.487300e-04,44.00,0.082
1909,1.042517e+00,,2.483289e-04,44.00,0.084
1910,1.108727e+00,,2.479280e-04,60.00,0.083
1911,1.095987e+00,,2.475273e-04,60.00,0.084
1912,1.150001e+00,,2.471268e-04,60.00,0.085
1913,1.298382e+00,,2.467265e-04,44.00,0.085
1914,1.325638e+00,,2.463263e-04,44.00,0.084
1915,1.157294e+00,,2.459263e-04,48.00,0.087
1916,1.075908e+00,,2.455265e-04,48.00,0.082
1917,1.092079e+00,,2.451269e-04,60.00,0.087
1918,1.020443e+00,,2.447275e-04,60.00,0.083
1919,1.136772e+00,,2.443282e-04,60.00,0.090
1920,1.021484e+00,,2.439292e-04,44.00,0.085
1921,1.058451e+00,,2.435303e-04,44.00,0.081
1922,1.054348e+00,,2.431316e-04,48.00,0.080
1923,1.009931e+00,,2.427331e-04,48.00,0.084
1924,1.157011e+00,,2.423347e-04,56.00,0.084
1925,1.354081e+00,,2.419366e-04,56.00,0.085
1926,1.165130e+00,,2.415386e-04,56.00,0.082
1927,1.168872e+00,,2.411408e-04,44.00,0.081
1928,1.171959e+00,,2.407433e-04,44.00,0.079
1929,1.115363e+00,,2.403458e-04,64.00,0.085
1930,1.249630e+00,,2.399486e-04,64.00,0.082
1931,1.166178e+00,,2.395516e-04,64.00,0.084
1932,1.061978e+00,,2.391548e-04,46.00,0.085
1933,1.075155e+00,,2.387581e-04,46.00,0.086
1934,1.120570e+00,,2.383616e-04,43.00,0.084
1935,1.171608e+00,,2.379654e-04,43.00,0.086
1936,1.097306e+00,,2.375693e-04,58.00,0.084
1937,1.170667e+00,,2.371734e-04,58.00,0.087
1938,1.235432e+00,,2.367777e-04,45.00,0.087
1939,1.089499e+00,,2.363822e-04,45.00,0.085
1940,1.098452e+00,,2.359869e-04,45.00,0.082
1941,1.112524e+00,,2.355917e-04,44.00,0.084
1942,1.064254e+00,,2.351968e-04,44.00,0.081
1943,1.038023e+00,,2.348021e-04,63.00,0.083
1944,1.052505e+00,,2.344075e-04,63.00,0.082
1945,1.056757e+00,,2.340132e-04,63.00,0.082
1946,9.849457e-01,,2.336190e-04,46.00,0.082
1947,9.834583e-01,,2.332251e-04,46.00,0.086
1948,9.733067e-01,,2.328313e-04,52.00,0.087
1949,9.577404e-01,,2.324377e-04,52.00,0.080
1950,9.828670e-01,,2.320444e-04,58.00,0.081
1951,1.040439e+00,,2.316512e-04,58.00,0.082
1952,1.029647e+00,,2.312582e-04,58.00,0.085
1953,1.072286e+00,,2.308654e-04,44.00,0.084
1954,1.167114e+00,,2.304728e-04,44.00,0.084
1955,1.161946e+00,,2.300805e-04,60.00,0.085
1956,1.087995e+00,,2.296883e-04,60.00,0.084
1957,1.078461e+00,,2.292963e-04,48.00,0.086
1958,1.111684e+00,,2.289045e-04,48.00,0.084
1959,1.126517e+00,,2.285129e-04,48.00,0.089
1960,1.055142e+00,,2.281216e-04,43.00,0.085
1961,1.034559e+00,,2.277304e-04,43.00,0.082
1962,1.008705e+00,,2.273394e-04,59.00,0.086
1963,1.111990e+00,,2.269486e-04,59.00,0.083
1964,1.131787e+00,,2.265581e-04,52.00,0.085
1965,1.138337e+00,,2.261677e-04,52.00,0.080
1966,1.107646e+00,,2.257775e-04,52.00,0.085
1967,1.112729e+00,,2.253876e-04,44.00,0.081
1968,1.115337e+00,,2.249978e-04,44.00,0.081
1969,1.148489e+00,,2.246083e-04,64.00,0.085
1970,1.000385e+00,,2.242189e-04,64.00,0.084
1971,9.945305e-01,,2.238298e-04,64.00,0.084
1972,1.059193e+00,,2.234409e-04,46.00,0.080
1973,1.127387e+00,,2.230521e-04,46.00,0.088
1974,1.042730e+00,,2.226636e-04,48.00,0.084
1975,1.058238e+00,,2.222753e-04,48.00,0.080
1976,1.067376e+00,,2.218872e-04,59.00,0.085
1977,1.110712e+00,,2.214993e-04,59.00,0.088
1978,1.057134e+00,,2.211117e-04,59.00,0.084
1979,1.000031e+00,,2.207242e-04,43.00,0.085
1980,1.035146e+00,,2.203369e-04,43.00,0.080
1981,1.131298e+00,,2.199499e-04,55.00,0.087
1982,1.083243e+00,,2.195630e-04,55.00,0.085
1983,1.144901e+00,,2.191764e-04,54.00,0.082
1984,1.127880e+00,,2.187900e-04,54.00,0.086
1985,1.145253e+00,,2.184038e-04,54.00,0.083
1986,1.058864e+00,,2.180178e-04,44.00,0.086
1987,1.195145e+00,,2.176320e-04,44.00,0.085
1988,1.057258e+00,,2.172465e-04,54.00,0.084
1989,1.147335e+00,,2.168611e-04,54.00,0.086
1990,1.121079e+00,,2.164760e-04,53.00,0.085
1991,1.060556e+00,,2.160911e-04,53.00,0.084
1992,9.806614e-01,,2.157064e-04,53.00,0.081
1993,9.591640e-01,,2.153219e-04,44.00,0.086
1994,1.059186e+00,,2.149376e-04,44.00,0.080
1995,1.075714e+00,,2.145536e-04,61.00,0.089
1996,1.149879e+00,,2.141698e-04,61.00,0.082
1997,1.143342e+00,,2.137861e-04,53.00,0.087
1998,1.062712e+00,,2.134028e-04,53.00,0.085
1999,1.102474e+00,1.381460e+00,2.130196e-04,43.00,0.231
2000,1.094471e+00,,2.126366e-04,0.00,0.083
2001,1.099747e+00,,2.122539e-04,5.00,0.087
2002,1.102845e+00,,2.118714e-04,5.00,0.086
2003,1.086954e+00,,2.114891e-04,59.00,0.086
2004,1.161174e+00,,2.111070e-04,59.00,0.086
2005,1.321004e+00,,2.107252e-04,59.00,0.083
2006,1.098633e+00,,2.103435e-04,48.00,0.080
2007,1.072352e+00,,2.099621e-04,48.00,0.088
2008,1.202335e+00,,2.095809e-04,44.00,0.080
2009,1.344692e+00,,2.092000e-04,44.00,0.080
2010,1.111111e+00,,2.088192e-04,64.00,0.083
2011,1.192837e+00,,2.084387e-04,64.00,0.088
2012,1.160096e+00,,2.080584e-04,64.00,0.085
2013,1.303621e+00,,2.076784e-04,43.00,0.084
2014,1.331687e+00,,2.072985e-04,43.00,0.086
2015,1.157100e+00,,2.069189e-04,44.00,0.087
2016,1.162683e+00,,2.065395e-04,44.00,0.085
2017,1.075486e+00,,2.061604e-04,59.00,0.084
2018,1.001183e+00,,2.057814e-04,59.00,0.081
2019,1.087988e+00,,2.054027e-04,59.00,0.081
2020,1.140878e+00,,2.050243e-04,46.00,0.080
2021,1.087419e+00,,2.046460e-04,46.00,0.087
2022,1.077956e+00,,2.042680e-04,50.00,0.083
2023,1.032753e+00,,2.038902e-04,50.00,0.086
2024,1.084507e+00,,2.035127e-04,56.00,0.083
2025,1.040428e+00,,2.031353e-04,56.00,0.087
2026,1.031887e+00,,2.027583e-04,56.00,0.083
2027,1.149872e+00,,2.023814e-04,43.00,0.087
2028,1.004148e+00,,2.020048e-04,43.00,0.086
2029,9.561932e-01,,2.016284e-04,48.00,0.085
2030,9.661284e-01,,2.012522e-04,48.00,0.084
2031,9.630092e-01,,2.008763e-04,58.00,0.084
2032,1.031369e+00,,2.005006e-04,58.00,0.082
2033,1.031644e+00,,2.001251e-04,58.00,0.085
2034,1.040173e+00,,1.997499e-04,44.00,0.084
2035,1.159740e+00,,1.993749e-04,44.00,0.083
2036,1.004026e+00,,1.990001e-04,55.00,0.084
2037,1.052841e+00,,1.986256e-04,55.00,0.085
2038,1.099996e+00,,1.982513e-04,52.00,0.085
2039,1.078203e+00,,1.978773e-04,52.00,0.089
2040,1.103208e+00,,1.975034e-04,52.00,0.087
2041,1.061481e+00,,1.971299e-04,43.00,0.083
2042,1.018800e+00,,1.967565e-04,43.00,0.081
2043,1.160287e+00,,1.963834e-04,54.00,0.088
2044,1.120033e+00,,1.960106e-04,54.00,0.084
2045,1.030033e+00,,1.956380e-04,56.00,0.084
2046,1.061211e+00,,1.952656e-04,56.00,0.088
2047,1.024968e+00,,1.948934e-04,56.00,0.089
2048,9.408493e-01,,1.945215e-04,43.00,0.085
2049,9.833584e-01,,1.941499e-04,43.00,0.080
2050,1.029169e+00,,1.937785e-04,51.00,0.080
2051,9.857312e-01,,1.934073e-04,51.00,0.087
2052,1.030998e+00,,1.930363e-04,52.00,0.087
2053,9.206254e-01,,1.926657e-04,52.00,0.083
2054,9.639943e-01,,1.922952e-04,52.00,0.082
2055,1.012523e+00,,1.919250e-04,44.00,0.086
2056,9.496029e-01,,1.915551e-04,44.00,0.083
2057,9.912427e-01,,1.911853e-04,54.00,0.086
2058,1.097598e+00,,1.908159e-04,54.00,0.085
2059,1.092031e+00,,1.904466e-04,55.00,0.080
2060,1.110663e+00,,1.900777e-04,55.00,0.083
2061,1.060667e+00,,1.897089e-04,55.00,0.086
2062,1.059440e+00,,1.893405e-04,44.00,0.083
2063,9.971299e-01,,1.889722e-04,44.00,0.088
2064,9.839097e-01,,1.886042e-04,57.00,0.087
2065,1.040301e+00,,1.882365e-04,57.00,0.085
2066,1.034437e+00,,1.878690e-04,54.00,0.085
2067,1.032106e+00,,1.875018e-04,54.00,0.085
2068,1.051586e+00,,1.871348e-04,54.00,0.084
2069,1.031960e+00,,1.867680e-04,44.00,0.087
2070,1.164276e+00,,1.864015e-04,44.00,0.086
2071,1.060615e+00,,1.860353e-04,51.00,0.084
2072,1.014527e+00,,1.856693e-04,51.00,0.082
2073,1.009799e+00,,1.853035e-04,56.00,0.084
2074,9.743465e-01,,1.849381e-04,56.00,0.081
2075,1.032062e+00,,1.845728e-04,56.00,0.087
2076,1.130184e+00,,1.842078e-04,44.00,0.083
2077,1.028220e+00,,1.838431e-04,44.00,0.082
2078,9.953519e-01,,1.834786e-04,59.00,0.084
2079,9.270299e-01,,1.831144e-04,59.00,0.086
2080,9.889514e-01,,1.827504e-04,59.00,0.082
2081,9.674763e-01,,1.823867e-04,49.00,0.083
2082,1.094411e+00,,1.820233e-04,49.00,0.081
2083,1.025663e+00,,1.816601e-04,44.00,0.079
2084,9.879294e-01,,1.812971e-04,44.00,0.082
2085,1.009784e+00,,1.809344e-04,61.00,0.080
2086,1.066025e+00,,1.805720e-04,61.00,0.082
2087,1.024268e+00,,1.802098e-04,61.00,0.085
2088,9.667991e-01,,1.798479e-04,44.00,0.083
2089,9.313380e-01,,1.794862e-04,44.00,0.085
2090,9.257740e-01,,1.791248e-04,56.00,0.083
2091,1.074897e+00,,1.787637e-04,56.00,0.087
2092,1.022958e+00,,1.784028e-04,56.00,0.080
2093,1.034794e+00,,1.780422e-04,50.00,0.089
2094,1.005374e+00,,1.776818e-04,50.00,0.082
2095,9.924006e-01,,1.773217e-04,43.00,0.082
2096,9.989124e-01,,1.769619e-04,43.00,0.086
2097,9.315419e-01,,1.766023e-04,58.00,0.086
2098,9.488774e-01,,1.762430e-04,58.00,0.084
2099,1.057172e+00,1.369053e+00,1.758840e-04,51.00,0.231
2100,9.713208e-01,,1.755252e-04,0.00,0.090
2101,9.522744e-01,,1.751666e-04,4.00,0.086
2102,9.922533e-01,,1.748084e-04,4.00,0.081
2103,9.578868e-01,,1.744504e-04,62.00,0.083
2104,9.079595e-01,,1.740927e-04,62.00,0.083
2105,9.253190e-01,,1.737352e-04,62.00,0.088
2106,9.733544e-01,,1.733780e-04,46.00,0.087
2107,9.938251e-01,,1.730211e-04,46.00,0.088
2108,1.019402e+00,,1.726644e-04,42.00,0.081
2109,1.040197e+00,,1.723080e-04,42.00,0.086
2110,1.037449e+00,,1.719518e-04,57.00,0.085
2111,9.501629e-01,,1.715960e-04,57.00,0.086
2112,9.175026e-01,,1.712404e-04,57.00,0.085
2113,9.685374e-01,,1.708850e-04,49.00,0.084
2114,1.013542e+00,,1.705300e-04,49.00,0.085
2115,1.080207e+00,,1.701752e-04,43.00,0.084
2116,9.848735e-01,,1.698207e-04,43.00,0.084
2117,9.534996e-01,,1.694664e-04,59.00,0.082
2118,9.584105e-01,,1.691124e-04,59.00,0.086
2119,1.036597e+00,,1.687587e-04,59.00,0.083
2120,9.565424e-01,,1.684053e-04,47.00,0.084
2121,9.128389e-01,,1.680521e-04,47.00,0.089
2122,9.119506e-01,,1.676992e-04,43.00,0.080
2123,9.269966e-01,,1.673466e-04,43.00,0.090
2124,9.245813e-01,,1.669942e-04,55.00,0.085
2125,9.179984e-01,,1.666422e-04,55.00,0.086
2126,9.268644e-01,,1.662904e-04,55.00,0.080
2127,1.069918e+00,,1.659388e-04,49.00,0.085
2128,1.119927e+00,,1.655876e-04,49.00,0.087
2129,1.095659e+00,,1.652366e-04,43.00,0.084
2130,1.039381e+00,,1.648859e-04,43.00,0.084
2131,9.777952e-01,,1.645355e-04,60.00,0.082
2132,9.663125e-01,,1.641853e-04,60.00,0.086
2133,9.444872e-01,,1.638354e-04,60.00,0.090
2134,9.237200e-01,,1.634858e-04,45.00,0.080
2135,1.136002e+00,,1.631365e-04,45.00,0.084
2136,1.105185e+00,,1.627875e-04,44.00,0.083
2137,1.015709e+00,,1.624387e-04,44.00,0.090
2138,9.942587e-01,,1.620902e-04,55.00,0.082
2139,1.015898e+00,,1.617420e-04,55.00,0.087
2140,1.019512e+00,,1.613941e-04,55.00,0.080
2141,1.041901e+00,,1.610465e-04,45.00,0.090
2142,1.020671e+00,,1.606991e-04,45.00,0.087
2143,9.906534e-01,,1.603520e-04,43.00,0.086
2144,1.071484e+00,,1.600052e-04,43.00,0.081
2145,9.344474e-01,,1.596587e-04,64.00,0.082
2146,9.576699e-01,,1.593124e-04,64.00,0.082
2147,9.711724e-01,,1.589665e-04,64.00,0.084
2148,1.065345e+00,,1.586208e-04,46.00,0.079
2149,9.683328e-01,,1.582754e-04,46.00,0.084
2150,9.475022e-01,,1.579303e-04,51.00,0.081
2151,9.230438e-01,,1.575855e-04,51.00,0.083
2152,9.344354e-01,,1.572410e-04,51.00,0.081
2153,8.584318e-01,,1.568967e-04,54.00,0.087
2154,8.392228e-01,,1.565527e-04,54.00,0.084
2155,8.735429e-01,,1.562090e-04,43.00,0.088
2156,8.908240e-01,,1.558656e-04,43.00,0.086
2157,8.670442e-01,,1.555225e-04,55.00,0.081
2158,9.570962e-01,,1.551797e-04,55.00,0.084
2159,9.906988e-01,,1.548372e-04,55.00,0.087
2160,9.841700e-01,,1.544949e-04,51.00,0.082
2161,1.008282e+00,,1.541530e-04,51.00,0.081
2162,9.261069e-01,,1.538113e-04,44.00,0.084
2163,1.016074e+00,,1.534699e-04,44.00,0.087
2164,9.331019e-01,,1.531288e-04,57.00,0.080
2165,9.295492e-01,,1.527880e-04,57.00,0.088
2166,9.617120e-01,,1.524475e-04,57.00,0.085
2167,9.437869e-01,,1.521073e-04,46.00,0.088
2168,8.938124e-01,,1.517673e-04,46.00,0.083
2169,8.968180e-01,,1.514277e-04,44.00,0.088
2170,8.954346e-01,,1.510884e-04,44.00,0.081
2171,9.175371e-01,,1.507493e-04,63.00,0.085
2172,9.114335e-01,,1.504105e-04,63.00,0.087
2173,8.915479e-01,,1.500721e-04,63.00,0.083
2174,9.452759e-01,,1.497339e-04,46.00,0.083
2175,9.512274e-01,,1.493960e-04,46.00,0.084
2176,9.341782e-01,,1.490584e-04,44.00,0.082
2177,8.712585e-01,,1.487211e-04,44.00,0.084
2178,8.790273e-01,,1.483841e-04,60.00,0.087
2179,9.158550e-01,,1.480474e-04,60.00,0.085
2180,9.101119e-01,,1.477110e-04,60.00,0.082
2181,9.074791e-01,,1.473749e-04,46.00,0.086
2182,9.091804e-01,,1.470391e-04,46.00,0.085
2183,9.466468e-01,,1.467035e-04,43.00,0.084
2184,9.100947e-01,,1.463683e-04,43.00,0.080
2185,9.790511e-01,,1.460334e-04,64.00,0.090
2186,9.747429e-01,,1.456988e-04,64.00,0.083
2187,9.987997e-01,,1.453644e-04,64.00,0.088
2188,9.847620e-01,,1.450304e-04,46.00,0.085
2189,1.010824e+00,,1.446967e-04,46.00,0.086
2190,1.048149e+00,,1.443632e-04,43.00,0.085
2191,1.031675e+00,,1.440301e-04,43.00,0.089
2192,1.009655e+00,,1.436973e-04,55.00,0.084
2193,1.042397e+00,,1.433647e-04,55.00,0.089
2194,9.595359e-01,,1.430325e-04,55.00,0.083
2195,9.863631e-01,,1.427006e-04,49.00,0.083
2196,1.002252e+00,,1.423690e-04,49.00,0.080
2197,1.022204e+00,,1.420376e-04,44.00,0.089
2198,9.740467e-01,,1.417066e-04,44.00,0.085
2199,9.746386e-01,1.357945e+00,1.413759e-04,57.00,0.229
2200,1.036056e+00,,1.410455e-04,0.00,0.086
2201,1.022711e+00,,1.407154e-04,1.00,0.085
2202,1.052644e+00,,1.403856e-04,1.00,0.087
2203,1.002798e+00,,1.400561e-04,43.00,0.081
2204,1.007039e+00,,1.397269e-04,43.00,0.085
2205,1.038339e+00,,1.393980e-04,59.00,0.080
2206,9.795564e-01,,1.390694e-04,59.00,0.080
2207,9.867832e-01,,1.387411e-04,59.00,0.082
2208,9.788977e-01,,1.384131e-04,46.00,0.082
2209,9.618672e-01,,1.380855e-04,46.00,0.085
2210,9.848967e-01,,1.377581e-04,61.00,0.080
2211,1.023827e+00,,1.374311e-04,61.00,0.084
2212,1.026681e+00,,1.371043e-04,61.00,0.083
2213,9.811307e-01,,1.367779e-04,47.00,0.089
2214,9.859907e-01,,1.364518e-04,47.00,0.084
2215,9.855424e-01,,1.361260e-04,49.00,0.082
2216,9.805253e-01,,1.358004e-04,49.00,0.085
2217,1.013731e+00,,1.354753e-04,51.00,0.088
2218,1.044791e+00,,1.351504e-04,51.00,0.082
2219,9.828131e-01,,1.348258e-04,51.00,0.085
2220,9.526987e-01,,1.345015e-04,47.00,0.082
2221,9.533021e-01,,1.341776e-04,47.00,0.083
2222,8.981927e-01,,1.338539e-04,51.00,0.085
2223,9.232050e-01,,1.335306e-04,51.00,0.086
2224,9.619403e-01,,1.332076e-04,57.00,0.083
2225,8.770583e-01,,1.328849e-04,57.00,0.086
2226,9.269401e-01,,1.325625e-04,57.00,0.082
2227,9.118625e-01,,1.322404e-04,47.00,0.084
2228,8.774581e-01,,1.319187e-04,47.00,0.086
2229,9.438555e-01,,1.315972e-04,55.00,0.083
2230,8.938059e-01,,1.312761e-04,55.00,0.084
2231,8.772856e-01,,1.309553e-04,51.00,0.086
2232,9.189207e-01,,1.306348e-04,51.00,0.081
2233,9.446977e-01,,1.303146e-04,51.00,0.086
2234,9.008005e-01,,1.299947e-04,47.00,0.087
2235,9.320036e-01,,1.296752e-04,47.00,0.088
2236,9.261488e-01,,1.293560e-04,55.00,0.082
2237,9.144452e-01,,1.290370e-04,55.00,0.087
2238,8.939443e-01,,1.287184e-04,53.00,0.083
2239,9.209465e-01,,1.284002e-04,53.00,0.083
2240,8.965994e-01,,1.280822e-04,53.00,0.086
2241,9.209240e-01,,1.277646e-04,47.00,0.082
2242,9.648270e-01,,1.274472e-04,47.00,0.083
2243,8.972230e-01,,1.271302e-04,51.00,0.088
2244,9.136730e-01,,1.268136e-04,51.00,0.084
2245,8.672947e-01,,1.264972e-04,48.00,0.085
2246,9.506858e-01,,1.261812e-04,48.00,0.084
2247,9.119647e-01,,1.258654e-04,48.00,0.089
2248,9.007648e-01,,1.255500e-04,46.00,0.090
2249,9.596450e-01,,1.252350e-04,46.00,0.088
2250,9.049235e-01,,1.249202e-04,51.00,0.080
2251,9.673082e-01,,1.246058e-04,51.00,0.086
2252,9.589656e-01,,1.242917e-04,56.00,0.083
2253,9.828706e-01,,1.239779e-04,56.00,0.086
2254,1.000429e+00,,1.236644e-04,56.00,0.086
2255,1.004032e+00,,1.233513e-04,47.00,0.088
2256,9.630404e-01,,1.230385e-04,47.00,0.082
2257,8.944921e-01,,1.227260e-04,49.00,0.083
2258,8.745693e-01,,1.224139e-04,49.00,0.081
2259,9.095556e-01,,1.221020e-04,53.00,0.086
2260,9.212210e-01,,1.217905e-04,53.00,0.084
2261,9.915940e-01,,1.214793e-04,53.00,0.086
2262,1.037527e+00,,1.211685e-04,46.00,0.085
2263,9.574123e-01,,1.208580e-04,46.00,0.085
2264,9.325707e-01,,1.205478e-04,53.00,0.082
2265,9.254075e-01,,1.202379e-04,53.00,0.087
2266,9.819928e-01,,1.199283e-04,54.00,0.086
2267,1.027162e+00,,1.196191e-04,54.00,0.087
2268,9.496846e-01,,1.193102e-04,54.00,0.084
2269,8.912727e-01,,1.190017e-04,47.00,0.084
2270,8.837048e-01,,1.186935e-04,47.00,0.082
2271,8.606721e-01,,1.183856e-04,48.00,0.087
2272,9.546392e-01,,1.180780e-04,48.00,0.081
2273,1.048615e+00,,1.177708e-04,51.00,0.088
2274,1.001384e+00,,1.174639e-04,51.00,0.086
2275,9.683304e-01,,1.171573e-04,51.00,0.088
2276,8.933500e-01,,1.168510e-04,47.00,0.085
2277,8.724430e-01,,1.165451e-04,47.00,0.085
2278,9.175278e-01,,1.162396e-04,51.00,0.080
2279,8.981993e-01,,1.159343e-04,51.00,0.083
2280,9.995459e-01,,1.156294e-04,54.00,0.085
2281,9.520243e-01,,1.153248e-04,54.00,0.087
2282,9.211121e-01,,1.150206e-04,54.00,0.082
2283,9.499199e-01,,1.147167e-04,47.00,0.085
2284,9.107538e-01,,1.144131e-04,47.00,0.083
2285,9.021402e-01,,1.141099e-04,53.00,0.084
2286,9.589511e-01,,1.138070e-04,53.00,0.081
2287,9.176099e-01,,1.135044e-04,49.00,0.088
2288,9.516433e-01,,1.132022e-04,49.00,0.086
2289,9.107072e-01,,1.129003e-04,49.00,0.090
2290,9.089023e-01,,1.125987e-04,46.00,0.081
2291,9.045624e-01,,1.122975e-04,46.00,0.086
2292,9.423007e-01,,1.119966e-04,51.00,0.084
2293,9.488531e-01,,1.116961e-04,51.00,0.083
2294,9.054403e-01,,1.113959e-04,54.00,0.081
2295,8.719126e-01,,1.110960e-04,54.00,0.087
2296,8.665582e-01,,1.107965e-04,54.00,0.085
2297,9.285504e-01,,1.104973e-04,46.00,0.086
2298,1.008945e+00,,1.101985e-04,46.00,0.085
2299,9.186368e-01,1.238224e+00,1.099000e-04,49.00,0.235
2300,8.766051e-01,,1.096018e-04,42.00,0.081
2301,8.470463e-01,,1.093040e-04,42.00,0.089
2302,8.918865e-01,,1.090065e-04,42.00,0.084
2303,8.687688e-01,,1.087094e-04,46.00,0.083
2304,9.714622e-01,,1.084125e-04,46.00,0.082
2305,9.963681e-01,,1.081161e-04,56.00,0.084
2306,9.251755e-01,,1.078200e-04,56.00,0.084
2307,8.893171e-01,,1.075242e-04,56.00,0.084
2308,9.147253e-01,,1.072288e-04,49.00,0.082
2309,9.486018e-01,,1.069337e-04,49.00,0.083
2310,8.946303e-01,,1.066389e-04,47.00,0.083
2311,8.805911e-01,,1.063445e-04,47.00,0.079
2312,9.157753e-01,,1.060505e-04,57.00,0.082
2313,9.406049e-01,,1.057568e-04,57.00,0.085
2314,9.150178e-01,,1.054634e-04,57.00,0.086
2315,8.862452e-01,,1.051704e-04,46.00,0.087
2316,8.609464e-01,,1.048777e-04,46.00,0.080
2317,9.000004e-01,,1.045854e-04,51.00,0.084
2318,9.439514e-01,,1.042934e-04,51.00,0.085
2319,9.266022e-01,,1.040018e-04,52.00,0.088
2320,8.815007e-01,,1.037105e-04,52.00,0.081
2321,8.812510e-01,,1.034196e-04,52.00,0.086
2322,8.601052e-01,,1.031290e-04,47.00,0.086
2323,8.455612e-01,,1.028387e-04,47.00,0.086
2324,9.072950e-01,,1.025488e-04,53.00,0.081
2325,8.922280e-01,,1.022593e-04,53.00,0.089
2326,9.055111e-01,,1.019701e-04,54.00,0.085
2327,8.422383e-01,,1.016813e-04,54.00,0.084
2328,8.591701e-01,,1.013928e-04,54.00,0.080
2329,9.004241e-01,,1.011046e-04,48.00,0.079
2330,9.262139e-01,,1.008168e-04,48.00,0.089
2331,8.792930e-01,,1.005294e-04,51.00,0.088
2332,9.063065e-01,,1.002423e-04,51.00,0.082
2333,8.644152e-01,,9.995557e-05,51.00,0.088
2334,8.875719e-01,,9.966919e-05,51.00,0.082
2335,8.410337e-01,,9.938315e-05,51.00,0.085
2336,8.529437e-01,,9.909747e-05,47.00,0.083
2337,8.074471e-01,,9.881215e-05,47.00,0.082
2338,8.547836e-01,,9.852717e-05,59.00,0.080
2339,8.271371e-01,,9.824255e-05,59.00,0.086
2340,8.567993e-01,,9.795829e-05,59.00,0.083
2341,8.484155e-01,,9.767437e-05,50.00,0.083
2342,8.630771e-01,,9.739082e-05,50.00,0.086
2343,8.500951e-01,,9.710762e-05,47.00,0.084
2344,8.351769e-01,,9.682477e-05,47.00,0.082
2345,8.209545e-01,,9.654228e-05,57.00,0.083
2346,8.364586e-01,,9.626015e-05,57.00,0.080
2347,8.331377e-01,,9.597837e-05,57.00,0.087
2348,8.557042e-01,,9.569695e-05,46.00,0.085
2349,8.404464e-01,,9.541588e-05,46.00,0.087
2350,8.652272e-01,,9.513518e-05,47.00,0.085
2351,8.486284e-01,,9.485483e-05,47.00,0.090
2352,8.829652e-01,,9.457484e-05,56.00,0.083
2353,8.425496e-01,,9.429521e-05,56.00,0.084
2354,8.951344e-01,,9.401593e-05,56.00,0.086
2355,9.209978e-01,,9.373702e-05,48.00,0.090
2356,8.932349e-01,,9.345847e-05,48.00,0.079
2357,8.781558e-01,,9.318027e-05,47.00,0.082
2358,8.473828e-01,,9.290244e-05,47.00,0.085
2359,8.399768e-01,,9.262496e-05,50.00,0.090
2360,8.800127e-01,,9.234785e-05,50.00,0.082
2361,8.375420e-01,,9.207109e-05,50.00,0.083
2362,8.619518e-01,,9.179470e-05,49.00,0.086
2363,8.402917e-01,,9.151867e-05,49.00,0.085
2364,8.493179e-01,,9.124301e-05,47.00,0.082
2365,8.081785e-01,,9.096770e-05,47.00,0.088
2366,8.461673e-01,,9.069276e-05,60.00,0.079
2367,8.173127e-01,,9.041818e-05,60.00,0.089
2368,8.178086e-01,,9.014396e-05,60.00,0.081
2369,8.071555e-01,,8.987011e-05,49.00,0.086
2370,8.069430e-01,,8.959662e-05,49.00,0.080
2371,8.265355e-01,,8.932350e-05,53.00,0.080
2372,8.025695e-01,,8.905074e-05,53.00,0.081
2373,8.165839e-01,,8.877834e-05,53.00,0.083
2374,8.480281e-01,,8.850631e-05,51.00,0.085
2375,8.284225e-01,,8.823465e-05,51.00,0.086
2376,8.465542e-01,,8.796335e-05,46.00,0.083
2377,8.313521e-01,,8.769242e-05,46.00,0.085
2378,8.178868e-01,,8.742185e-05,58.00,0.082
2379,8.096650e-01,,8.715165e-05,58.00,0.085
2380,8.301998e-01,,8.688182e-05,58.00,0.083
2381,8.385073e-01,,8.661236e-05,50.00,0.086
2382,8.338346e-01,,8.634326e-05,50.00,0.084
2383,8.305582e-01,,8.607453e-05,47.00,0.086
2384,8.224311e-01,,8.580617e-05,47.00,0.080
2385,8.413803e-01,,8.553818e-05,56.00,0.084
2386,8.597698e-01,,8.527056e-05,56.00,0.080
2387,8.720965e-01,,8.500331e-05,56.00,0.085
2388,8.561865e-01,,8.473642e-05,47.00,0.086
2389,8.294984e-01,,8.446991e-05,47.00,0.086
2390,8.339868e-01,,8.420377e-05,47.00,0.082
2391,7.970487e-01,,8.393800e-05,47.00,0.087
2392,8.396557e-01,,8.367259e-05,57.00,0.084
2393,8.227940e-01,,8.340756e-05,57.00,0.084
2394,8.135466e-01,,8.314291e-05,57.00,0.081
2395,8.686537e-01,,8.287862e-05,47.00,0.083
2396,8.236651e-01,,8.261470e-05,47.00,0.081
2397,8.164687e-01,,8.235116e-05,54.00,0.085
2398,8.502539e-01,,8.208799e-05,54.00,0.082
2399,8.250161e-01,1.255919e+00,8.182520e-05,48.00,0.095
2400,8.135525e-01,,8.156277e-05,12.00,0.085
2401,8.252845e-01,,8.130072e-05,12.00,0.083
2402,8.689357e-01,,8.103905e-05,52.00,0.086
2403,8.901770e-01,,8.077775e-05,52.00,0.083
2404,8.354424e-01,,8.051682e-05,52.00,0.086
2405,8.422944e-01,,8.025627e-05,46.00,0.085
2406,8.270510e-01,,7.999610e-05,46.00,0.086
2407,8.387175e-01,,7.973630e-05,51.00,0.085
2408,8.378424e-01,,7.947687e-05,51.00,0.080
2409,8.373483e-01,,7.921782e-05,51.00,0.086
2410,8.725944e-01,,7.895915e-05,49.00,0.082
2411,9.304670e-01,,7.870086e-05,49.00,0.087
2412,8.917334e-01,,7.844294e-05,47.00,0.081
2413,8.654495e-01,,7.818540e-05,47.00,0.084
2414,8.301926e-01,,7.792823e-05,54.00,0.086
2415,8.246270e-01,,7.767145e-05,54.00,0.086
2416,8.689701e-01,,7.741504e-05,54.00,0.084
2417,8.739611e-01,,7.715901e-05,49.00,0.083
2418,8.420893e-01,,7.690336e-05,49.00,0.087
2419,8.333832e-01,,7.664809e-05,46.00,0.085
2420,8.218255e-01,,7.639320e-05,46.00,0.084
2421,8.414410e-01,,7.613869e-05,59.00,0.081
2422,8.115161e-01,,7.588456e-05,59.00,0.082
2423,8.234204e-01,,7.563081e-05,59.00,0.085
2424,8.324657e-01,,7.537744e-05,48.00,0.084
2425,8.790024e-01,,7.512445e-05,48.00,0.085
2426,8.533480e-01,,7.487184e-05,47.00,0.082
2427,8.370211e-01,,7.461962e-05,47.00,0.088
2428,8.181982e-01,,7.436777e-05,59.00,0.082
2429,8.325929e-01,,7.411631e-05,59.00,0.083
2430,8.277713e-01,,7.386523e-05,59.00,0.082
2431,8.322500e-01,,7.361453e-05,47.00,0.087
2432,8.265923e-01,,7.336422e-05,47.00,0.081
2433,8.098933e-01,,7.311429e-05,49.00,0.086
2434,8.137063e-01,,7.286474e-05,49.00,0.083
2435,8.280858e-01,,7.261558e-05,52.00,0.087
2436,8.099440e-01,,7.236680e-05,52.00,0.083
2437,8.135991e-01,,7.211841e-05,52.00,0.086
2438,8.248529e-01,,7.187040e-05,46.00,0.086
2439,8.194055e-01,,7.162277e-05,46.00,0.084
2440,8.101583e-01,,7.137553e-05,52.00,0.080
2441,8.175845e-01,,7.112868e-05,52.00,0.084
2442,8.251924e-01,,7.088221e-05,52.00,0.085
2443,8.121659e-01,,7.063613e-05,53.00,0.086
2444,8.005132e-01,,7.039044e-05,53.00,0.087
2445,7.985738e-01,,7.014513e-05,46.00,0.086
2446,8.212929e-01,,6.990021e-05,46.00,0.085
2447,8.073313e-01,,6.965567e-05,46.00,0.087
2448,7.952017e-01,,6.941153e-05,46.00,0.083
2449,7.980240e-01,,6.916777e-05,52.00,0.088
2450,8.065757e-01,,6.892440e-05,52.00,0.084
2451,7.973371e-01,,6.868142e-05,52.00,0.085
2452,7.973728e-01,,6.843883e-05,46.00,0.084
2453,8.121885e-01,,6.819662e-05,46.00,0.087
2454,8.246795e-01,,6.795481e-05,46.00,0.085
2455,8.096525e-01,,6.771339e-05,46.00,0.085
2456,8.330974e-01,,6.747235e-05,60.00,0.080
2457,7.931318e-01,,6.723171e-05,60.00,0.085
2458,7.976719e-01,,6.699146e-05,60.00,0.082
2459,8.374183e-01,,6.675159e-05,47.00,0.086
2460,8.190002e-01,,6.651212e-05,47.00,0.083
2461,8.258341e-01,,6.627304e-05,57.00,0.079
2462,8.010378e-01,,6.603435e-05,57.00,0.082
2463,7.985592e-01,,6.579606e-05,57.00,0.087
2464,8.309027e-01,,6.555815e-05,47.00,0.083
2465,8.052541e-01,,6.532064e-05,47.00,0.087
2466,8.036130e-01,,6.508352e-05,46.00,0.082
2467,8.005039e-01,,6.484680e-05,46.00,0.085
2468,8.215621e-01,,6.461046e-05,56.00,0.085
2469,8.030612e-01,,6.437452e-05,56.00,0.082
2470,8.026075e-01,,6.413898e-05,56.00,0.085
2471,8.144098e-01,,6.390383e-05,49.00,0.085
2472,8.355491e-01,,6.366907e-05,49.00,0.082
2473,7.993628e-01,,6.343471e-05,47.00,0.082
2474,8.104131e-01,,6.320074e-05,47.00,0.083
2475,8.328670e-01,,6.296717e-05,54.00,0.086
2476,8.607279e-01,,6.273399e-05,54.00,0.084
2477,8.770513e-01,,6.250121e-05,54.00,0.087
2478,8.434845e-01,,6.226883e-05,47.00,0.087
2479,8.149364e-01,,6.203684e-05,47.00,0.084
2480,8.063340e-01,,6.180525e-05,47.00,0.086
2481,8.104669e-01,,6.157406e-05,47.00,0.085
2482,7.944444e-01,,6.134326e-05,55.00,0.085
2483,7.910888e-01,,6.111286e-05,55.00,0.087
2484,7.938367e-01,,6.088286e-05,55.00,0.081
2485,8.176897e-01,,6.065325e-05,49.00,0.083
2486,7.884788e-01,,6.042405e-05,49.00,0.082
2487,8.173567e-01,,6.019524e-05,47.00,0.085
2488,8.012140e-01,,5.996683e-05,47.00,0.080
2489,8.254065e-01,,5.973882e-05,47.00,0.082
2490,8.036540e-01,,5.951121e-05,58.00,0.082
2491,8.081961e-01,,5.928400e-05,58.00,0.086
2492,8.049941e-01,,5.905719e-05,46.00,0.085
2493,8.044418e-01,,5.883078e-05,46.00,0.084
2494,8.092746e-01,,5.860477e-05,54.00,0.084
2495,8.289295e-01,,5.837916e-05,54.00,0.085
2496,8.204663e-01,,5.815395e-05,54.00,0.084
2497,7.909058e-01,,5.792914e-05,52.00,0.080
2498,7.841915e-01,,5.770474e-05,52.00,0.081
2499,8.003658e-01,1.243618e+00,5.748073e-05,47.00,0.091
2500,7.927791e-01,,5.725713e-05,0.00,0.082
2501,7.911853e-01,,5.703393e-05,0.00,0.078
2502,7.966733e-01,,5.681113e-05,47.00,0.080
2503,7.994992e-01,,5.658874e-05,47.00,0.080
2504,8.026988e-01,,5.636674e-05,47.00,0.078
2505,7.905532e-01,,5.614516e-05,59.00,0.077
2506,7.902833e-01,,5.592397e-05,59.00,0.078
2507,8.128663e-01,,5.570319e-05,48.00,0.081
2508,8.314517e-01,,5.548281e-05,48.00,0.084
2509,8.197165e-01,,5.526284e-05,48.00,0.082
2510,8.181045e-01,,5.504327e-05,56.00,0.083
2511,8.276269e-01,,5.482411e-05,56.00,0.079
2512,7.987952e-01,,5.460535e-05,48.00,0.078
2513,8.190463e-01,,5.438699e-05,48.00,0.077
2514,8.161490e-01,,5.416905e-05,48.00,0.077
2515,8.176890e-01,,5.395151e-05,61.00,0.077
2516,8.111498e-01,,5.373437e-05,61.00,0.084
2517,7.938891e-01,,5.351764e-05,48.00,0.078
2518,7.924215e-01,,5.330132e-05,48.00,0.077
2519,7.951226e-01,,5.308540e-05,48.00,0.081
2520,7.873843e-01,,5.286989e-05,57.00,0.083
2521,7.915012e-01,,5.265479e-05,57.00,0.082
2522,8.222677e-01,,5.244010e-05,47.00,0.078
2523,7.904777e-01,,5.222581e-05,47.00,0.083
2524,8.088862e-01,,5.201193e-05,60.00,0.079
2525,7.865322e-01,,5.179847e-05,60.00,0.077
2526,7.972493e-01,,5.158540e-05,60.00,0.079
2527,8.013624e-01,,5.137275e-05,48.00,0.088
2528,8.135448e-01,,5.116051e-05,48.00,0.082
2529,8.166339e-01,,5.094868e-05,53.00,0.086
2530,7.967481e-01,,5.073725e-05,53.00,0.079
2531,7.926845e-01,,5.052624e-05,53.00,0.082
2532,7.939472e-01,,5.031564e-05,49.00,0.084
2533,7.875241e-01,,5.010544e-05,49.00,0.081
2534,7.853267e-01,,4.989566e-05,51.00,0.078
2535,8.087310e-01,,4.968629e-05,51.00,0.077
2536,8.299572e-01,,4.947733e-05,51.00,0.079
2537,8.127873e-01,,4.926878e-05,53.00,0.079
2538,8.039169e-01,,4.906064e-05,53.00,0.077
2539,8.052095e-01,,4.885292e-05,58.00,0.076
2540,7.831303e-01,,4.864560e-05,58.00,0.079
2541,7.802162e-01,,4.843870e-05,58.00,0.077
2542,7.890235e-01,,4.823221e-05,50.00,0.085
2543,7.843694e-01,,4.802614e-05,50.00,0.081
2544,7.876332e-01,,4.782047e-05,54.00,0.078
2545,7.869406e-01,,4.761522e-05,54.00,0.077
2546,7.885841e-01,,4.741039e-05,54.00,0.077
2547,8.014651e-01,,4.720596e-05,50.00,0.079
2548,7.962097e-01,,4.700196e-05,50.00,0.083
2549,7.901101e-01,,4.679836e-05,48.00,0.086
2550,7.856410e-01,,4.659518e-05,48.00,0.081
2551,7.838444e-01,,4.639242e-05,48.00,0.080
2552,7.938194e-01,,4.619007e-05,56.00,0.078
2553,7.991783e-01,,4.598813e-05,56.00,0.081
2554,7.981126e-01,,4.578661e-05,48.00,0.078
2555,7.748833e-01,,4.558551e-05,48.00,0.085
2556,8.088993e-01,,4.538482e-05,48.00,0.081
2557,7.766160e-01,,4.518455e-05,58.00,0.092
2558,7.813240e-01,,4.498470e-05,58.00,0.081
2559,7.913150e-01,,4.478526e-05,47.00,0.084
2560,8.020697e-01,,4.458624e-05,47.00,0.080
2561,8.185939e-01,,4.438763e-05,52.00,0.085
2562,7.833133e-01,,4.418945e-05,52.00,0.087
2563,8.038600e-01,,4.399168e-05,52.00,0.085
2564,7.961410e-01,,4.379432e-05,54.00,0.081
2565,7.848847e-01,,4.359739e-05,54.00,0.088
2566,7.878686e-01,,4.340087e-05,47.00,0.083
2567,8.111239e-01,,4.320478e-05,47.00,0.083
2568,7.835355e-01,,4.300910e-05,58.00,0.080
2569,7.878226e-01,,4.281384e-05,58.00,0.082
2570,7.777321e-01,,4.261900e-05,58.00,0.080
2571,7.893187e-01,,4.242458e-05,50.00,0.082
2572,7.942912e-01,,4.223058e-05,50.00,0.078
2573,7.824119e-01,,4.203700e-05,50.00,0.083
2574,8.030860e-01,,4.184384e-05,50.00,0.078
2575,7.770555e-01,,4.165110e-05,50.00,0.082
2576,7.829534e-01,,4.145878e-05,52.00,0.082
2577,7.693627e-01,,4.126688e-05,52.00,0.078
2578,7.678598e-01,,4.107540e-05,47.00,0.082
2579,7.819021e-01,,4.088434e-05,47.00,0.082
2580,7.838888e-01,,4.069370e-05,47.00,0.080
2581,7.705739e-01,,4.050349e-05,60.00,0.083
2582,7.848511e-01,,4.031370e-05,60.00,0.079
2583,7.669870e-01,,4.012433e-05,47.00,0.087
2584,7.929868e-01,,3.993538e-05,47.00,0.080
2585,8.155512e-01,,3.974685e-05,54.00,0.086
2586,7.999785e-01,,3.955875e-05,54.00,0.081
2587,7.710113e-01,,3.937107e-05,54.00,0.084
2588,7.852685e-01,,3.918382e-05,49.00,0.083
2589,7.784389e-01,,3.899698e-05,49.00,0.085
2590,7.796040e-01,,3.881057e-05,47.00,0.079
2591,7.752375e-01,,3.862459e-05,47.00,0.083
2592,7.778790e-01,,3.843903e-05,47.00,0.082
2593,7.843346e-01,,3.825389e-05,58.00,0.087
2594,7.805951e-01,,3.806918e-05,58.00,0.079
2595,7.891766e-01,,3.788489e-05,48.00,0.078
2596,7.785647e-01,,3.770103e-05,48.00,0.077
2597,7.965389e-01,,3.751759e-05,48.00,0.082
2598,7.748860e-01,,3.733458e-05,59.00,0.081
2599,8.082384e-01,1.241294e+00,3.715199e-05,59.00,0.095
2600,8.007247e-01,,3.696983e-05,30.00,0.079
2601,8.177815e-01,,3.678810e-05,30.00,0.078
2602,8.044585e-01,,3.660679e-05,30.00,0.080
2603,7.757391e-01,,3.642591e-05,48.00,0.077
2604,7.841181e-01,,3.624545e-05,48.00,0.077
2605,7.814078e-01,,3.606542e-05,48.00,0.078
2606,7.858161e-01,,3.588582e-05,62.00,0.078
2607,7.714951e-01,,3.570665e-05,62.00,0.077
2608,7.733732e-01,,3.552790e-05,48.00,0.077
2609,7.753639e-01,,3.534958e-05,48.00,0.080
2610,7.815563e-01,,3.517169e-05,48.00,0.079
2611,7.827853e-01,,3.499423e-05,59.00,0.079
2612,7.712200e-01,,3.481720e-05,59.00,0.079
2613,7.870607e-01,,3.464059e-05,48.00,0.078
2614,7.601739e-01,,3.446441e-05,48.00,0.078
2615,7.789876e-01,,3.428867e-05,48.00,0.077
2616,7.773114e-01,,3.411335e-05,58.00,0.078
2617,7.834349e-01,,3.393846e-05,58.00,0.078
2618,7.718511e-01,,3.376400e-05,51.00,0.078
2619,7.820302e-01,,3.358997e-05,51.00,0.078
2620,7.683500e-01,,3.341637e-05,51.00,0.078
2621,8.089562e-01,,3.324320e-05,54.00,0.079
2622,7.767553e-01,,3.307046e-05,54.00,0.077
2623,7.971519e-01,,3.289815e-05,55.00,0.079
2624,7.796486e-01,,3.272627e-05,55.00,0.078
2625,7.809612e-01,,3.255482e-05,55.00,0.079
2626,8.063915e-01,,3.238381e-05,50.00,0.078
2627,8.081507e-01,,3.221322e-05,50.00,0.078
2628,7.781249e-01,,3.204307e-05,60.00,0.078
2629,7.991036e-01,,3.187335e-05,60.00,0.079
2630,8.211795e-01,,3.170406e-05,60.00,0.079
2631,7.861895e-01,,3.153521e-05,50.00,0.078
2632,7.897109e-01,,3.136678e-05,50.00,0.077
2633,8.127368e-01,,3.119879e-05,62.00,0.078
2634,7.800457e-01,,3.103123e-05,62.00,0.079
2635,7.818155e-01,,3.086411e-05,62.00,0.077
2636,7.892509e-01,,3.069741e-05,48.00,0.078
2637,7.639746e-01,,3.053115e-05,48.00,0.078
2638,8.125419e-01,,3.036533e-05,48.00,0.079
2639,7.949263e-01,,3.019994e-05,61.00,0.078
2640,7.694556e-01,,3.003498e-05,61.00,0.079
2641,7.759087e-01,,2.987046e-05,48.00,0.078
2642,7.981568e-01,,2.970637e-05,48.00,0.079
2643,7.870004e-01,,2.954271e-05,48.00,0.078
2644,7.824151e-01,,2.937949e-05,62.00,0.079
2645,7.785400e-01,,2.921671e-05,62.00,0.078
2646,7.841206e-01,,2.905436e-05,48.00,0.077
2647,7.689815e-01,,2.889244e-05,48.00,0.076
2648,8.001391e-01,,2.873096e-05,48.00,0.078
2649,7.736226e-01,,2.856992e-05,60.00,0.078
2650,7.741762e-01,,2.840931e-05,60.00,0.078
2651,7.776236e-01,,2.824914e-05,49.00,0.077
2652,7.726238e-01,,2.808941e-05,49.00,0.076
2653,7.710575e-01,,2.793011e-05,49.00,0.077
2654,7.641565e-01,,2.777125e-05,54.00,0.078
2655,7.595820e-01,,2.761282e-05,54.00,0.077
2656,8.034595e-01,,2.745483e-05,59.00,0.078
2657,7.873477e-01,,2.729728e-05,59.00,0.077
2658,7.802912e-01,,2.714017e-05,59.00,0.079
2659,7.663689e-01,,2.698349e-05,50.00,0.078
2660,7.653067e-01,,2.682725e-05,50.00,0.080
2661,7.913465e-01,,2.667145e-05,62.00,0.078
2662,7.627183e-01,,2.651609e-05,62.00,0.078
2663,7.708779e-01,,2.636117e-05,62.00,0.077
2664,7.604518e-01,,2.620668e-05,48.00,0.077
2665,7.615571e-01,,2.605263e-05,48.00,0.077
2666,7.605140e-01,,2.589903e-05,48.00,0.080
2667,7.653054e-01,,2.574586e-05,61.00,0.077
2668,7.644949e-01,,2.559313e-05,61.00,0.079
2669,7.750766e-01,,2.544084e-05,48.00,0.078
2670,7.740403e-01,,2.528899e-05,48.00,0.079
2671,7.698362e-01,,2.513758e-05,48.00,0.078
2672,7.701185e-01,,2.498661e-05,63.00,0.077
2673,7.778381e-01,,2.483607e-05,63.00,0.077
2674,7.625883e-01,,2.468598e-05,48.00,0.077
2675,7.800577e-01,,2.453633e-05,48.00,0.078
2676,7.816092e-01,,2.438712e-05,48.00,0.078
2677,7.670743e-01,,2.423836e-05,56.00,0.079
2678,7.558849e-01,,2.409003e-05,56.00,0.078
2679,7.860770e-01,,2.394214e-05,51.00,0.078
2680,7.804666e-01,,2.379470e-05,51.00,0.077
2681,7.619655e-01,,2.364769e-05,51.00,0.078
2682,7.632719e-01,,2.350113e-05,53.00,0.077
2683,7.587274e-01,,2.335501e-05,53.00,0.078
2684,7.880334e-01,,2.320933e-05,57.00,0.079
2685,7.754943e-01,,2.306410e-05,57.00,0.077
2686,7.618416e-01,,2.291930e-05,57.00,0.078
2687,7.682325e-01,,2.277495e-05,50.00,0.078
2688,7.736110e-01,,2.263104e-05,50.00,0.077
2689,7.781408e-01,,2.248758e-05,64.00,0.076
2690,8.010909e-01,,2.234455e-05,64.00,0.077
2691,7.719252e-01,,2.220197e-05,64.00,0.078
2692,7.729317e-01,,2.205984e-05,48.00,0.079
2693,7.748816e-01,,2.191815e-05,48.00,0.078
2694,7.615217e-01,,2.177690e-05,48.00,0.078
2695,7.682193e-01,,2.163609e-05,62.00,0.078
2696,7.981500e-01,,2.149573e-05,62.00,0.078
2697,7.513354e-01,,2.135581e-05,48.00,0.079
2698,7.787780e-01,,2.121634e-05,48.00,0.077
2699,7.631388e-01,1.192968e+00,2.107731e-05,63.00,0.229
2700,7.550001e-01,,2.093873e-05,0.00,0.081
2701,7.667077e-01,,2.080059e-05,0.00,0.078
2702,7.804520e-01,,2.066290e-05,61.00,0.077
2703,7.981295e-01,,2.052565e-05,61.00,0.076
2704,7.927550e-01,,2.038885e-05,48.00,0.077
2705,7.746430e-01,,2.025249e-05,48.00,0.076
2706,7.645020e-01,,2.011658e-05,48.00,0.076
2707,7.681861e-01,,1.998111e-05,61.00,0.076
2708,7.683588e-01,,1.984609e-05,61.00,0.076
2709,7.691181e-01,,1.971152e-05,54.00,0.076
2710,7.575032e-01,,1.957739e-05,54.00,0.076
2711,7.845870e-01,,1.944371e-05,54.00,0.076
2712,7.983392e-01,,1.931048e-05,51.00,0.076
2713,7.891438e-01,,1.917769e-05,51.00,0.076
2714,7.731553e-01,,1.904535e-05,51.00,0.076
2715,7.750432e-01,,1.891346e-05,64.00,0.076
2716,7.910584e-01,,1.878201e-05,64.00,0.076
2717,7.615116e-01,,1.865101e-05,49.00,0.076
2718,7.671288e-01,,1.852046e-05,49.00,0.076
2719,7.630097e-01,,1.839036e-05,49.00,0.076
2720,7.624322e-01,,1.826070e-05,59.00,0.076
2721,7.925260e-01,,1.813149e-05,59.00,0.076
2722,7.685320e-01,,1.800273e-05,57.00,0.076
2723,7.591767e-01,,1.787442e-05,57.00,0.076
2724,7.494311e-01,,1.774656e-05,57.00,0.076
2725,7.736558e-01,,1.761914e-05,50.00,0.076
2726,7.779336e-01,,1.749218e-05,50.00,0.076
2727,7.920684e-01,,1.736566e-05,50.00,0.076
2728,7.665098e-01,,1.723959e-05,64.00,0.076
2729,7.546785e-01,,1.711397e-05,64.00,0.077
2730,7.680537e-01,,1.698880e-05,49.00,0.076
2731,7.724193e-01,,1.686408e-05,49.00,0.076
2732,7.660915e-01,,1.673981e-05,49.00,0.076
2733,7.654777e-01,,1.661599e-05,58.00,0.076
2734,7.608451e-01,,1.649262e-05,58.00,0.076
2735,7.800944e-01,,1.636970e-05,60.00,0.076
2736,7.735963e-01,,1.624723e-05,60.00,0.076
2737,7.582789e-01,,1.612521e-05,60.00,0.076
2738,7.719280e-01,,1.600364e-05,50.00,0.076
2739,7.680891e-01,,1.588253e-05,50.00,0.076
2740,7.633007e-01,,1.576186e-05,50.00,0.076
2741,7.822848e-01,,1.564164e-05,65.00,0.076
2742,7.885540e-01,,1.552187e-05,65.00,0.076
2743,7.716370e-01,,1.540256e-05,49.00,0.076
2744,7.696950e-01,,1.528370e-05,49.00,0.076
2745,8.016358e-01,,1.516529e-05,49.00,0.076
2746,7.579204e-01,,1.504732e-05,55.00,0.076
2747,7.678420e-01,,1.492982e-05,55.00,0.076
2748,7.723639e-01,,1.481276e-05,55.00,0.076
2749,7.565476e-01,,1.469616e-05,63.00,0.076
2750,7.883574e-01,,1.458000e-05,63.00,0.076
2751,7.725140e-01,,1.446430e-05,49.00,0.076
2752,7.743008e-01,,1.434906e-05,49.00,0.076
2753,7.610544e-01,,1.423426e-05,49.00,0.076
2754,7.556752e-01,,1.411992e-05,64.00,0.076
2755,7.570698e-01,,1.400603e-05,64.00,0.076
2756,7.674105e-01,,1.389259e-05,51.00,0.076
2757,7.503586e-01,,1.377961e-05,51.00,0.076
2758,7.527335e-01,,1.366708e-05,51.00,0.076
2759,7.806983e-01,,1.355500e-05,53.00,0.076
2760,7.588961e-01,,1.344338e-05,53.00,0.076
2761,7.857158e-01,,1.333221e-05,53.00,0.076
2762,7.528393e-01,,1.322149e-05,64.00,0.076
2763,7.591907e-01,,1.311123e-05,64.00,0.076
2764,7.560812e-01,,1.300142e-05,49.00,0.076
2765,7.666599e-01,,1.289207e-05,49.00,0.076
2766,7.661762e-01,,1.278317e-05,49.00,0.076
2767,7.578005e-01,,1.267473e-05,62.00,0.076
2768,7.575725e-01,,1.256674e-05,62.00,0.076
2769,7.716984e-01,,1.245920e-05,55.00,0.076
2770,7.649032e-01,,1.235212e-05,55.00,0.076
2771,7.596667e-01,,1.224549e-05,55.00,0.076
2772,7.646406e-01,,1.213932e-05,51.00,0.076
2773,7.875798e-01,,1.203361e-05,51.00,0.076
2774,7.637967e-01,,1.192835e-05,51.00,0.076
2775,7.683820e-01,,1.182354e-05,65.00,0.076
2776,7.603426e-01,,1.171919e-05,65.00,0.076
2777,7.585227e-01,,1.161530e-05,49.00,0.076
2778,7.601234e-01,,1.151186e-05,49.00,0.076
2779,7.635748e-01,,1.140888e-05,49.00,0.077
2780,7.486949e-01,,1.130635e-05,58.00,0.076
2781,7.476880e-01,,1.120428e-05,58.00,0.076
2782,7.642465e-01,,1.110267e-05,58.00,0.076
2783,7.664998e-01,,1.100151e-05,58.00,0.076
2784,7.661977e-01,,1.090081e-05,58.00,0.076
2785,7.672713e-01,,1.080057e-05,51.00,0.076
2786,7.505400e-01,,1.070078e-05,51.00,0.076
2787,7.760198e-01,,1.060145e-05,51.00,0.076
2788,7.553121e-01,,1.050257e-05,64.00,0.076
2789,7.579064e-01,,1.040416e-05,64.00,0.075
2790,7.903409e-01,,1.030620e-05,49.00,0.076
2791,7.424844e-01,,1.020870e-05,49.00,0.076
2792,7.578629e-01,,1.011165e-05,49.00,0.076
2793,7.496061e-01,,1.001507e-05,57.00,0.076
2794,7.667759e-01,,9.918936e-06,57.00,0.076
2795,7.528517e-01,,9.823264e-06,57.00,0.076
2796,7.573940e-01,,9.728051e-06,62.00,0.076
2797,7.625310e-01,,9.633295e-06,62.00,0.076
2798,7.582157e-01,,9.538998e-06,49.00,0.076
2799,7.716966e-01,1.271363e+00,9.445159e-06,49.00,0.084
2800,7.606685e-01,,9.351778e-06,0.00,0.078
2801,7.505269e-01,,9.258855e-06,51.00,0.077
2802,7.876994e-01,,9.166391e-06,51.00,0.077
2803,7.489819e-01,,9.074386e-06,51.00,0.076
2804,7.637535e-01,,8.982840e-06,52.00,0.076
2805,7.910877e-01,,8.891752e-06,52.00,0.076
2806,7.655875e-01,,8.801124e-06,52.00,0.076
2807,7.504268e-01,,8.710954e-06,64.00,0.076
2808,7.690200e-01,,8.621244e-06,64.00,0.076
2809,7.592973e-01,,8.531993e-06,49.00,0.076
2810,7.491865e-01,,8.443201e-06,49.00,0.076
2811,7.535163e-01,,8.354869e-06,49.00,0.076
2812,7.846844e-01,,8.266997e-06,62.00,0.075
2813,7.742359e-01,,8.179584e-06,62.00,0.076
2814,7.545634e-01,,8.092631e-06,54.00,0.076
2815,7.506535e-01,,8.006138e-06,54.00,0.076
2816,7.617765e-01,,7.920106e-06,54.00,0.076
2817,7.551577e-01,,7.834533e-06,51.00,0.076
2818,7.613116e-01,,7.749420e-06,51.00,0.076
2819,7.589615e-01,,7.664768e-06,51.00,0.076
2820,7.648788e-01,,7.580576e-06,64.00,0.076
2821,7.451307e-01,,7.496845e-06,64.00,0.076
2822,7.967744e-01,,7.413574e-06,49.00,0.076
2823,7.522373e-01,,7.330764e-06,49.00,0.076
2824,7.569211e-01,,7.248415e-06,49.00,0.080
2825,7.636565e-01,,7.166527e-06,58.00,0.076
2826,7.524759e-01,,7.085100e-06,58.00,0.076
2827,7.590200e-01,,7.004134e-06,53.00,0.077
2828,7.596631e-01,,6.923629e-06,53.00,0.076
2829,7.685424e-01,,6.843585e-06,53.00,0.076
2830,7.498188e-01,,6.764003e-06,50.00,0.076
2831,7.774426e-01,,6.684882e-06,50.00,0.076
2832,7.588572e-01,,6.606223e-06,50.00,0.076
2833,7.549759e-01,,6.528026e-06,64.00,0.076
2834,7.601467e-01,,6.450290e-06,64.00,0.076
2835,7.566906e-01,,6.373016e-06,49.00,0.076
2836,7.786586e-01,,6.296204e-06,49.00,0.076
2837,7.609083e-01,,6.219854e-06,49.00,0.076
2838,7.523785e-01,,6.143967e-06,59.00,0.076
2839,7.832304e-01,,6.068541e-06,59.00,0.076
2840,7.952676e-01,,5.993578e-06,56.00,0.076
2841,7.601976e-01,,5.919077e-06,56.00,0.076
2842,7.519789e-01,,5.845039e-06,56.00,0.076
2843,7.941006e-01,,5.771463e-06,51.00,0.076
2844,7.633488e-01,,5.698350e-06,51.00,0.076
2845,7.565076e-01,,5.625699e-06,51.00,0.076
2846,7.662408e-01,,5.553512e-06,64.00,0.076
2847,7.619107e-01,,5.481787e-06,64.00,0.076
2848,7.859496e-01,,5.410525e-06,49.00,0.076
2849,7.575484e-01,,5.339726e-06,49.00,0.076
2850,7.634436e-01,,5.269391e-06,49.00,0.076
2851,7.902247e-01,,5.199519e-06,58.00,0.076
2852,7.459413e-01,,5.130110e-06,58.00,0.076
2853,7.586746e-01,,5.061164e-06,58.00,0.076
2854,7.468524e-01,,4.992682e-06,59.00,0.076
2855,7.934488e-01,,4.924664e-06,59.00,0.076
2856,7.561659e-01,,4.857109e-06,50.00,0.076
2857,7.544246e-01,,4.790018e-06,50.00,0.076
2858,7.524540e-01,,4.723390e-06,50.00,0.076
2859,7.471420e-01,,4.657227e-06,65.00,0.076
2860,7.594864e-01,,4.591528e-06,65.00,0.076
2861,7.538451e-01,,4.526292e-06,48.00,0.080
2862,7.662073e-01,,4.461521e-06,48.00,0.076
2863,7.863470e-01,,4.397214e-06,48.00,0.076
2864,7.575741e-01,,4.333371e-06,58.00,0.076
2865,7.520103e-01,,4.269992e-06,58.00,0.076
2866,7.737642e-01,,4.207078e-06,58.00,0.076
2867,7.633479e-01,,4.144628e-06,60.00,0.076
2868,7.543954e-01,,4.082643e-06,60.00,0.076
2869,7.581746e-01,,4.021123e-06,50.00,0.076
2870,7.535759e-01,,3.960067e-06,50.00,0.076
2871,7.883019e-01,,3.899476e-06,50.00,0.076
2872,7.561712e-01,,3.839350e-06,64.00,0.076
2873,7.580955e-01,,3.779689e-06,64.00,0.076
2874,7.694250e-01,,3.720493e-06,49.00,0.077
2875,7.491306e-01,,3.661761e-06,49.00,0.076
2876,7.623674e-01,,3.603495e-06,49.00,0.076
2877,7.593019e-01,,3.545694e-06,56.00,0.076
2878,7.450797e-01,,3.488359e-06,56.00,0.076
2879,7.529725e-01,,3.431489e-06,56.00,0.076
2880,7.840617e-01,,3.375084e-06,62.00,0.076
2881,7.588123e-01,,3.319144e-06,62.00,0.076
2882,7.653932e-01,,3.263670e-06,49.00,0.076
2883,7.491934e-01,,3.208662e-06,49.00,0.076
2884,7.543678e-01,,3.154119e-06,49.00,0.076
2885,7.500756e-01,,3.100043e-06,65.00,0.076
2886,7.445370e-01,,3.046431e-06,65.00,0.076
2887,7.504705e-01,,2.993286e-06,51.00,0.076
2888,7.566863e-01,,2.940607e-06,51.00,0.076
2889,7.637538e-01,,2.888393e-06,51.00,0.076
2890,7.680498e-01,,2.836646e-06,53.00,0.076
2891,7.577251e-01,,2.785365e-06,53.00,0.076
2892,7.879540e-01,,2.734550e-06,53.00,0.076
2893,7.698363e-01,,2.684201e-06,65.00,0.076
2894,7.593927e-01,,2.634318e-06,65.00,0.076
2895,7.645994e-01,,2.584902e-06,49.00,0.076
2896,7.559429e-01,,2.535952e-06,49.00,0.076
2897,7.759609e-01,,2.487468e-06,49.00,0.076
2898,7.462421e-01,,2.439451e-06,62.00,0.076
2899,7.593682e-01,1.204642e+00,2.391901e-06,62.00,0.084
2900,7.697276e-01,,2.344817e-06,0.00,0.078
2901,7.558456e-01,,2.298200e-06,45.00,0.077
2902,7.546829e-01,,2.252050e-06,45.00,0.076
2903,7.546895e-01,,2.206366e-06,45.00,0.076
2904,7.556798e-01,,2.161149e-06,61.00,0.076
2905,7.606281e-01,,2.116399e-06,61.00,0.076
2906,7.617750e-01,,2.072116e-06,49.00,0.076
2907,7.449190e-01,,2.028300e-06,49.00,0.076
2908,7.691678e-01,,1.984951e-06,49.00,0.076
2909,7.454673e-01,,1.942070e-06,65.00,0.076
2910,7.533550e-01,,1.899655e-06,65.00,0.076
2911,7.705525e-01,,1.857707e-06,51.00,0.076
2912,7.549103e-01,,1.816227e-06,51.00,0.076
2913,7.559134e-01,,1.775214e-06,51.00,0.076
2914,7.647612e-01,,1.734669e-06,53.00,0.076
2915,7.516852e-01,,1.694590e-06,53.00,0.076
2916,7.459760e-01,,1.654979e-06,53.00,0.076
2917,7.676714e-01,,1.615836e-06,64.00,0.076
2918,7.650477e-01,,1.577160e-06,64.00,0.076
2919,7.585539e-01,,1.538952e-06,49.00,0.076
2920,7.540339e-01,,1.501211e-06,49.00,0.076
2921,7.481495e-01,,1.463939e-06,49.00,0.076
2922,7.404851e-01,,1.427133e-06,61.00,0.076
2923,7.476840e-01,,1.390796e-06,61.00,0.076
2924,7.722090e-01,,1.354926e-06,61.00,0.076
2925,7.587567e-01,,1.319524e-06,55.00,0.076
2926,7.642690e-01,,1.284590e-06,55.00,0.076
2927,7.423255e-01,,1.250124e-06,51.00,0.076
2928,7.510657e-01,,1.216126e-06,51.00,0.076
2929,7.483548e-01,,1.182596e-06,51.00,0.076
2930,7.536568e-01,,1.149534e-06,64.00,0.076
2931,7.538280e-01,,1.116940e-06,64.00,0.076
2932,7.504209e-01,,1.084814e-06,49.00,0.076
2933,7.860581e-01,,1.053156e-06,49.00,0.076
2934,7.454298e-01,,1.021966e-06,49.00,0.076
2935,7.473867e-01,,9.912450e-07,58.00,0.076
2936,7.502086e-01,,9.609919e-07,58.00,0.076
2937,7.404448e-01,,9.312071e-07,58.00,0.076
2938,7.574656e-01,,9.018906e-07,59.00,0.076
2939,7.696128e-01,,8.730425e-07,59.00,0.076
2940,7.536058e-01,,8.446627e-07,50.00,0.076
2941,7.513139e-01,,8.167515e-07,50.00,0.076
2942,7.560850e-01,,7.893086e-07,50.00,0.076
2943,7.962221e-01,,7.623343e-07,65.00,0.077
2944,7.595363e-01,,7.358285e-07,65.00,0.076
2945,7.448130e-01,,7.097913e-07,48.00,0.076
2946,7.523400e-01,,6.842226e-07,48.00,0.076
2947,7.599901e-01,,6.591226e-07,48.00,0.076
2948,7.443845e-01,,6.344912e-07,56.00,0.076
2949,7.561479e-01,,6.103285e-07,56.00,0.076
2950,7.592170e-01,,5.866345e-07,56.00,0.076
2951,7.559409e-01,,5.634092e-07,60.00,0.076
2952,7.507268e-01,,5.406527e-07,60.00,0.076
2953,7.545826e-01,,5.183650e-07,49.00,0.076
2954,7.436588e-01,,4.965461e-07,49.00,0.076
2955,7.677107e-01,,4.751960e-07,49.00,0.076
2956,7.564272e-01,,4.543148e-07,65.00,0.076
2957,7.523205e-01,,4.339025e-07,65.00,0.076
2958,7.507789e-01,,4.139591e-07,50.00,0.076
2959,7.482829e-01,,3.944846e-07,50.00,0.076
2960,7.660339e-01,,3.754791e-07,50.00,0.076
2961,7.558662e-01,,3.569426e-07,54.00,0.076
2962,7.568908e-01,,3.388751e-07,54.00,0.076
2963,7.566473e-01,,3.212766e-07,54.00,0.076
2964,7.546687e-01,,3.041471e-07,64.00,0.076
2965,7.440703e-01,,2.874867e-07,64.00,0.076
2966,7.440491e-01,,2.712954e-07,49.00,0.076
2967,7.641935e-01,,2.555732e-07,49.00,0.076
2968,7.761584e-01,,2.403202e-07,49.00,0.077
2969,7.425664e-01,,2.255362e-07,62.00,0.076
2970,7.477662e-01,,2.112215e-07,62.00,0.076
2971,7.666396e-01,,1.973759e-07,62.00,0.076
2972,7.553758e-01,,1.839994e-07,53.00,0.076
2973,7.668846e-01,,1.710922e-07,53.00,0.076
2974,7.476866e-01,,1.586543e-07,51.00,0.076
2975,7.474102e-01,,1.466855e-07,51.00,0.076
2976,7.896174e-01,,1.351860e-07,51.00,0.076
2977,7.601356e-01,,1.241558e-07,64.00,0.076
2978,7.468857e-01,,1.135948e-07,64.00,0.076
2979,7.525681e-01,,1.035032e-07,49.00,0.076
2980,7.444362e-01,,9.388079e-08,49.00,0.076
2981,7.688769e-01,,8.472774e-08,49.00,0.076
2982,7.526507e-01,,7.604401e-08,60.00,0.076
2983,7.594906e-01,,6.782961e-08,60.00,0.076
2984,7.770009e-01,,6.008455e-08,60.00,0.076
2985,7.424667e-01,,5.280885e-08,57.00,0.076
2986,7.721547e-01,,4.600251e-08,57.00,0.076
2987,7.612128e-01,,3.966553e-08,51.00,0.075
2988,7.510250e-01,,3.379793e-08,51.00,0.076
2989,7.530203e-01,,2.839971e-08,51.00,0.076
2990,7.572528e-01,,2.347089e-08,65.00,0.076
2991,7.560520e-01,,1.901145e-08,65.00,0.076
2992,7.528581e-01,,1.502142e-08,49.00,0.076
2993,7.668093e-01,,1.150079e-08,49.00,0.077
2994,7.577762e-01,,8.449572e-09,49.00,0.076
2995,7.605636e-01,,5.867765e-09,57.00,0.076
2996,7.533570e-01,,3.755373e-09,57.00,0.076
2997,7.627608e-01,,2.112399e-09,57.00,0.076
2998,7.420349e-01,,9.388443e-10,61.00,0.076
2999,7.617813e-01,1.275513e+00,2.347111e-10,61.00,0.084
